#
# A fatal error has been detected by the Java Runtime Environment:
#
#  SIGSEGV (0xb) at pc=0x00000001a15ff994, pid=60668, tid=119131
#
# JRE version: OpenJDK Runtime Environment Temurin-25.0.1+8 (25.0.1+8) (build 25.0.1+8-LTS)
# Java VM: OpenJDK 64-Bit Server VM Temurin-25.0.1+8 (25.0.1+8-LTS, mixed mode, sharing, tiered, compressed oops, compressed class ptrs, g1 gc, bsd-aarch64)
# Problematic frame:
# C  [CoreVideo+0x1994]  CVHWTime::reset()+0x40
#
# No core dump will be written. Core dumps have been disabled. To enable core dumping, try "ulimit -c unlimited" before starting Java again
#
# If you would like to submit a bug report, please visit:
#   https://github.com/adoptium/adoptium-support/issues
#

---------------  S U M M A R Y ------------

Command Line: --enable-preview -XX:+ShowCodeDetailsInExceptionMessages pws.editor.PWSEditor

Host: "Mac16,1" arm64, 10 cores, 24G, Darwin 24.6.0, macOS 15.7.5 (24G624)
Time: Thu May 28 14:07:26 2026 CEST elapsed time: 2431.307730 seconds (0d 0h 40m 31s)

---------------  T H R E A D  ---------------

Current thread is native thread

Stack: [0x0000000337dd8000,0x0000000337e5b000],  sp=0x0000000337e5adc0,  free space=523k
Native frames: (J=compiled Java code, j=interpreted, Vv=VM code, C=native code)
C  [CoreVideo+0x1994]  CVHWTime::reset()+0x40
C  [CoreVideo+0x2474]  CVXTime::reset()+0x34
C  [CoreVideo+0x2198]  CVDisplayLink::runIOThread()+0xb0
C  [libsystem_pthread.dylib+0x6bc8]  _pthread_start+0x88

siginfo: si_signo: 11 (SIGSEGV), si_code: 2 (SEGV_ACCERR), si_addr: 0x00000000000001c8

Registers:
 x0=0x0000000000000000  x1=0x00000001a1618e08  x2=0x0000000000000000  x3=0x0001fd2f0001d15b
 x4=0x00000e2100000000  x5=0x0001fd2f00000000  x6=0x000000000000002c  x7=0x0000000000000000
 x8=0x0000000000000000  x9=0x000000000000fffb x10=0x0000000144e51850 x11=0x00000000006f6ceb
x12=0x0000010000000100 x13=0x0000010000000102 x14=0x0000000000000000 x15=0x0000000000000000
x16=0x0000000197c5ba58 x17=0x0000000206c57ab8 x18=0x0000000000000000 x19=0x0000000143a06038
x20=0x000000000001d15b x21=0x0000000000000000 x22=0x0000000000000000 x23=0x0000000000000000
x24=0x0000000000000000 x25=0x0000000000000000 x26=0x0000000000000000 x27=0x0000000000000000
x28=0x0000000000000000  fp=0x0000000337e5ade0  lr=0x00000001a15ff984  sp=0x0000000337e5adc0
pc=0x00000001a15ff994 cpsr=0x0000000080000000

Top of Stack: (sp=0x0000000337e5adc0)
0x0000000337e5adc0:   0000000143a06038 0000000000000000   8`.C............
0x0000000337e5add0:   000000000001d15b 0000000143a06030   [.......0`.C....
0x0000000337e5ade0:   0000000337e5ae10 00000001a1600474   ...7....t.`.....
0x0000000337e5adf0:   0000000143a06030 0000000197c23f8c   0`.C.....?......
0x0000000337e5ae00:   000000000001d15b 0000000144e51820   [....... ..D....
0x0000000337e5ae10:   0000000337e5afc0 00000001a1600198   ...7......`.....
0x0000000337e5ae20:   0000000000000017 0000000000000000   ................
0x0000000337e5ae30:   0000000000000000 0000000000000000   ................
0x0000000337e5ae40:   0000000000000000 0000000000000000   ................
0x0000000337e5ae50:   0000000000000000 0000000000000000   ................
0x0000000337e5ae60:   0000000000000000 0000000000000000   ................
0x0000000337e5ae70:   0000000000000000 0000000000000000   ................
0x0000000337e5ae80:   00000002014044d0 0000ecfc00000000   .D@.............
0x0000000337e5ae90:   000001f50000e58f 000001f500000014   ................
0x0000000337e5aea0:   000001f500000014 0000000000000014   ................
0x0000000337e5aeb0:   65682d006176616a 000000007265706c   java.-helper....
0x0000000337e5aec0:   65682d006176616a 000000007265706c   java.-helper....
0x0000000337e5aed0:   0000000000000000 0000000000000000   ................
0x0000000337e5aee0:   0000ecfc00000019 1000000200000001   ................
0x0000000337e5aef0:   000000000000ecfc 000000006a18267e   ........~&.j....
0x0000000337e5af00:   00000000000d24be 00000064c1554000   .$.......@U.d...
0x0000000337e5af10:   000000001ddf0000 0000000d15e39dd3   ................
0x0000000337e5af20:   00000007a69206ce 0000000d1113d609   ................
0x0000000337e5af30:   00000007a5aa8823 0001357d00000001   #...........}5..
0x0000000337e5af40:   000004d20000000c 031ef71a033a4a49   ........IJ:.....
0x0000000337e5af50:   2171fcfc00cb42dc 000000310cac3772   .B....q!r7..1...
0x0000000337e5af60:   0000001f00000007 45ece250039d00f1   ............P..E
0x0000000337e5af70:   0000000000000000 0000000000000000   ................
0x0000000337e5af80:   0000000000000000 0000000000000000   ................
0x0000000337e5af90:   0000000000000000 0000000000000000   ................
0x0000000337e5afa0:   0000000000000000 0000000000000000   ................
0x0000000337e5afb0:   0000000000000000 0000000337e5b000   ...........7....

Instructions: (pc=0x00000001a15ff994)
  0x00000001a15ff894:   02 01 40 f9 6e 1f 01 94 7f 36 01 f9 48 00 80 52
  0x00000001a15ff8a4:   68 3a 01 f9 28 00 80 52 68 42 00 39 a8 83 5e f8
  0x00000001a15ff8b4:   e9 0e 2f b0 29 41 40 f9 29 01 40 f9 3f 01 08 eb
  0x00000001a15ff8c4:   c1 00 00 54 e0 03 13 aa fd 7b 46 a9 f4 4f 45 a9
  0x00000001a15ff8d4:   ff c3 01 91 ff 0f 5f d6 b9 21 01 94 f3 03 00 aa
  0x00000001a15ff8e4:   e0 03 14 aa 1e 22 01 94 02 00 00 14 f3 03 00 aa
  0x00000001a15ff8f4:   e0 03 13 aa 9e 21 01 94 7f 23 03 d5 f4 4f be a9
  0x00000001a15ff904:   fd 7b 01 a9 fd 43 00 91 f3 03 00 aa 01 84 00 f8
  0x00000001a15ff914:   0a 00 00 94 7f 26 00 f9 7f 52 00 b9 7f fe 05 a9
  0x00000001a15ff924:   60 22 00 91 0b 00 00 94 e0 03 13 aa fd 7b 41 a9
  0x00000001a15ff934:   f4 4f c2 a8 ff 0f 5f d6 28 e4 40 f9 01 20 00 a9
  0x00000001a15ff944:   00 e4 00 6f 00 c0 82 3c 00 80 00 ad c0 03 5f d6
  0x00000001a15ff954:   7f 23 03 d5 ff c3 00 d1 f4 4f 01 a9 fd 7b 02 a9
  0x00000001a15ff964:   fd 83 00 91 f3 03 00 aa 08 14 40 f9 e0 23 00 a9
  0x00000001a15ff974:   e1 02 00 90 21 f8 2e 91 80 00 80 52 e3 64 00 94
  0x00000001a15ff984:   e0 03 67 9e 00 40 60 1e 60 82 82 3c 68 02 40 f9
=>0x00000001a15ff994:   08 e5 40 f9 7f 3a 00 b9 68 fe 00 a9 7f fe 01 a9
  0x00000001a15ff9a4:   fd 7b 42 a9 f4 4f 41 a9 ff c3 00 91 ff 0f 5f d6
  0x00000001a15ff9b4:   7f 23 03 d5 ff 43 01 d1 f8 5f 01 a9 f6 57 02 a9
  0x00000001a15ff9c4:   f4 4f 03 a9 fd 7b 04 a9 fd 03 01 91 f4 03 01 aa
  0x00000001a15ff9d4:   f3 03 00 aa e0 03 01 aa ad 1f 01 94 f5 03 00 aa
  0x00000001a15ff9e4:   28 7d 80 52 68 de 00 f9 e8 02 00 b0 00 05 44 fd
  0x00000001a15ff9f4:   60 e2 00 fd 28 10 31 f0 08 15 00 91 08 01 40 39
  0x00000001a15ffa04:   48 00 00 37 59 00 00 94 28 10 31 d0 08 d1 3f 91
  0x00000001a15ffa14:   00 01 40 bd 00 d8 61 7e 28 10 31 d0 08 e1 3f 91
  0x00000001a15ffa24:   01 01 40 bd 21 d8 61 7e e8 02 00 b0 02 09 44 fd
  0x00000001a15ffa34:   40 18 60 1e 00 08 61 1e 08 00 79 9e 68 e6 00 f9
  0x00000001a15ffa44:   35 04 00 34 16 00 80 52 a8 26 d6 1a 88 00 00 37
  0x00000001a15ffa54:   d6 06 00 11 df 82 00 71 81 ff ff 54 f3 53 00 a9
  0x00000001a15ffa64:   61 02 00 90 21 3c 31 91 20 00 80 52 a7 64 00 94
  0x00000001a15ffa74:   60 62 00 91 ba 23 01 94 77 42 47 39 17 03 00 36
  0x00000001a15ffa84:   60 62 00 91 ba 23 01 94 70 02 40 f9 f8 03 13 aa



---------------  P R O C E S S  ---------------

VM state: not at safepoint (normal execution)

VM Mutex/Monitor currently owned by a thread: None

Heap address: 0x0000000680000000, size: 6144 MB, Compressed Oops mode: Zero based, Oop shift amount: 3

CDS archive(s) mapped at: [0x00000fff00000000-0x00000fff00d94000-0x00000fff00d94000), size 14237696, SharedBaseAddress: 0x00000fff00000000, ArchiveRelocationMode: 1.
Compressed class space mapped at: 0x00000fff01000000-0x00000fff41000000, reserved size: 1073741824
UseCompressedClassPointers 1, UseCompactObjectHeaders 0
Narrow klass pointer bits 32, Max shift 3
Narrow klass base: 0x00000fff00000000, Narrow klass shift: 0
Encoding Range: [0x00000fff00000000 - 0x0000100000000000), (4294967296 bytes)
Klass Range:    [0x00000fff00004000 - 0x00000fff41000000), (1090502656 bytes)
Klass ID Range:  [16384 - 1090519033) (1090502649)
Protection zone: [0x00000fff00000000 - 0x00000fff00004000), (16384 bytes)

GC Precious Log:
<Skipped>

Heap:
 garbage-first heap   total reserved 6291456K, committed 397312K, used 228704K [0x0000000680000000, 0x0000000800000000)
  region size 4096K, 53 young (217088K), 1 survivors (4096K)

Heap Regions: E=young(eden), S=young(survivor), O=old, HS=humongous(starts), HC=humongous(continues), CS=collection set, F=free, TAMS=top-at-mark-start, PB=parsable bottom
|   0|0x0000000680000000, 0x0000000680400000, 0x0000000680400000|100%| O|  |TAMS 0x0000000680000000| PB 0x0000000680000000| Untracked |  0
|   1|0x0000000680400000, 0x0000000680800000, 0x0000000680800000|100%| O|  |TAMS 0x0000000680400000| PB 0x0000000680400000| Untracked |  0
|   2|0x0000000680800000, 0x0000000680c00000, 0x0000000680c00000|100%| O|  |TAMS 0x0000000680800000| PB 0x0000000680800000| Untracked |  0
|   3|0x0000000680c00000, 0x0000000680e34820, 0x0000000681000000| 55%| O|  |TAMS 0x0000000680c00000| PB 0x0000000680c00000| Untracked |  0
|   4|0x0000000681000000, 0x0000000681000000, 0x0000000681400000|  0%| F|  |TAMS 0x0000000681000000| PB 0x0000000681000000| Untracked |  0
|   5|0x0000000681400000, 0x0000000681400000, 0x0000000681800000|  0%| F|  |TAMS 0x0000000681400000| PB 0x0000000681400000| Untracked |  0
|   6|0x0000000681800000, 0x0000000681800000, 0x0000000681c00000|  0%| F|  |TAMS 0x0000000681800000| PB 0x0000000681800000| Untracked |  0
|   7|0x0000000681c00000, 0x0000000681c00000, 0x0000000682000000|  0%| F|  |TAMS 0x0000000681c00000| PB 0x0000000681c00000| Untracked |  0
|   8|0x0000000682000000, 0x0000000682000000, 0x0000000682400000|  0%| F|  |TAMS 0x0000000682000000| PB 0x0000000682000000| Untracked |  0
|   9|0x0000000682400000, 0x0000000682400000, 0x0000000682800000|  0%| F|  |TAMS 0x0000000682400000| PB 0x0000000682400000| Untracked |  0
|  10|0x0000000682800000, 0x0000000682800000, 0x0000000682c00000|  0%| F|  |TAMS 0x0000000682800000| PB 0x0000000682800000| Untracked |  0
|  11|0x0000000682c00000, 0x0000000682c00000, 0x0000000683000000|  0%| F|  |TAMS 0x0000000682c00000| PB 0x0000000682c00000| Untracked |  0
|  12|0x0000000683000000, 0x0000000683000000, 0x0000000683400000|  0%| F|  |TAMS 0x0000000683000000| PB 0x0000000683000000| Untracked |  0
|  13|0x0000000683400000, 0x0000000683400000, 0x0000000683800000|  0%| F|  |TAMS 0x0000000683400000| PB 0x0000000683400000| Untracked |  0
|  14|0x0000000683800000, 0x0000000683800000, 0x0000000683c00000|  0%| F|  |TAMS 0x0000000683800000| PB 0x0000000683800000| Untracked |  0
|  15|0x0000000683c00000, 0x0000000683c00000, 0x0000000684000000|  0%| F|  |TAMS 0x0000000683c00000| PB 0x0000000683c00000| Untracked |  0
|  16|0x0000000684000000, 0x0000000684000000, 0x0000000684400000|  0%| F|  |TAMS 0x0000000684000000| PB 0x0000000684000000| Untracked |  0
|  17|0x0000000684400000, 0x0000000684400000, 0x0000000684800000|  0%| F|  |TAMS 0x0000000684400000| PB 0x0000000684400000| Untracked |  0
|  18|0x0000000684800000, 0x0000000684800000, 0x0000000684c00000|  0%| F|  |TAMS 0x0000000684800000| PB 0x0000000684800000| Untracked |  0
|  19|0x0000000684c00000, 0x0000000684c00000, 0x0000000685000000|  0%| F|  |TAMS 0x0000000684c00000| PB 0x0000000684c00000| Untracked |  0
|  20|0x0000000685000000, 0x0000000685000000, 0x0000000685400000|  0%| F|  |TAMS 0x0000000685000000| PB 0x0000000685000000| Untracked |  0
|  21|0x0000000685400000, 0x0000000685400000, 0x0000000685800000|  0%| F|  |TAMS 0x0000000685400000| PB 0x0000000685400000| Untracked |  0
|  22|0x0000000685800000, 0x0000000685800000, 0x0000000685c00000|  0%| F|  |TAMS 0x0000000685800000| PB 0x0000000685800000| Untracked |  0
|  23|0x0000000685c00000, 0x0000000685c00000, 0x0000000686000000|  0%| F|  |TAMS 0x0000000685c00000| PB 0x0000000685c00000| Untracked |  0
|  24|0x0000000686000000, 0x0000000686000000, 0x0000000686400000|  0%| F|  |TAMS 0x0000000686000000| PB 0x0000000686000000| Untracked |  0
|  25|0x0000000686400000, 0x0000000686400000, 0x0000000686800000|  0%| F|  |TAMS 0x0000000686400000| PB 0x0000000686400000| Untracked |  0
|  26|0x0000000686800000, 0x0000000686800000, 0x0000000686c00000|  0%| F|  |TAMS 0x0000000686800000| PB 0x0000000686800000| Untracked |  0
|  27|0x0000000686c00000, 0x0000000686c00000, 0x0000000687000000|  0%| F|  |TAMS 0x0000000686c00000| PB 0x0000000686c00000| Untracked |  0
|  28|0x0000000687000000, 0x0000000687000000, 0x0000000687400000|  0%| F|  |TAMS 0x0000000687000000| PB 0x0000000687000000| Untracked |  0
|  29|0x0000000687400000, 0x0000000687400000, 0x0000000687800000|  0%| F|  |TAMS 0x0000000687400000| PB 0x0000000687400000| Untracked |  0
|  30|0x0000000687800000, 0x0000000687800000, 0x0000000687c00000|  0%| F|  |TAMS 0x0000000687800000| PB 0x0000000687800000| Untracked |  0
|  31|0x0000000687c00000, 0x0000000687c00000, 0x0000000688000000|  0%| F|  |TAMS 0x0000000687c00000| PB 0x0000000687c00000| Untracked |  0
|  32|0x0000000688000000, 0x0000000688000000, 0x0000000688400000|  0%| F|  |TAMS 0x0000000688000000| PB 0x0000000688000000| Untracked |  0
|  33|0x0000000688400000, 0x0000000688400000, 0x0000000688800000|  0%| F|  |TAMS 0x0000000688400000| PB 0x0000000688400000| Untracked |  0
|  34|0x0000000688800000, 0x0000000688800000, 0x0000000688c00000|  0%| F|  |TAMS 0x0000000688800000| PB 0x0000000688800000| Untracked |  0
|  35|0x0000000688c00000, 0x0000000688c00000, 0x0000000689000000|  0%| F|  |TAMS 0x0000000688c00000| PB 0x0000000688c00000| Untracked |  0
|  36|0x0000000689000000, 0x0000000689000000, 0x0000000689400000|  0%| F|  |TAMS 0x0000000689000000| PB 0x0000000689000000| Untracked |  0
|  37|0x0000000689400000, 0x0000000689400000, 0x0000000689800000|  0%| F|  |TAMS 0x0000000689400000| PB 0x0000000689400000| Untracked |  0
|  38|0x0000000689800000, 0x0000000689804080, 0x0000000689c00000|  0%| S|CS|TAMS 0x0000000689800000| PB 0x0000000689800000| Complete |  0
|  39|0x0000000689c00000, 0x0000000689c00000, 0x000000068a000000|  0%| F|  |TAMS 0x0000000689c00000| PB 0x0000000689c00000| Untracked |  0
|  40|0x000000068a000000, 0x000000068a000000, 0x000000068a400000|  0%| F|  |TAMS 0x000000068a000000| PB 0x000000068a000000| Untracked |  0
|  41|0x000000068a400000, 0x000000068a400000, 0x000000068a800000|  0%| F|  |TAMS 0x000000068a400000| PB 0x000000068a400000| Untracked |  0
|  42|0x000000068a800000, 0x000000068a800000, 0x000000068ac00000|  0%| F|  |TAMS 0x000000068a800000| PB 0x000000068a800000| Untracked |  0
|  43|0x000000068ac00000, 0x000000068ac00000, 0x000000068b000000|  0%| F|  |TAMS 0x000000068ac00000| PB 0x000000068ac00000| Untracked |  0
|  44|0x000000068b000000, 0x000000068b400000, 0x000000068b400000|100%| E|  |TAMS 0x000000068b000000| PB 0x000000068b000000| Complete |  0
|  45|0x000000068b400000, 0x000000068b800000, 0x000000068b800000|100%| E|CS|TAMS 0x000000068b400000| PB 0x000000068b400000| Complete |  0
|  46|0x000000068b800000, 0x000000068bc00000, 0x000000068bc00000|100%| E|CS|TAMS 0x000000068b800000| PB 0x000000068b800000| Complete |  0
|  47|0x000000068bc00000, 0x000000068c000000, 0x000000068c000000|100%| E|CS|TAMS 0x000000068bc00000| PB 0x000000068bc00000| Complete |  0
|  48|0x000000068c000000, 0x000000068c400000, 0x000000068c400000|100%| E|CS|TAMS 0x000000068c000000| PB 0x000000068c000000| Complete |  0
|  49|0x000000068c400000, 0x000000068c800000, 0x000000068c800000|100%| E|CS|TAMS 0x000000068c400000| PB 0x000000068c400000| Complete |  0
|  50|0x000000068c800000, 0x000000068cc00000, 0x000000068cc00000|100%| E|CS|TAMS 0x000000068c800000| PB 0x000000068c800000| Complete |  0
|  51|0x000000068cc00000, 0x000000068d000000, 0x000000068d000000|100%| E|CS|TAMS 0x000000068cc00000| PB 0x000000068cc00000| Complete |  0
|  52|0x000000068d000000, 0x000000068d400000, 0x000000068d400000|100%| E|CS|TAMS 0x000000068d000000| PB 0x000000068d000000| Complete |  0
|  53|0x000000068d400000, 0x000000068d800000, 0x000000068d800000|100%| E|CS|TAMS 0x000000068d400000| PB 0x000000068d400000| Complete |  0
|  54|0x000000068d800000, 0x000000068dc00000, 0x000000068dc00000|100%| E|CS|TAMS 0x000000068d800000| PB 0x000000068d800000| Complete |  0
|  55|0x000000068dc00000, 0x000000068e000000, 0x000000068e000000|100%| E|CS|TAMS 0x000000068dc00000| PB 0x000000068dc00000| Complete |  0
|  56|0x000000068e000000, 0x000000068e400000, 0x000000068e400000|100%| E|CS|TAMS 0x000000068e000000| PB 0x000000068e000000| Complete |  0
|  57|0x000000068e400000, 0x000000068e800000, 0x000000068e800000|100%| E|CS|TAMS 0x000000068e400000| PB 0x000000068e400000| Complete |  0
|  58|0x000000068e800000, 0x000000068ec00000, 0x000000068ec00000|100%| E|CS|TAMS 0x000000068e800000| PB 0x000000068e800000| Complete |  0
|  59|0x000000068ec00000, 0x000000068f000000, 0x000000068f000000|100%| E|CS|TAMS 0x000000068ec00000| PB 0x000000068ec00000| Complete |  0
|  60|0x000000068f000000, 0x000000068f400000, 0x000000068f400000|100%| E|CS|TAMS 0x000000068f000000| PB 0x000000068f000000| Complete |  0
|  61|0x000000068f400000, 0x000000068f800000, 0x000000068f800000|100%| E|CS|TAMS 0x000000068f400000| PB 0x000000068f400000| Complete |  0
|  62|0x000000068f800000, 0x000000068fc00000, 0x000000068fc00000|100%| E|CS|TAMS 0x000000068f800000| PB 0x000000068f800000| Complete |  0
|  63|0x000000068fc00000, 0x0000000690000000, 0x0000000690000000|100%| E|CS|TAMS 0x000000068fc00000| PB 0x000000068fc00000| Complete |  0
|  64|0x0000000690000000, 0x0000000690400000, 0x0000000690400000|100%| E|CS|TAMS 0x0000000690000000| PB 0x0000000690000000| Complete |  0
|  65|0x0000000690400000, 0x0000000690800000, 0x0000000690800000|100%| E|CS|TAMS 0x0000000690400000| PB 0x0000000690400000| Complete |  0
|  66|0x0000000690800000, 0x0000000690c00000, 0x0000000690c00000|100%| E|CS|TAMS 0x0000000690800000| PB 0x0000000690800000| Complete |  0
|  67|0x0000000690c00000, 0x0000000691000000, 0x0000000691000000|100%| E|CS|TAMS 0x0000000690c00000| PB 0x0000000690c00000| Complete |  0
|  68|0x0000000691000000, 0x0000000691400000, 0x0000000691400000|100%| E|CS|TAMS 0x0000000691000000| PB 0x0000000691000000| Complete |  0
|  69|0x0000000691400000, 0x0000000691800000, 0x0000000691800000|100%| E|CS|TAMS 0x0000000691400000| PB 0x0000000691400000| Complete |  0
|  70|0x0000000691800000, 0x0000000691c00000, 0x0000000691c00000|100%| E|CS|TAMS 0x0000000691800000| PB 0x0000000691800000| Complete |  0
|  71|0x0000000691c00000, 0x0000000692000000, 0x0000000692000000|100%| E|CS|TAMS 0x0000000691c00000| PB 0x0000000691c00000| Complete |  0
|  72|0x0000000692000000, 0x0000000692400000, 0x0000000692400000|100%| E|CS|TAMS 0x0000000692000000| PB 0x0000000692000000| Complete |  0
|  73|0x0000000692400000, 0x0000000692800000, 0x0000000692800000|100%| E|CS|TAMS 0x0000000692400000| PB 0x0000000692400000| Complete |  0
|  74|0x0000000692800000, 0x0000000692c00000, 0x0000000692c00000|100%| E|CS|TAMS 0x0000000692800000| PB 0x0000000692800000| Complete |  0
|  75|0x0000000692c00000, 0x0000000693000000, 0x0000000693000000|100%| E|CS|TAMS 0x0000000692c00000| PB 0x0000000692c00000| Complete |  0
|  76|0x0000000693000000, 0x0000000693400000, 0x0000000693400000|100%| E|CS|TAMS 0x0000000693000000| PB 0x0000000693000000| Complete |  0
|  77|0x0000000693400000, 0x0000000693800000, 0x0000000693800000|100%| E|CS|TAMS 0x0000000693400000| PB 0x0000000693400000| Complete |  0
|  78|0x0000000693800000, 0x0000000693c00000, 0x0000000693c00000|100%| E|CS|TAMS 0x0000000693800000| PB 0x0000000693800000| Complete |  0
|  79|0x0000000693c00000, 0x0000000694000000, 0x0000000694000000|100%| E|CS|TAMS 0x0000000693c00000| PB 0x0000000693c00000| Complete |  0
|  80|0x0000000694000000, 0x0000000694400000, 0x0000000694400000|100%| E|CS|TAMS 0x0000000694000000| PB 0x0000000694000000| Complete |  0
|  81|0x0000000694400000, 0x0000000694800000, 0x0000000694800000|100%| E|CS|TAMS 0x0000000694400000| PB 0x0000000694400000| Complete |  0
|  82|0x0000000694800000, 0x0000000694c00000, 0x0000000694c00000|100%| E|CS|TAMS 0x0000000694800000| PB 0x0000000694800000| Complete |  0
|  83|0x0000000694c00000, 0x0000000695000000, 0x0000000695000000|100%| E|CS|TAMS 0x0000000694c00000| PB 0x0000000694c00000| Complete |  0
|  84|0x0000000695000000, 0x0000000695400000, 0x0000000695400000|100%| E|CS|TAMS 0x0000000695000000| PB 0x0000000695000000| Complete |  0
|  85|0x0000000695400000, 0x0000000695800000, 0x0000000695800000|100%| E|CS|TAMS 0x0000000695400000| PB 0x0000000695400000| Complete |  0
|  86|0x0000000695800000, 0x0000000695c00000, 0x0000000695c00000|100%| E|CS|TAMS 0x0000000695800000| PB 0x0000000695800000| Complete |  0
|  87|0x0000000695c00000, 0x0000000696000000, 0x0000000696000000|100%| E|CS|TAMS 0x0000000695c00000| PB 0x0000000695c00000| Complete |  0
|  88|0x0000000696000000, 0x0000000696400000, 0x0000000696400000|100%| E|CS|TAMS 0x0000000696000000| PB 0x0000000696000000| Complete |  0
|  89|0x0000000696400000, 0x0000000696800000, 0x0000000696800000|100%| E|CS|TAMS 0x0000000696400000| PB 0x0000000696400000| Complete |  0
|  90|0x0000000696800000, 0x0000000696c00000, 0x0000000696c00000|100%| E|CS|TAMS 0x0000000696800000| PB 0x0000000696800000| Complete |  0
|  91|0x0000000696c00000, 0x0000000697000000, 0x0000000697000000|100%| E|CS|TAMS 0x0000000696c00000| PB 0x0000000696c00000| Complete |  0
|  92|0x0000000697000000, 0x0000000697400000, 0x0000000697400000|100%| E|CS|TAMS 0x0000000697000000| PB 0x0000000697000000| Complete |  0
|  93|0x0000000697400000, 0x0000000697800000, 0x0000000697800000|100%| E|CS|TAMS 0x0000000697400000| PB 0x0000000697400000| Complete |  0
|  94|0x0000000697800000, 0x0000000697c00000, 0x0000000697c00000|100%| E|CS|TAMS 0x0000000697800000| PB 0x0000000697800000| Complete |  0
|  95|0x0000000697c00000, 0x0000000698000000, 0x0000000698000000|100%| E|CS|TAMS 0x0000000697c00000| PB 0x0000000697c00000| Complete |  0
|1535|0x00000007ffc00000, 0x00000007ffd1f930, 0x0000000800000000| 28%| O|  |TAMS 0x00000007ffc00000| PB 0x00000007ffc00000| Untracked |  0

Card table byte_map: [0x0000000123f4c000,0x0000000124b4c000] _byte_map_base: 0x0000000120b4c000

Marking Bits: (CMBitMap*) 0x0000000145826810
 Bits: [0x0000000124b4c000, 0x000000012ab4c000)

Polling page: 0x0000000104a50000

Metaspace:
Metaspace        used 18692K, committed 19008K, reserved 1114112K
 class space     used 1792K, committed 1920K, reserved 1048576K

Usage:
  Non-class:     16.50 MB used.
      Class:      1.75 MB used.
       Both:     18.25 MB used.

Virtual space:
  Non-class space:       64.00 MB reserved,      16.69 MB ( 26%) committed,  1 nodes.
      Class space:        1.00 GB reserved,       1.88 MB ( <1%) committed,  1 nodes.
             Both:        1.06 GB reserved,      18.56 MB (  2%) committed. 

Chunk freelists:
   Non-Class:  14.98 MB
       Class:  14.15 MB
        Both:  29.13 MB

MaxMetaspaceSize: unlimited
CompressedClassSpaceSize: 1.00 GB
Initial GC threshold: 21.00 MB
Current GC threshold: 21.00 MB
CDS: on
 - commit_granule_bytes: 65536.
 - commit_granule_words: 8192.
 - virtual_space_node_default_size: 8388608.
 - enlarge_chunks_in_place: 1.
UseCompressedClassPointers 1, UseCompactObjectHeaders 0
Narrow klass pointer bits 32, Max shift 3
Narrow klass base: 0x00000fff00000000, Narrow klass shift: 0
Encoding Range: [0x00000fff00000000 - 0x0000100000000000), (4294967296 bytes)
Klass Range:    [0x00000fff00004000 - 0x00000fff41000000), (1090502656 bytes)
Klass ID Range:  [16384 - 1090519033) (1090502649)
Protection zone: [0x00000fff00000000 - 0x00000fff00004000), (16384 bytes)


Internal statistics:

num_allocs_failed_limit: 0.
num_arena_births: 206.
num_arena_deaths: 0.
num_vsnodes_births: 2.
num_vsnodes_deaths: 0.
num_space_committed: 297.
num_space_uncommitted: 0.
num_chunks_returned_to_freelist: 0.
num_chunks_taken_from_freelist: 342.
num_chunk_merges: 0.
num_chunk_splits: 205.
num_chunks_enlarged: 128.
num_inconsistent_stats: 0.

CodeHeap 'non-profiled nmethods': size=120048Kb used=4447Kb max_used=4447Kb free=115600Kb
 bounds [0x000000011ca10000, 0x000000011ce70000, 0x0000000123f4c000]
CodeHeap 'profiled nmethods': size=120016Kb used=11426Kb max_used=11426Kb free=108589Kb
 bounds [0x0000000114f4c000, 0x0000000115a7c000, 0x000000011c480000]
CodeHeap 'non-nmethods': size=5696Kb used=1576Kb max_used=1756Kb free=4119Kb
 bounds [0x000000011c480000, 0x000000011c6f0000, 0x000000011ca10000]
CodeCache: size=245760Kb, used=17449Kb, max_used=17629Kb, free=228308Kb
 total_blobs=7165, nmethods=6342, adapters=729, full_count=0
Compilation: enabled, stopped_count=0, restarted_count=0

Compilation events (20 events):
Event: 905.081 Thread 0x0000000134014e00 170961       3       java.awt.event.FocusEvent::<init> (39 bytes)
Event: 905.081 Thread 0x0000000134014e00 nmethod 170961 0x0000000115a71bc8 code [0x0000000115a71cc0, 0x0000000115a72050]
Event: 906.090 Thread 0x000000013400c400 171148   !   4       java.awt.LightweightDispatcher::eventDispatched (358 bytes)
Event: 906.101 Thread 0x000000013400c400 nmethod 171148 0x000000011ce65308 code [0x000000011ce65400, 0x000000011ce66a40]
Event: 906.129 Thread 0x0000000134014e00 171155       3       java.lang.Character::toUpperCase (6 bytes)
Event: 906.129 Thread 0x0000000134014e00 nmethod 171155 0x0000000115a72088 code [0x0000000115a72180, 0x0000000115a72408]
Event: 906.129 Thread 0x0000000134014e00 171156       3       java.lang.Character::toUpperCase (9 bytes)
Event: 906.129 Thread 0x0000000134014e00 nmethod 171156 0x0000000115a72448 code [0x0000000115a72540, 0x0000000115a72768]
Event: 907.544 Thread 0x0000000134014e00 171403       3       java.lang.String::split (8 bytes)
Event: 907.544 Thread 0x0000000134014e00 nmethod 171403 0x0000000115a72788 code [0x0000000115a72880, 0x0000000115a72a00]
Event: 1518.896 Thread 0x0000000134014e00 279017       1       javax.swing.DefaultBoundedRangeModel::getMinimum (5 bytes)
Event: 1518.896 Thread 0x0000000134014e00 nmethod 279017 0x000000011ce66a88 code [0x000000011ce66b80, 0x000000011ce66c60]
Event: 1601.673 Thread 0x0000000134014e00 292826   !   3       java.lang.ref.Reference::processPendingReferences (118 bytes)
Event: 1601.674 Thread 0x0000000134014e00 nmethod 292826 0x0000000115a72a08 code [0x0000000115a72b00, 0x0000000115a73760]
Event: 1746.010 Thread 0x0000000134014e00 318923   !   3       sun.java2d.pipe.BufferedTextPipe::drawGlyphList (58 bytes)
Event: 1746.010 Thread 0x0000000134014e00 nmethod 318923 0x0000000115a73788 code [0x0000000115a73880, 0x0000000115a748e8]
Event: 1746.029 Thread 0x000000013400c400 318927       4       sun.java2d.metal.MTLTextRenderer::validateContext (26 bytes)
Event: 1746.030 Thread 0x000000013400c400 nmethod 318927 0x000000011ce66c88 code [0x000000011ce66d80, 0x000000011ce67088]
Event: 1746.157 Thread 0x000000013400c400 318951   !   4       sun.java2d.pipe.BufferedTextPipe::drawGlyphList (58 bytes)
Event: 1746.161 Thread 0x000000013400c400 nmethod 318951 0x000000011ce670c8 code [0x000000011ce671c0, 0x000000011ce67c00]

GC Heap Usage History (20 events):
Event: 2421.686 {heap Before GC invocations=2403 (full 0):
 garbage-first heap   total reserved 6291456K, committed 397312K, used 245090K [0x0000000680000000, 0x0000000800000000)
  region size 4096K, 57 young (233472K), 1 survivors (4096K)
}
Event: 2421.686 {heap After GC invocations=2404 (full 0):
 garbage-first heap   total reserved 6291456K, committed 397312K, used 15710K [0x0000000680000000, 0x0000000800000000)
  region size 4096K, 1 young (4096K), 1 survivors (4096K)
}
Event: 2422.654 {heap Before GC invocations=2404 (full 0):
 garbage-first heap   total reserved 6291456K, committed 397312K, used 245086K [0x0000000680000000, 0x0000000800000000)
  region size 4096K, 57 young (233472K), 1 survivors (4096K)
}
Event: 2422.655 {heap After GC invocations=2405 (full 0):
 garbage-first heap   total reserved 6291456K, committed 397312K, used 15712K [0x0000000680000000, 0x0000000800000000)
  region size 4096K, 1 young (4096K), 1 survivors (4096K)
}
Event: 2423.623 {heap Before GC invocations=2405 (full 0):
 garbage-first heap   total reserved 6291456K, committed 397312K, used 245088K [0x0000000680000000, 0x0000000800000000)
  region size 4096K, 57 young (233472K), 1 survivors (4096K)
}
Event: 2423.623 {heap After GC invocations=2406 (full 0):
 garbage-first heap   total reserved 6291456K, committed 397312K, used 15714K [0x0000000680000000, 0x0000000800000000)
  region size 4096K, 1 young (4096K), 1 survivors (4096K)
}
Event: 2424.591 {heap Before GC invocations=2406 (full 0):
 garbage-first heap   total reserved 6291456K, committed 397312K, used 245090K [0x0000000680000000, 0x0000000800000000)
  region size 4096K, 57 young (233472K), 1 survivors (4096K)
}
Event: 2424.592 {heap After GC invocations=2407 (full 0):
 garbage-first heap   total reserved 6291456K, committed 397312K, used 15714K [0x0000000680000000, 0x0000000800000000)
  region size 4096K, 1 young (4096K), 1 survivors (4096K)
}
Event: 2425.560 {heap Before GC invocations=2407 (full 0):
 garbage-first heap   total reserved 6291456K, committed 397312K, used 245090K [0x0000000680000000, 0x0000000800000000)
  region size 4096K, 57 young (233472K), 1 survivors (4096K)
}
Event: 2425.560 {heap After GC invocations=2408 (full 0):
 garbage-first heap   total reserved 6291456K, committed 397312K, used 15710K [0x0000000680000000, 0x0000000800000000)
  region size 4096K, 1 young (4096K), 1 survivors (4096K)
}
Event: 2426.534 {heap Before GC invocations=2408 (full 0):
 garbage-first heap   total reserved 6291456K, committed 397312K, used 245086K [0x0000000680000000, 0x0000000800000000)
  region size 4096K, 57 young (233472K), 1 survivors (4096K)
}
Event: 2426.534 {heap After GC invocations=2409 (full 0):
 garbage-first heap   total reserved 6291456K, committed 397312K, used 15710K [0x0000000680000000, 0x0000000800000000)
  region size 4096K, 1 young (4096K), 1 survivors (4096K)
}
Event: 2427.505 {heap Before GC invocations=2409 (full 0):
 garbage-first heap   total reserved 6291456K, committed 397312K, used 245086K [0x0000000680000000, 0x0000000800000000)
  region size 4096K, 57 young (233472K), 1 survivors (4096K)
}
Event: 2427.505 {heap After GC invocations=2410 (full 0):
 garbage-first heap   total reserved 6291456K, committed 397312K, used 15714K [0x0000000680000000, 0x0000000800000000)
  region size 4096K, 1 young (4096K), 1 survivors (4096K)
}
Event: 2428.475 {heap Before GC invocations=2410 (full 0):
 garbage-first heap   total reserved 6291456K, committed 397312K, used 245090K [0x0000000680000000, 0x0000000800000000)
  region size 4096K, 57 young (233472K), 1 survivors (4096K)
}
Event: 2428.475 {heap After GC invocations=2411 (full 0):
 garbage-first heap   total reserved 6291456K, committed 397312K, used 15708K [0x0000000680000000, 0x0000000800000000)
  region size 4096K, 1 young (4096K), 1 survivors (4096K)
}
Event: 2429.444 {heap Before GC invocations=2411 (full 0):
 garbage-first heap   total reserved 6291456K, committed 397312K, used 245084K [0x0000000680000000, 0x0000000800000000)
  region size 4096K, 57 young (233472K), 1 survivors (4096K)
}
Event: 2429.444 {heap After GC invocations=2412 (full 0):
 garbage-first heap   total reserved 6291456K, committed 397312K, used 15704K [0x0000000680000000, 0x0000000800000000)
  region size 4096K, 1 young (4096K), 1 survivors (4096K)
}
Event: 2430.411 {heap Before GC invocations=2412 (full 0):
 garbage-first heap   total reserved 6291456K, committed 397312K, used 245080K [0x0000000680000000, 0x0000000800000000)
  region size 4096K, 57 young (233472K), 1 survivors (4096K)
}
Event: 2430.412 {heap After GC invocations=2413 (full 0):
 garbage-first heap   total reserved 6291456K, committed 397312K, used 15712K [0x0000000680000000, 0x0000000800000000)
  region size 4096K, 1 young (4096K), 1 survivors (4096K)
}

Metaspace Usage History (20 events):
Event: 2421.686 {metaspace Before GC invocations=2403 (full 0):
 Metaspace       used 18692K, committed 19008K, reserved 1114112K
  class space    used 1792K, committed 1920K, reserved 1048576K
}
Event: 2421.686 {metaspace After GC invocations=2404 (full 0):
 Metaspace       used 18692K, committed 19008K, reserved 1114112K
  class space    used 1792K, committed 1920K, reserved 1048576K
}
Event: 2422.654 {metaspace Before GC invocations=2404 (full 0):
 Metaspace       used 18692K, committed 19008K, reserved 1114112K
  class space    used 1792K, committed 1920K, reserved 1048576K
}
Event: 2422.655 {metaspace After GC invocations=2405 (full 0):
 Metaspace       used 18692K, committed 19008K, reserved 1114112K
  class space    used 1792K, committed 1920K, reserved 1048576K
}
Event: 2423.623 {metaspace Before GC invocations=2405 (full 0):
 Metaspace       used 18692K, committed 19008K, reserved 1114112K
  class space    used 1792K, committed 1920K, reserved 1048576K
}
Event: 2423.623 {metaspace After GC invocations=2406 (full 0):
 Metaspace       used 18692K, committed 19008K, reserved 1114112K
  class space    used 1792K, committed 1920K, reserved 1048576K
}
Event: 2424.591 {metaspace Before GC invocations=2406 (full 0):
 Metaspace       used 18692K, committed 19008K, reserved 1114112K
  class space    used 1792K, committed 1920K, reserved 1048576K
}
Event: 2424.592 {metaspace After GC invocations=2407 (full 0):
 Metaspace       used 18692K, committed 19008K, reserved 1114112K
  class space    used 1792K, committed 1920K, reserved 1048576K
}
Event: 2425.560 {metaspace Before GC invocations=2407 (full 0):
 Metaspace       used 18692K, committed 19008K, reserved 1114112K
  class space    used 1792K, committed 1920K, reserved 1048576K
}
Event: 2425.560 {metaspace After GC invocations=2408 (full 0):
 Metaspace       used 18692K, committed 19008K, reserved 1114112K
  class space    used 1792K, committed 1920K, reserved 1048576K
}
Event: 2426.534 {metaspace Before GC invocations=2408 (full 0):
 Metaspace       used 18692K, committed 19008K, reserved 1114112K
  class space    used 1792K, committed 1920K, reserved 1048576K
}
Event: 2426.534 {metaspace After GC invocations=2409 (full 0):
 Metaspace       used 18692K, committed 19008K, reserved 1114112K
  class space    used 1792K, committed 1920K, reserved 1048576K
}
Event: 2427.505 {metaspace Before GC invocations=2409 (full 0):
 Metaspace       used 18692K, committed 19008K, reserved 1114112K
  class space    used 1792K, committed 1920K, reserved 1048576K
}
Event: 2427.505 {metaspace After GC invocations=2410 (full 0):
 Metaspace       used 18692K, committed 19008K, reserved 1114112K
  class space    used 1792K, committed 1920K, reserved 1048576K
}
Event: 2428.475 {metaspace Before GC invocations=2410 (full 0):
 Metaspace       used 18692K, committed 19008K, reserved 1114112K
  class space    used 1792K, committed 1920K, reserved 1048576K
}
Event: 2428.475 {metaspace After GC invocations=2411 (full 0):
 Metaspace       used 18692K, committed 19008K, reserved 1114112K
  class space    used 1792K, committed 1920K, reserved 1048576K
}
Event: 2429.444 {metaspace Before GC invocations=2411 (full 0):
 Metaspace       used 18692K, committed 19008K, reserved 1114112K
  class space    used 1792K, committed 1920K, reserved 1048576K
}
Event: 2429.444 {metaspace After GC invocations=2412 (full 0):
 Metaspace       used 18692K, committed 19008K, reserved 1114112K
  class space    used 1792K, committed 1920K, reserved 1048576K
}
Event: 2430.411 {metaspace Before GC invocations=2412 (full 0):
 Metaspace       used 18692K, committed 19008K, reserved 1114112K
  class space    used 1792K, committed 1920K, reserved 1048576K
}
Event: 2430.412 {metaspace After GC invocations=2413 (full 0):
 Metaspace       used 18692K, committed 19008K, reserved 1114112K
  class space    used 1792K, committed 1920K, reserved 1048576K
}

Dll operation events (9 events):
Event: 0.003 Loaded shared library /Library/Java/JavaVirtualMachines/temurin-25.jdk/Contents/Home/lib/libjava.dylib
Event: 0.022 Loaded shared library /Library/Java/JavaVirtualMachines/temurin-25.jdk/Contents/Home/lib/libnio.dylib
Event: 0.022 Loaded shared library /Library/Java/JavaVirtualMachines/temurin-25.jdk/Contents/Home/lib/libjimage.dylib
Event: 0.026 Loaded shared library /Library/Java/JavaVirtualMachines/temurin-25.jdk/Contents/Home/lib/libzip.dylib
Event: 0.029 Loaded shared library /Library/Java/JavaVirtualMachines/temurin-25.jdk/Contents/Home/lib/libawt.dylib
Event: 0.030 Loaded shared library /Library/Java/JavaVirtualMachines/temurin-25.jdk/Contents/Home/lib/libawt_lwawt.dylib
Event: 0.049 Loaded shared library /Library/Java/JavaVirtualMachines/temurin-25.jdk/Contents/Home/lib/libfontmanager.dylib
Event: 0.180 Loaded shared library /Library/Java/JavaVirtualMachines/temurin-25.jdk/Contents/Home/lib/libosxui.dylib
Event: 11.209 Loaded shared library /Library/Java/JavaVirtualMachines/temurin-25.jdk/Contents/Home/lib/libnet.dylib

Deoptimization events (20 events):
Event: 903.851 Thread 0x0000000144079c00 DEOPT PACKING pc=0x00000001158f0d94 sp=0x000000016daad700
Event: 903.851 Thread 0x0000000144079c00 DEOPT UNPACKING pc=0x000000011c4bd0bc sp=0x000000016daad3c0 mode 0
Event: 903.851 Thread 0x0000000144079c00 DEOPT PACKING pc=0x00000001158f0d94 sp=0x000000016daad850
Event: 903.851 Thread 0x0000000144079c00 DEOPT UNPACKING pc=0x000000011c4bd0bc sp=0x000000016daad510 mode 0
Event: 903.852 Thread 0x0000000144079c00 DEOPT PACKING pc=0x00000001158f0d94 sp=0x000000016daad1c0
Event: 903.852 Thread 0x0000000144079c00 DEOPT UNPACKING pc=0x000000011c4bd0bc sp=0x000000016daace80 mode 0
Event: 903.852 Thread 0x0000000144079c00 DEOPT PACKING pc=0x00000001158f0d94 sp=0x000000016daad310
Event: 903.852 Thread 0x0000000144079c00 DEOPT UNPACKING pc=0x000000011c4bd0bc sp=0x000000016daacfd0 mode 0
Event: 904.892 Thread 0x0000000144079c00 Uncommon trap: trap_request=0xffffffbe fr.pc=0x000000011ce60f84 relative=0x00000000000001c4
Event: 904.892 Thread 0x0000000144079c00 Uncommon trap: reason=profile_predicate action=maybe_recompile pc=0x000000011ce60f84 method=java.util.HashMap.keysToArray([Ljava/lang/Object;)[Ljava/lang/Object; @ 36 c2
Event: 904.892 Thread 0x0000000144079c00 DEOPT PACKING pc=0x000000011ce60f84 sp=0x000000016daad9f0
Event: 904.892 Thread 0x0000000144079c00 DEOPT UNPACKING pc=0x000000011c5932dc sp=0x000000016daad970 mode 2
Event: 904.892 Thread 0x0000000144079c00 Uncommon trap: trap_request=0xffffffbe fr.pc=0x000000011ce60f84 relative=0x00000000000001c4
Event: 904.892 Thread 0x0000000144079c00 Uncommon trap: reason=profile_predicate action=maybe_recompile pc=0x000000011ce60f84 method=java.util.HashMap.keysToArray([Ljava/lang/Object;)[Ljava/lang/Object; @ 36 c2
Event: 904.892 Thread 0x0000000144079c00 DEOPT PACKING pc=0x000000011ce60f84 sp=0x000000016daad9f0
Event: 904.892 Thread 0x0000000144079c00 DEOPT UNPACKING pc=0x000000011c5932dc sp=0x000000016daad970 mode 2
Event: 1746.009 Thread 0x0000000144079c00 Uncommon trap: trap_request=0xffffff45 fr.pc=0x000000011cdbe038 relative=0x0000000000001af8
Event: 1746.009 Thread 0x0000000144079c00 Uncommon trap: reason=unstable_if action=reinterpret pc=0x000000011cdbe038 method=jdk.internal.misc.Unsafe.getAndBitwiseAndInt(Ljava/lang/Object;JI)I @ 21 c2
Event: 1746.009 Thread 0x0000000144079c00 DEOPT PACKING pc=0x000000011cdbe038 sp=0x000000016daae1b0
Event: 1746.009 Thread 0x0000000144079c00 DEOPT UNPACKING pc=0x000000011c5932dc sp=0x000000016daade50 mode 2

Classes loaded (20 events):
Event: 47.084 Loading class javax/swing/SwingHeavyWeight
Event: 47.084 Loading class javax/swing/SwingHeavyWeight done
Event: 51.940 Loading class java/awt/geom/Path2D$Float$TxIterator
Event: 51.940 Loading class java/awt/geom/Path2D$Float$TxIterator done
Event: 77.067 Loading class java/util/concurrent/locks/AbstractQueuedLongSynchronizer$Node
Event: 77.067 Loading class java/util/concurrent/locks/AbstractQueuedLongSynchronizer$Node done
Event: 99.383 Loading class com/apple/laf/AquaComboBoxUI$1$1
Event: 99.383 Loading class com/apple/laf/AquaComboBoxUI$1$1 done
Event: 122.132 Loading class javax/swing/plaf/basic/BasicMenuUI$Actions
Event: 122.132 Loading class javax/swing/plaf/basic/BasicMenuUI$Actions done
Event: 137.902 Loading class java/lang/invoke/MethodHandle$1
Event: 137.902 Loading class java/lang/invoke/MethodHandle$1 done
Event: 182.893 Loading class java/util/ArrayList$SubList$1
Event: 182.893 Loading class java/util/ArrayList$SubList$1 done
Event: 851.145 Loading class sun/awt/DebugSettings
Event: 851.146 Loading class sun/awt/DebugSettings done
Event: 851.146 Loading class javax/swing/JComponent$KeyboardState
Event: 851.146 Loading class javax/swing/JComponent$KeyboardState done
Event: 851.146 Loading class javax/swing/JComponent$IntVector
Event: 851.146 Loading class javax/swing/JComponent$IntVector done

Classes unloaded (0 events):
No events

Classes redefined (0 events):
No events

Internal exceptions (20 events):
Event: 0.253 Thread 0x0000000144079c00 Exception <a 'java/lang/NoSuchMethodError'{0x0000000697251048}: 'java.lang.Object java.lang.invoke.DirectMethodHandle$Holder.invokeSpecial(java.lang.Object, java.lang.Object, int, int, int, int)'> (0x0000000697251048) 
thrown [src/hotspot/share/interpreter/linkResolver.cpp, line 804]
Event: 0.253 Thread 0x0000000144079c00 Exception <a 'java/lang/NoSuchMethodError'{0x0000000697259130}: 'java.lang.Object java.lang.invoke.Invokers$Holder.linkToTargetMethod(int, int, int, int, java.lang.Object)'> (0x0000000697259130) 
thrown [src/hotspot/share/interpreter/linkResolver.cpp, line 804]
Event: 0.257 Thread 0x000000014405ca00 Exception <a 'java/lang/NoSuchMethodError'{0x00000006979564e8}: 'void java.lang.invoke.DirectMethodHandle$Holder.invokeSpecial(java.lang.Object, java.lang.Object, long)'> (0x00000006979564e8) 
thrown [src/hotspot/share/interpreter/linkResolver.cpp, line 804]
Event: 0.268 Thread 0x0000000144079c00 Exception <a 'java/lang/NoSuchMethodError'{0x00000006972b2108}: 'java.lang.Object java.lang.invoke.DirectMethodHandle$Holder.newInvokeSpecial(java.lang.Object, int, java.lang.Object)'> (0x00000006972b2108) 
thrown [src/hotspot/share/interpreter/linkResolver.cpp, line 804]
Event: 0.279 Thread 0x000000014405ca00 Exception <a 'java/lang/NoSuchMethodError'{0x000000069797e8a8}: 'void java.lang.invoke.DirectMethodHandle$Holder.invokeStatic(java.lang.Object, long)'> (0x000000069797e8a8) 
thrown [src/hotspot/share/interpreter/linkResolver.cpp, line 804]
Event: 0.490 Thread 0x0000000144079c00 Exception <a 'java/lang/NoSuchMethodError'{0x0000000696cb14b0}: 'void java.lang.invoke.DirectMethodHandle$Holder.invokeStatic(java.lang.Object, long, long)'> (0x0000000696cb14b0) 
thrown [src/hotspot/share/interpreter/linkResolver.cpp, line 804]
Event: 0.490 Thread 0x0000000144079c00 Exception <a 'java/lang/NoSuchMethodError'{0x0000000696cc0348}: 'java.lang.Object java.lang.invoke.DirectMethodHandle$Holder.newInvokeSpecial(java.lang.Object, long)'> (0x0000000696cc0348) 
thrown [src/hotspot/share/interpreter/linkResolver.cpp, line 804]
Event: 2.754 Thread 0x0000000144079c00 Exception <a 'java/lang/NoSuchMethodError'{0x0000000696f93f38}: 'java.lang.Object java.lang.invoke.DirectMethodHandle$Holder.newInvokeSpecial(java.lang.Object, float)'> (0x0000000696f93f38) 
thrown [src/hotspot/share/interpreter/linkResolver.cpp, line 804]
Event: 3.927 Thread 0x0000000144079c00 Exception <a 'java/lang/NoSuchMethodError'{0x000000069686b150}: 'void java.lang.invoke.DirectMethodHandle$Holder.invokeStatic(java.lang.Object, java.lang.Object, java.lang.Object)'> (0x000000069686b150) 
thrown [src/hotspot/share/interpreter/linkResolver.cpp, line 804]
Event: 3.963 Thread 0x0000000144079c00 Exception <a 'java/lang/NullPointerException'{0x000000069692f060}> (0x000000069692f060) 
thrown [src/hotspot/share/prims/jni.cpp, line 534]
Event: 3.988 Thread 0x0000000144079c00 Exception <a 'java/lang/NoSuchMethodError'{0x0000000696960618}: 'int java.lang.invoke.DirectMethodHandle$Holder.invokeStatic(java.lang.Object)'> (0x0000000696960618) 
thrown [src/hotspot/share/interpreter/linkResolver.cpp, line 804]
Event: 11.264 Thread 0x0000000144079c00 Exception <a 'java/lang/NoSuchMethodError'{0x0000000695ccf1e0}: 'int java.lang.invoke.DelegatingMethodHandle$Holder.reinvoke_L(java.lang.Object, java.lang.Object, java.lang.Object, long)'> (0x0000000695ccf1e0) 
thrown [src/hotspot/share/interpreter/linkResolver.cpp, line 804]
Event: 11.265 Thread 0x0000000144079c00 Exception <a 'java/lang/NoSuchMethodError'{0x0000000695ce72f0}: 'java.lang.Object java.lang.invoke.DirectMethodHandle$Holder.invokeStatic(java.lang.Object, java.lang.Object, java.lang.Object, java.lang.Object, long)'> (0x0000000695ce72f0) 
thrown [src/hotspot/share/interpreter/linkResolver.cpp, line 804]
Event: 25.148 Thread 0x0000000144079c00 Implicit null exception at 0x000000011cab134c to 0x000000011cab2048
Event: 45.459 Thread 0x0000000144079c00 Implicit null exception at 0x000000011cbd392c to 0x000000011cbd4bc4
Event: 47.018 Thread 0x0000000144079c00 Implicit null exception at 0x000000011cba1668 to 0x000000011cba1cb8
Event: 47.068 Thread 0x0000000144079c00 Implicit null exception at 0x000000011cb9f808 to 0x000000011cba0558
Event: 98.196 Thread 0x0000000144079c00 Implicit null exception at 0x000000011cb106f4 to 0x000000011cb10778
Event: 100.821 Thread 0x0000000144079c00 Implicit null exception at 0x000000011cd4447c to 0x000000011cd44600
Event: 121.612 Thread 0x0000000144079c00 Exception <a 'java/lang/NoSuchMethodError'{0x00000006978b62f0}: 'void java.lang.invoke.DirectMethodHandle$Holder.invokeSpecial(java.lang.Object, java.lang.Object, java.lang.Object, java.lang.Object, java.lang.Object)'> (0x00000006978b62f0) 
thrown [src/hotspot/share/interpreter/linkResolver.cpp, line 804]

VM Operations (20 events):
Event: 2421.686 Executing safepoint VM operation: G1CollectForAllocation (G1 Evacuation Pause)
Event: 2421.686 Executing safepoint VM operation: G1CollectForAllocation (G1 Evacuation Pause) done
Event: 2422.654 Executing safepoint VM operation: G1CollectForAllocation (G1 Evacuation Pause)
Event: 2422.655 Executing safepoint VM operation: G1CollectForAllocation (G1 Evacuation Pause) done
Event: 2423.623 Executing safepoint VM operation: G1CollectForAllocation (G1 Evacuation Pause)
Event: 2423.623 Executing safepoint VM operation: G1CollectForAllocation (G1 Evacuation Pause) done
Event: 2424.591 Executing safepoint VM operation: G1CollectForAllocation (G1 Evacuation Pause)
Event: 2424.592 Executing safepoint VM operation: G1CollectForAllocation (G1 Evacuation Pause) done
Event: 2425.560 Executing safepoint VM operation: G1CollectForAllocation (G1 Evacuation Pause)
Event: 2425.560 Executing safepoint VM operation: G1CollectForAllocation (G1 Evacuation Pause) done
Event: 2426.534 Executing safepoint VM operation: G1CollectForAllocation (G1 Evacuation Pause)
Event: 2426.534 Executing safepoint VM operation: G1CollectForAllocation (G1 Evacuation Pause) done
Event: 2427.504 Executing safepoint VM operation: G1CollectForAllocation (G1 Evacuation Pause)
Event: 2427.505 Executing safepoint VM operation: G1CollectForAllocation (G1 Evacuation Pause) done
Event: 2428.475 Executing safepoint VM operation: G1CollectForAllocation (G1 Evacuation Pause)
Event: 2428.475 Executing safepoint VM operation: G1CollectForAllocation (G1 Evacuation Pause) done
Event: 2429.444 Executing safepoint VM operation: G1CollectForAllocation (G1 Evacuation Pause)
Event: 2429.444 Executing safepoint VM operation: G1CollectForAllocation (G1 Evacuation Pause) done
Event: 2430.411 Executing safepoint VM operation: G1CollectForAllocation (G1 Evacuation Pause)
Event: 2430.412 Executing safepoint VM operation: G1CollectForAllocation (G1 Evacuation Pause) done

Memory protections (20 events):
Event: 14.450 Protecting memory [0x00000003c5204000,0x00000003c5210000] with protection modes 0
Event: 15.556 Protecting memory [0x00000003c5204000,0x00000003c5210000] with protection modes 3
Event: 34.148 Protecting memory [0x0000000390104000,0x0000000390110000] with protection modes 0
Event: 34.408 Protecting memory [0x0000000390104000,0x0000000390110000] with protection modes 3
Event: 41.704 Protecting memory [0x0000000390104000,0x0000000390110000] with protection modes 0
Event: 43.818 Protecting memory [0x0000000390104000,0x0000000390110000] with protection modes 3
Event: 47.025 Protecting memory [0x00000003c3204000,0x00000003c3210000] with protection modes 0
Event: 47.770 Protecting memory [0x00000003c3204000,0x00000003c3210000] with protection modes 3
Event: 51.934 Protecting memory [0x0000000391b04000,0x0000000391b10000] with protection modes 0
Event: 51.974 Protecting memory [0x00000003c1404000,0x00000003c1410000] with protection modes 0
Event: 53.182 Protecting memory [0x00000003c1404000,0x00000003c1410000] with protection modes 3
Event: 100.811 Protecting memory [0x00000003379c0000,0x00000003379cc000] with protection modes 0
Event: 127.780 Protecting memory [0x00000003c1404000,0x00000003c1410000] with protection modes 0
Event: 141.136 Protecting memory [0x00000003373d8000,0x00000003373e4000] with protection modes 0
Event: 142.100 Protecting memory [0x00000003373d8000,0x00000003373e4000] with protection modes 3
Event: 142.253 Protecting memory [0x00000003372c0000,0x00000003372cc000] with protection modes 0
Event: 177.066 Protecting memory [0x0000000337bcc000,0x0000000337bd8000] with protection modes 0
Event: 884.265 Protecting memory [0x00000003c3404000,0x00000003c3410000] with protection modes 0
Event: 885.164 Protecting memory [0x00000003c3404000,0x00000003c3410000] with protection modes 3
Event: 896.482 Protecting memory [0x00000003c3404000,0x00000003c3410000] with protection modes 0

Nmethod flushes (0 events):
No events

Events (20 events):
Event: 14.450 Thread 0x000000013400c400 Thread added: 0x00000003addff800
Event: 15.556 Thread 0x00000003addff800 Thread exited: 0x00000003addff800
Event: 34.148 Thread 0x0000000134014e00 Thread added: 0x00000003c2c01400
Event: 34.408 Thread 0x00000003c2c01400 Thread exited: 0x00000003c2c01400
Event: 41.704 Thread 0x000000013400c400 Thread added: 0x00000003c1a83200
Event: 43.818 Thread 0x00000003c1a83200 Thread exited: 0x00000003c1a83200
Event: 47.025 Thread 0x0000000134014e00 Thread added: 0x0000000145ce6e00
Event: 47.770 Thread 0x0000000145ce6e00 Thread exited: 0x0000000145ce6e00
Event: 51.934 Thread 0x0000000144079c00 Thread added: 0x00000003c18ab200
Event: 51.974 Thread 0x0000000134014e00 Thread added: 0x00000001346e1c00
Event: 53.182 Thread 0x00000001346e1c00 Thread exited: 0x00000001346e1c00
Event: 100.811 Thread 0x0000000144079c00 Thread added: 0x00000001343d3400
Event: 127.780 Thread 0x0000000144079c00 Thread added: 0x0000000144ab3000
Event: 141.136 Thread 0x000000013400c400 Thread added: 0x0000000144c09000
Event: 142.100 Thread 0x0000000144c09000 Thread exited: 0x0000000144c09000
Event: 142.253 Thread 0x0000000144079c00 Thread added: 0x00000003c1f82400
Event: 177.066 Thread 0x0000000144079c00 Thread added: 0x0000000144696c00
Event: 884.265 Thread 0x0000000134014e00 Thread added: 0x0000000144dc9e00
Event: 885.164 Thread 0x0000000144dc9e00 Thread exited: 0x0000000144dc9e00
Event: 896.482 Thread 0x0000000144079c00 Thread added: 0x000000014598c000


Dynamic libraries:
0x0000000104a04000 	/Library/Java/JavaVirtualMachines/temurin-25.jdk/Contents/Home/lib/libjli.dylib
0x00000001b1aa6000 	/System/Library/Frameworks/ApplicationServices.framework/Versions/A/ApplicationServices
0x000000019e1be000 	/System/Library/Frameworks/CoreGraphics.framework/Versions/A/CoreGraphics
0x000000019a73d000 	/System/Library/Frameworks/CoreText.framework/Versions/A/CoreText
0x00000001a3a86000 	/System/Library/Frameworks/ImageIO.framework/Versions/A/ImageIO
0x000000019e8ef000 	/System/Library/Frameworks/ColorSync.framework/Versions/A/ColorSync
0x00000001a9ce9000 	/System/Library/Frameworks/ApplicationServices.framework/Versions/A/Frameworks/ATS.framework/Versions/A/ATS
0x00000001ad8e4000 	/System/Library/Frameworks/CoreServices.framework/Versions/A/CoreServices
0x000000019eaa5000 	/System/Library/Frameworks/ApplicationServices.framework/Versions/A/Frameworks/HIServices.framework/Versions/A/HIServices
0x00000001a85a2000 	/System/Library/Frameworks/ApplicationServices.framework/Versions/A/Frameworks/PrintCore.framework/Versions/A/PrintCore
0x00000001aa0a6000 	/System/Library/Frameworks/ApplicationServices.framework/Versions/A/Frameworks/QD.framework/Versions/A/QD
0x00000001aa09d000 	/System/Library/Frameworks/ApplicationServices.framework/Versions/A/Frameworks/ColorSyncLegacy.framework/Versions/A/ColorSyncLegacy
0x00000001a9cbb000 	/System/Library/Frameworks/ApplicationServices.framework/Versions/A/Frameworks/SpeechSynthesis.framework/Versions/A/SpeechSynthesis
0x00000001a5ec0000 	/usr/lib/libSystem.B.dylib
0x000000019dc97000 	/System/Library/PrivateFrameworks/SkyLight.framework/Versions/A/SkyLight
0x000000019f37a000 	/System/Library/PrivateFrameworks/ProtocolBuffer.framework/Versions/A/ProtocolBuffer
0x00000001a5ec5000 	/System/Library/PrivateFrameworks/SoftLinking.framework/Versions/A/SoftLinking
0x000000019b494000 	/usr/lib/libicucore.A.dylib
0x00000001a086d000 	/System/Library/PrivateFrameworks/CoreAnalytics.framework/Versions/A/CoreAnalytics
0x00000001a3456000 	/System/Library/PrivateFrameworks/FontServices.framework/libFontParser.dylib
0x00000001adb90000 	/System/Library/Frameworks/Accelerate.framework/Versions/A/Accelerate
0x00000001a303c000 	/System/Library/Frameworks/IOSurface.framework/Versions/A/IOSurface
0x00000001a1514000 	/usr/lib/libxml2.2.dylib
0x000000019d7fb000 	/System/Library/Frameworks/CFNetwork.framework/Versions/A/CFNetwork
0x0000000197cce000 	/System/Library/Frameworks/CoreFoundation.framework/Versions/A/CoreFoundation
0x00000001992bf000 	/System/Library/Frameworks/Foundation.framework/Versions/C/Foundation
0x00000001a5e0a000 	/usr/lib/libz.1.dylib
0x0000000197864000 	/usr/lib/libobjc.A.dylib
0x0000000197b72000 	/usr/lib/libc++.1.dylib
0x000000019b08f000 	/System/Library/Frameworks/Security.framework/Versions/A/Security
0x0000000245ca2000 	/System/Library/PrivateFrameworks/CollectionsInternal.framework/Versions/A/CollectionsInternal
0x00000001a942e000 	/usr/lib/swift/libswiftCore.dylib
0x00000001c0bd3000 	/usr/lib/swift/libswiftCoreFoundation.dylib
0x00000001bdf3c000 	/usr/lib/swift/libswiftDarwin.dylib
0x00000001af3dd000 	/usr/lib/swift/libswiftDispatch.dylib
0x00000001c0c2e000 	/usr/lib/swift/libswiftIOKit.dylib
0x00000001b2060000 	/usr/lib/swift/libswiftObjectiveC.dylib
0x00000001c0be5000 	/usr/lib/swift/libswiftXPC.dylib
0x00000002803be000 	/usr/lib/swift/libswift_Builtin_float.dylib
0x00000002805b3000 	/usr/lib/swift/libswift_errno.dylib
0x00000002805b5000 	/usr/lib/swift/libswift_math.dylib
0x00000002805b8000 	/usr/lib/swift/libswift_signal.dylib
0x00000002805b9000 	/usr/lib/swift/libswift_stdio.dylib
0x00000002805ba000 	/usr/lib/swift/libswift_time.dylib
0x00000002805bb000 	/usr/lib/swift/libswiftsys_time.dylib
0x00000002805bc000 	/usr/lib/swift/libswiftunistd.dylib
0x000000019f6cb000 	/System/Library/PrivateFrameworks/RunningBoardServices.framework/Versions/A/RunningBoardServices
0x000000019dbe2000 	/usr/lib/libMobileGestalt.dylib
0x000000019dc74000 	/System/Library/PrivateFrameworks/TCC.framework/Versions/A/TCC
0x00000001b4d8e000 	/System/Library/PrivateFrameworks/IOSurfaceAccelerator.framework/Versions/A/IOSurfaceAccelerator
0x00000001a7f56000 	/System/Library/PrivateFrameworks/WatchdogClient.framework/Versions/A/WatchdogClient
0x00000001a60ee000 	/usr/lib/libcompression.dylib
0x00000001a089e000 	/usr/lib/libDiagnosticMessagesClient.dylib
0x0000000198f22000 	/System/Library/Frameworks/SystemConfiguration.framework/Versions/A/SystemConfiguration
0x000000019a264000 	/System/Library/Frameworks/CoreDisplay.framework/Versions/A/CoreDisplay
0x00000001a4f80000 	/System/Library/PrivateFrameworks/IOMobileFramebuffer.framework/Versions/A/IOMobileFramebuffer
0x00000001a32fa000 	/System/Library/Frameworks/CoreMedia.framework/Versions/A/CoreMedia
0x00000001a3055000 	/System/Library/PrivateFrameworks/IOAccelerator.framework/Versions/A/IOAccelerator
0x000000019badf000 	/System/Library/Frameworks/IOKit.framework/Versions/A/IOKit
0x00000001a305f000 	/System/Library/Frameworks/Metal.framework/Versions/A/Metal
0x00000001a15fe000 	/System/Library/Frameworks/CoreVideo.framework/Versions/A/CoreVideo
0x00000001a60e6000 	/System/Library/Frameworks/MetalPerformanceShaders.framework/Versions/A/MetalPerformanceShaders
0x00000001a7f58000 	/System/Library/PrivateFrameworks/MultitouchSupport.framework/Versions/A/MultitouchSupport
0x00000001a0da6000 	/System/Library/Frameworks/QuartzCore.framework/Versions/A/QuartzCore
0x00000001a52ac000 	/usr/lib/libbsm.0.dylib
0x0000000264e8f000 	/System/Library/PrivateFrameworks/ProDisplayLibrary.framework/Versions/A/ProDisplayLibrary
0x00000001a7f9e000 	/System/Library/Frameworks/VideoToolbox.framework/Versions/A/VideoToolbox
0x00000001cd79e000 	/usr/lib/swift/libswiftMetal.dylib
0x00000001dc744000 	/usr/lib/swift/libswiftOSLog.dylib
0x00000001d2b40000 	/usr/lib/swift/libswiftQuartzCore.dylib
0x00000001d719c000 	/usr/lib/swift/libswiftUniformTypeIdentifiers.dylib
0x00000001b2064000 	/usr/lib/swift/libswiftos.dylib
0x00000001c4487000 	/usr/lib/swift/libswiftsimd.dylib
0x00000001a169f000 	/System/Library/PrivateFrameworks/UserManagement.framework/Versions/A/UserManagement
0x000000019f5e6000 	/System/Library/PrivateFrameworks/BaseBoard.framework/Versions/A/BaseBoard
0x00000001a148e000 	/System/Library/Frameworks/CoreServices.framework/Versions/A/Frameworks/FSEvents.framework/Versions/A/FSEvents
0x000000019b76b000 	/System/Library/Frameworks/CoreServices.framework/Versions/A/Frameworks/CarbonCore.framework/Versions/A/CarbonCore
0x00000001a0901000 	/System/Library/Frameworks/CoreServices.framework/Versions/A/Frameworks/Metadata.framework/Versions/A/Metadata
0x00000001a59a2000 	/System/Library/Frameworks/CoreServices.framework/Versions/A/Frameworks/OSServices.framework/Versions/A/OSServices
0x00000001a600f000 	/System/Library/Frameworks/CoreServices.framework/Versions/A/Frameworks/SearchKit.framework/Versions/A/SearchKit
0x000000019f734000 	/System/Library/Frameworks/CoreServices.framework/Versions/A/Frameworks/AE.framework/Versions/A/AE
0x000000019820d000 	/System/Library/Frameworks/CoreServices.framework/Versions/A/Frameworks/LaunchServices.framework/Versions/A/LaunchServices
0x00000001a7426000 	/System/Library/Frameworks/CoreServices.framework/Versions/A/Frameworks/DictionaryServices.framework/Versions/A/DictionaryServices
0x00000001a149c000 	/System/Library/Frameworks/CoreServices.framework/Versions/A/Frameworks/SharedFileList.framework/Versions/A/SharedFileList
0x00000001a60a5000 	/usr/lib/libapple_nghttp2.dylib
0x000000019f395000 	/usr/lib/libsqlite3.dylib
0x00000001aa0dc000 	/System/Library/Frameworks/GSS.framework/Versions/A/GSS
0x00000001a86b9000 	/System/Library/PrivateFrameworks/InternationalSupport.framework/Versions/A/InternationalSupport
0x000000019dbe0000 	/usr/lib/libenergytrace.dylib
0x000000019f7c3000 	/System/Library/Frameworks/Network.framework/Versions/A/Network
0x000000019ba5e000 	/System/Library/PrivateFrameworks/CoreServicesInternal.framework/Versions/A/CoreServicesInternal
0x00000001a5e8d000 	/usr/lib/liboah.dylib
0x00000001a5ec2000 	/usr/lib/libfakelink.dylib
0x0000000197bff000 	/usr/lib/libc++abi.dylib
0x000000027f2c8000 	/usr/lib/libRosetta.dylib
0x00000001a14ca000 	/System/Library/PrivateFrameworks/CoreAutoLayout.framework/Versions/A/CoreAutoLayout
0x00000001a098c000 	/System/Library/Frameworks/DiskArbitration.framework/Versions/A/DiskArbitration
0x00000001a5f17000 	/usr/lib/libarchive.2.dylib
0x00000001a4288000 	/usr/lib/liblangid.dylib
0x00000001ab7df000 	/System/Library/Frameworks/Combine.framework/Versions/A/Combine
0x0000000265b51000 	/System/Library/PrivateFrameworks/ReflectionInternal.framework/Versions/A/ReflectionInternal
0x0000000266828000 	/System/Library/PrivateFrameworks/RuntimeInternal.framework/Versions/A/RuntimeInternal
0x000000028034f000 	/usr/lib/swift/libswiftSystem.dylib
0x00000002803c1000 	/usr/lib/swift/libswift_Concurrency.dylib
0x0000000280520000 	/usr/lib/swift/libswift_StringProcessing.dylib
0x00000001a5eba000 	/usr/lib/system/libcache.dylib
0x00000001a5e75000 	/usr/lib/system/libcommonCrypto.dylib
0x00000001a5ea0000 	/usr/lib/system/libcompiler_rt.dylib
0x00000001a5e95000 	/usr/lib/system/libcopyfile.dylib
0x00000001979bf000 	/usr/lib/system/libcorecrypto.dylib
0x0000000197aa6000 	/usr/lib/system/libdispatch.dylib
0x0000000197c66000 	/usr/lib/system/libdyld.dylib
0x00000001a5eb0000 	/usr/lib/system/libkeymgr.dylib
0x00000001a5e58000 	/usr/lib/system/libmacho.dylib
0x00000001a5285000 	/usr/lib/system/libquarantine.dylib
0x00000001a5ead000 	/usr/lib/system/libremovefile.dylib
0x000000019dc5c000 	/usr/lib/system/libsystem_asl.dylib
0x0000000197954000 	/usr/lib/system/libsystem_blocks.dylib
0x0000000197af0000 	/usr/lib/system/libsystem_c.dylib
0x00000001a5ea4000 	/usr/lib/system/libsystem_collections.dylib
0x00000001a4275000 	/usr/lib/system/libsystem_configuration.dylib
0x00000001a300b000 	/usr/lib/system/libsystem_containermanager.dylib
0x00000001a599b000 	/usr/lib/system/libsystem_coreservices.dylib
0x000000019b760000 	/usr/lib/system/libsystem_darwin.dylib
0x00000002806f3000 	/usr/lib/system/libsystem_darwindirectory.dylib
0x00000001a5eb1000 	/usr/lib/system/libsystem_dnssd.dylib
0x00000002806f7000 	/usr/lib/system/libsystem_eligibility.dylib
0x0000000197aed000 	/usr/lib/system/libsystem_featureflags.dylib
0x0000000197c9e000 	/usr/lib/system/libsystem_info.dylib
0x00000001a5e19000 	/usr/lib/system/libsystem_m.dylib
0x0000000197a5e000 	/usr/lib/system/libsystem_malloc.dylib
0x000000019dbc5000 	/usr/lib/system/libsystem_networkextension.dylib
0x000000019bbc2000 	/usr/lib/system/libsystem_notify.dylib
0x00000001a427a000 	/usr/lib/system/libsystem_sandbox.dylib
0x00000002806ff000 	/usr/lib/system/libsystem_sanitizers.dylib
0x00000001a5ea9000 	/usr/lib/system/libsystem_secinit.dylib
0x0000000197c1d000 	/usr/lib/system/libsystem_kernel.dylib
0x0000000197c96000 	/usr/lib/system/libsystem_platform.dylib
0x0000000197c59000 	/usr/lib/system/libsystem_pthread.dylib
0x000000019f7ba000 	/usr/lib/system/libsystem_symptoms.dylib
0x00000001979a3000 	/usr/lib/system/libsystem_trace.dylib
0x00000001a5e83000 	/usr/lib/system/libunwind.dylib
0x0000000197958000 	/usr/lib/system/libxpc.dylib
0x00000001a524b000 	/System/Library/PrivateFrameworks/BackgroundTaskManagement.framework/Versions/A/BackgroundTaskManagement
0x0000000241b09000 	/System/Library/PrivateFrameworks/AppleKeyStore.framework/Versions/A/AppleKeyStore
0x000000027f120000 	/usr/lib/libCoreEntitlements.dylib
0x000000025caf6000 	/System/Library/PrivateFrameworks/MessageSecurity.framework/Versions/A/MessageSecurity
0x00000001a5982000 	/System/Library/PrivateFrameworks/AppleFSCompression.framework/Versions/A/AppleFSCompression
0x00000001a5294000 	/usr/lib/libcoretls.dylib
0x00000001a749c000 	/usr/lib/libcoretls_cfhelpers.dylib
0x00000001a60e8000 	/usr/lib/libpam.2.dylib
0x00000001a7510000 	/usr/lib/libxar.1.dylib
0x00000001a749e000 	/System/Library/PrivateFrameworks/APFS.framework/Versions/A/APFS
0x000000026fdb6000 	/System/Library/PrivateFrameworks/SwiftASN1Internal.framework/Versions/A/SwiftASN1Internal
0x00000001a751f000 	/usr/lib/libutil.dylib
0x00000001a5e5c000 	/usr/lib/system/libkxld.dylib
0x00000001a4283000 	/System/Library/PrivateFrameworks/AppleSystemInfo.framework/Versions/A/AppleSystemInfo
0x00000001c0abe000 	/System/Library/PrivateFrameworks/LoggingSupport.framework/Versions/A/LoggingSupport
0x00000001ae89e000 	/System/Library/PrivateFrameworks/PowerLog.framework/Versions/A/PowerLog
0x00000001fe64b000 	/System/Library/Frameworks/SwiftData.framework/Versions/A/SwiftData
0x000000019d272000 	/System/Library/Frameworks/UniformTypeIdentifiers.framework/Versions/A/UniformTypeIdentifiers
0x000000019d729000 	/usr/lib/libboringssl.dylib
0x000000019f7a9000 	/usr/lib/libdns_services.dylib
0x00000001bfc6d000 	/usr/lib/libquic.dylib
0x00000001a93bd000 	/usr/lib/libusrtcp.dylib
0x00000001e45ba000 	/System/Library/PrivateFrameworks/InternalSwiftProtobuf.framework/Versions/A/InternalSwiftProtobuf
0x00000002802ac000 	/usr/lib/swift/libswiftDistributed.dylib
0x00000002802d8000 	/usr/lib/swift/libswiftObservation.dylib
0x0000000280345000 	/usr/lib/swift/libswiftSynchronization.dylib
0x000000019d7fa000 	/usr/lib/libnetwork.dylib
0x00000001d1774000 	/System/Library/PrivateFrameworks/OSAnalytics.framework/Versions/A/OSAnalytics
0x00000001a6080000 	/System/Library/PrivateFrameworks/AppleSauce.framework/Versions/A/AppleSauce
0x00000001afb73000 	/System/Library/PrivateFrameworks/CoreSymbolication.framework/Versions/A/CoreSymbolication
0x00000001e0283000 	/System/Library/PrivateFrameworks/Symbolication.framework/Versions/A/Symbolication
0x00000001afb4f000 	/System/Library/PrivateFrameworks/DebugSymbols.framework/Versions/A/DebugSymbols
0x000000027efeb000 	/usr/lib/libAppleArchive.dylib
0x00000001a598e000 	/usr/lib/libbz2.1.0.dylib
0x00000001a747d000 	/usr/lib/liblzma.5.dylib
0x00000001c0b47000 	/System/Library/PrivateFrameworks/MallocStackLogging.framework/Versions/A/MallocStackLogging
0x00000001a766b000 	/System/Library/PrivateFrameworks/CrashReporterSupport.framework/Versions/A/CrashReporterSupport
0x0000000198d19000 	/System/Library/PrivateFrameworks/Lexicon.framework/Versions/A/Lexicon
0x0000000254e35000 	/System/Library/PrivateFrameworks/IO80211.framework/Versions/A/IO80211
0x00000001af675000 	/System/Library/PrivateFrameworks/FrontBoardServices.framework/Versions/A/FrontBoardServices
0x00000001a51bc000 	/System/Library/Frameworks/SecurityFoundation.framework/Versions/A/SecurityFoundation
0x00000001a531e000 	/usr/lib/libgermantok.dylib
0x00000001a43a7000 	/System/Library/PrivateFrameworks/LinguisticData.framework/Versions/A/LinguisticData
0x00000001af742000 	/System/Library/PrivateFrameworks/BoardServices.framework/Versions/A/BoardServices
0x00000001a51ad000 	/System/Library/PrivateFrameworks/AssertionServices.framework/Versions/A/AssertionServices
0x00000001b1393000 	/System/Library/PrivateFrameworks/BackBoardServices.framework/Versions/A/BackBoardServices
0x00000001a7e1f000 	/System/Library/PrivateFrameworks/AppleJPEG.framework/Versions/A/AppleJPEG
0x00000001a78c0000 	/usr/lib/libexpat.1.dylib
0x00000001a8479000 	/System/Library/Frameworks/ImageIO.framework/Versions/A/Resources/libPng.dylib
0x00000001a84a3000 	/System/Library/Frameworks/ImageIO.framework/Versions/A/Resources/libTIFF.dylib
0x00000001a858d000 	/System/Library/Frameworks/ImageIO.framework/Versions/A/Resources/libGIF.dylib
0x00000001a7e65000 	/System/Library/Frameworks/ImageIO.framework/Versions/A/Resources/libJP2.dylib
0x00000001a75d1000 	/usr/lib/libate.dylib
0x00000001a8534000 	/System/Library/Frameworks/ImageIO.framework/Versions/A/Resources/libJPEG.dylib
0x00000001a852b000 	/System/Library/Frameworks/ImageIO.framework/Versions/A/Resources/libRadiance.dylib
0x00000001a0996000 	/System/Library/Frameworks/Accelerate.framework/Versions/A/Frameworks/vImage.framework/Versions/A/vImage
0x00000001ad8bf000 	/System/Library/Frameworks/Accelerate.framework/Versions/A/Frameworks/vecLib.framework/Versions/A/vecLib
0x00000001a7557000 	/System/Library/Frameworks/Accelerate.framework/Versions/A/Frameworks/vecLib.framework/Versions/A/libvMisc.dylib
0x0000000198685000 	/System/Library/Frameworks/Accelerate.framework/Versions/A/Frameworks/vecLib.framework/Versions/A/libBLAS.dylib
0x00000001f8147000 	/System/Library/Frameworks/OpenGL.framework/Versions/A/OpenGL
0x0000000250bc9000 	/System/Library/PrivateFrameworks/GPUCompiler.framework/Versions/32023/Libraries/libllvm-flatbuffers.dylib
0x000000024bfc5000 	/System/Library/PrivateFrameworks/FramePacing.framework/Versions/A/FramePacing
0x00000001f8139000 	/System/Library/Frameworks/OpenGL.framework/Versions/A/Libraries/libCoreFSCache.dylib
0x000000024cb3a000 	/System/Library/PrivateFrameworks/GPUCompiler.framework/Versions/32023/Libraries/libGPUCompilerUtils.dylib
0x00000001f8197000 	/System/Library/Frameworks/OpenGL.framework/Versions/A/Libraries/libGLU.dylib
0x00000001f815b000 	/System/Library/Frameworks/OpenGL.framework/Versions/A/Libraries/libGFXShared.dylib
0x00000001f8323000 	/System/Library/Frameworks/OpenGL.framework/Versions/A/Libraries/libGL.dylib
0x00000001f8164000 	/System/Library/Frameworks/OpenGL.framework/Versions/A/Libraries/libGLImage.dylib
0x00000001f8158000 	/System/Library/Frameworks/OpenGL.framework/Versions/A/Libraries/libCVMSPluginSupport.dylib
0x00000001f8141000 	/System/Library/Frameworks/OpenGL.framework/Versions/A/Libraries/libCoreVMClient.dylib
0x00000001a3e0a000 	/System/Library/Frameworks/CoreImage.framework/Versions/A/CoreImage
0x00000001b31a3000 	/System/Library/PrivateFrameworks/ASEProcessing.framework/Versions/A/ASEProcessing
0x0000000263ffc000 	/System/Library/PrivateFrameworks/PhotosensitivityProcessing.framework/Versions/A/PhotosensitivityProcessing
0x00000001a7a98000 	/System/Library/PrivateFrameworks/GraphVisualizer.framework/Versions/A/GraphVisualizer
0x00000001a4f4d000 	/System/Library/PrivateFrameworks/CoreEmoji.framework/Versions/A/CoreEmoji
0x000000024befa000 	/System/Library/PrivateFrameworks/FontServices.framework/Versions/A/FontServices
0x00000001a7aa4000 	/System/Library/PrivateFrameworks/OTSVG.framework/Versions/A/OTSVG
0x00000001a117a000 	/System/Library/Frameworks/ApplicationServices.framework/Versions/A/Frameworks/ATS.framework/Versions/A/Resources/libFontRegistry.dylib
0x00000001a5190000 	/System/Library/PrivateFrameworks/MobileKeyBag.framework/Versions/A/MobileKeyBag
0x00000001a4281000 	/System/Library/PrivateFrameworks/AggregateDictionary.framework/Versions/A/AggregateDictionary
0x000000027f6ad000 	/usr/lib/libhvf.dylib
0x0000000260d93000 	/System/Library/PrivateFrameworks/ParsingInternal.framework/Versions/A/ParsingInternal
0x00000002802f5000 	/usr/lib/swift/libswiftRegexBuilder.dylib
0x000000028047d000 	/usr/lib/swift/libswift_RegexParser.dylib
0x000000024befb000 	/System/Library/PrivateFrameworks/FontServices.framework/libXTFontStaticRegistryData.dylib
0x00000001a41c5000 	/System/Library/Frameworks/MetalPerformanceShaders.framework/Versions/A/Frameworks/MPSCore.framework/Versions/A/MPSCore
0x00000001a58ed000 	/System/Library/Frameworks/MetalPerformanceShaders.framework/Versions/A/Frameworks/MPSImage.framework/Versions/A/MPSImage
0x00000001a5336000 	/System/Library/Frameworks/MetalPerformanceShaders.framework/Versions/A/Frameworks/MPSNeuralNetwork.framework/Versions/A/MPSNeuralNetwork
0x00000001a576d000 	/System/Library/Frameworks/MetalPerformanceShaders.framework/Versions/A/Frameworks/MPSMatrix.framework/Versions/A/MPSMatrix
0x00000001a5582000 	/System/Library/Frameworks/MetalPerformanceShaders.framework/Versions/A/Frameworks/MPSRayIntersector.framework/Versions/A/MPSRayIntersector
0x00000001a579f000 	/System/Library/Frameworks/MetalPerformanceShaders.framework/Versions/A/Frameworks/MPSNDArray.framework/Versions/A/MPSNDArray
0x00000001fba39000 	/System/Library/Frameworks/MetalPerformanceShaders.framework/Versions/A/Frameworks/MPSFunctions.framework/Versions/A/MPSFunctions
0x00000001fba1b000 	/System/Library/Frameworks/MetalPerformanceShaders.framework/Versions/A/Frameworks/MPSBenchmarkLoop.framework/Versions/A/MPSBenchmarkLoop
0x0000000198500000 	/System/Library/PrivateFrameworks/MetalTools.framework/Versions/A/MetalTools
0x00000001c5830000 	/System/Library/PrivateFrameworks/IOAccelMemoryInfo.framework/Versions/A/IOAccelMemoryInfo
0x00000001d2f35000 	/System/Library/PrivateFrameworks/kperf.framework/Versions/A/kperf
0x00000001c0bae000 	/System/Library/PrivateFrameworks/GPURawCounter.framework/Versions/A/GPURawCounter
0x00000001a4e5b000 	/System/Library/Frameworks/Accelerate.framework/Versions/A/Frameworks/vecLib.framework/Versions/A/libvDSP.dylib
0x00000001a61c4000 	/System/Library/Frameworks/Accelerate.framework/Versions/A/Frameworks/vecLib.framework/Versions/A/libLAPACK.dylib
0x00000001a5321000 	/System/Library/Frameworks/Accelerate.framework/Versions/A/Frameworks/vecLib.framework/Versions/A/libLinearAlgebra.dylib
0x00000001a60bf000 	/System/Library/Frameworks/Accelerate.framework/Versions/A/Frameworks/vecLib.framework/Versions/A/libSparseBLAS.dylib
0x00000001a61bf000 	/System/Library/Frameworks/Accelerate.framework/Versions/A/Frameworks/vecLib.framework/Versions/A/libQuadrature.dylib
0x00000001a43ae000 	/System/Library/Frameworks/Accelerate.framework/Versions/A/Frameworks/vecLib.framework/Versions/A/libBNNS.dylib
0x0000000198e26000 	/System/Library/Frameworks/Accelerate.framework/Versions/A/Frameworks/vecLib.framework/Versions/A/libSparse.dylib
0x0000000259ee5000 	/System/Library/PrivateFrameworks/MIL.framework/Versions/A/MIL
0x00000001af7ef000 	/System/Library/PrivateFrameworks/GraphicsServices.framework/Versions/A/GraphicsServices
0x00000001a5efc000 	/usr/lib/libiconv.2.dylib
0x00000001a5e57000 	/usr/lib/libcharset.1.dylib
0x00000001a5011000 	/System/Library/PrivateFrameworks/CoreUtils.framework/Versions/A/CoreUtils
0x00000001f9d68000 	/System/Library/Frameworks/ExtensionFoundation.framework/Versions/A/ExtensionFoundation
0x00000001c0bb2000 	/usr/lib/swift/libswiftCoreAudio.dylib
0x0000000249710000 	/System/Library/PrivateFrameworks/CoreUtilsExtras.framework/Versions/A/CoreUtilsExtras
0x00000001a77bf000 	/System/Library/PrivateFrameworks/PlugInKit.framework/Versions/A/PlugInKit
0x00000001a1461000 	/System/Library/Frameworks/OpenDirectory.framework/Versions/A/OpenDirectory
0x00000001a146f000 	/System/Library/Frameworks/OpenDirectory.framework/Versions/A/Frameworks/CFOpenDirectory.framework/Versions/A/CFOpenDirectory
0x000000019a95c000 	/System/Library/Frameworks/CoreAudio.framework/Versions/A/CoreAudio
0x00000001a7ae5000 	/System/Library/PrivateFrameworks/AppServerSupport.framework/Versions/A/AppServerSupport
0x00000001aa0af000 	/System/Library/PrivateFrameworks/perfdata.framework/Versions/A/perfdata
0x000000019a385000 	/System/Library/PrivateFrameworks/AudioToolboxCore.framework/Versions/A/AudioToolboxCore
0x00000001a32d2000 	/System/Library/PrivateFrameworks/caulk.framework/Versions/A/caulk
0x00000001a9ca2000 	/usr/lib/libAudioStatistics.dylib
0x00000001bfd66000 	/System/Library/PrivateFrameworks/SystemPolicy.framework/Versions/A/SystemPolicy
0x00000001a9f50000 	/usr/lib/libSMC.dylib
0x00000001b42ad000 	/System/Library/Frameworks/CoreMIDI.framework/Versions/A/CoreMIDI
0x00000001a8443000 	/usr/lib/libAudioToolboxUtility.dylib
0x00000001aa0bd000 	/usr/lib/libperfcheck.dylib
0x0000000242687000 	/System/Library/PrivateFrameworks/AudioAnalytics.framework/Versions/A/AudioAnalytics
0x00000001eb8f3000 	/System/Library/PrivateFrameworks/FeatureFlags.framework/Versions/A/FeatureFlags
0x00000001e4381000 	/System/Library/Frameworks/OSLog.framework/Versions/A/OSLog
0x00000001c0b79000 	/usr/lib/libmis.dylib
0x000000019ef1f000 	/System/Library/Frameworks/CoreData.framework/Versions/A/CoreData
0x00000001a78db000 	/usr/lib/libheimdal-asn1.dylib
0x000000027f32b000 	/usr/lib/libTLE.dylib
0x00000001b1559000 	/System/Library/PrivateFrameworks/DiskImages.framework/Versions/A/DiskImages
0x00000001bda65000 	/System/Library/Frameworks/NetFS.framework/Versions/A/NetFS
0x00000001a7932000 	/System/Library/PrivateFrameworks/IconServices.framework/Versions/A/IconServices
0x00000001f9693000 	/System/Library/Frameworks/CoreTransferable.framework/Versions/A/CoreTransferable
0x00000001a78e5000 	/System/Library/PrivateFrameworks/IconFoundation.framework/Versions/A/IconFoundation
0x00000001a11cc000 	/System/Library/PrivateFrameworks/CoreUI.framework/Versions/A/CoreUI
0x00000001a8619000 	/System/Library/PrivateFrameworks/TextureIO.framework/Versions/A/TextureIO
0x00000001a3a4b000 	/System/Library/PrivateFrameworks/CoreSVG.framework/Versions/A/CoreSVG
0x00000001d71ab000 	/usr/lib/swift/libswiftAccelerate.dylib
0x00000001a9a99000 	/System/Library/Frameworks/AudioToolbox.framework/Versions/A/AudioToolbox
0x00000001a9c44000 	/System/Library/PrivateFrameworks/AudioSession.framework/Versions/A/AudioSession
0x00000001a79c5000 	/System/Library/PrivateFrameworks/MediaExperience.framework/Versions/A/MediaExperience
0x00000001a9a52000 	/System/Library/PrivateFrameworks/AudioSession.framework/libSessionUtility.dylib
0x00000001a8593000 	/System/Library/PrivateFrameworks/CMCaptureCore.framework/Versions/A/CMCaptureCore
0x00000001a7aef000 	/usr/lib/libspindump.dylib
0x00000001afc80000 	/System/Library/PrivateFrameworks/CoreTime.framework/Versions/A/CoreTime
0x00000001ba556000 	/usr/lib/libAccessibility.dylib
0x00000001adbe0000 	/System/Library/Frameworks/MediaAccessibility.framework/Versions/A/MediaAccessibility
0x00000002760bc000 	/System/Library/PrivateFrameworks/VideoToolboxParavirtualizationSupport.framework/Versions/A/VideoToolboxParavirtualizationSupport
0x00000001a7877000 	/System/Library/PrivateFrameworks/AppleVA.framework/Versions/A/AppleVA
0x00000001ae7a7000 	/System/Library/Frameworks/CoreBluetooth.framework/Versions/A/CoreBluetooth
0x00000001aa2a1000 	/System/Library/PrivateFrameworks/CorePhoneNumbers.framework/Versions/A/CorePhoneNumbers
0x00000001f86bf000 	/System/Library/Frameworks/AVFAudio.framework/Versions/A/AVFAudio
0x00000001a7662000 	/usr/lib/libIOReport.dylib
0x0000000242297000 	/System/Library/PrivateFrameworks/AppleMobileFileIntegrity.framework/Versions/A/AppleMobileFileIntegrity
0x00000001f5195000 	/System/Library/PrivateFrameworks/ConfigProfileHelper.framework/Versions/A/ConfigProfileHelper
0x00000001a52be000 	/usr/lib/libmecab.dylib
0x000000025876e000 	/System/Library/PrivateFrameworks/IsolatedCoreAudioClient.framework/Versions/A/IsolatedCoreAudioClient
0x00000001ab547000 	/System/Library/Frameworks/IOBluetooth.framework/Versions/A/IOBluetooth
0x000000027287a000 	/System/Library/PrivateFrameworks/Tightbeam.framework/Versions/A/Tightbeam
0x000000024675d000 	/System/Library/PrivateFrameworks/CoreAudioOrchestration.framework/Versions/A/CoreAudioOrchestration
0x00000001d786e000 	/System/Library/PrivateFrameworks/AFKUser.framework/Versions/A/AFKUser
0x00000001b1fb8000 	/System/Library/Frameworks/AudioUnit.framework/Versions/A/AudioUnit
0x00000001a8526000 	/System/Library/PrivateFrameworks/GPUWrangler.framework/Versions/A/GPUWrangler
0x00000001a8506000 	/System/Library/PrivateFrameworks/IOPresentment.framework/Versions/A/IOPresentment
0x00000001a852e000 	/System/Library/PrivateFrameworks/DSExternalDisplay.framework/Versions/A/DSExternalDisplay
0x0000000198fb6000 	/usr/lib/libCRFSuite.dylib
0x00000001a428a000 	/System/Library/PrivateFrameworks/CoreNLP.framework/Versions/A/CoreNLP
0x00000001a6077000 	/usr/lib/libThaiTokenizer.dylib
0x00000001c0c2d000 	/usr/lib/swift/libswiftCoreImage.dylib
0x00000001ae98f000 	/System/Library/PrivateFrameworks/MediaKit.framework/Versions/A/MediaKit
0x00000001ae8da000 	/System/Library/Frameworks/DiscRecording.framework/Versions/A/DiscRecording
0x00000001a89c1000 	/System/Library/PrivateFrameworks/DataDetectorsCore.framework/Versions/A/DataDetectorsCore
0x00000001c4530000 	/System/Library/PrivateFrameworks/TextInput.framework/Versions/A/TextInput
0x000000019d0c0000 	/System/Library/PrivateFrameworks/UIFoundation.framework/Versions/A/UIFoundation
0x00000001aa090000 	/System/Library/PrivateFrameworks/NetAuth.framework/Versions/A/NetAuth
0x00000001a165f000 	/System/Library/PrivateFrameworks/login.framework/Versions/A/Frameworks/loginsupport.framework/Versions/A/loginsupport
0x00000001b1717000 	/usr/lib/libcurl.4.dylib
0x000000027f55f000 	/usr/lib/libcrypto.46.dylib
0x0000000280089000 	/usr/lib/libssl.48.dylib
0x00000001b13ef000 	/System/Library/Frameworks/LDAP.framework/Versions/A/LDAP
0x00000001aa0cb000 	/System/Library/Frameworks/Kerberos.framework/Versions/A/Kerberos
0x00000001b142b000 	/System/Library/PrivateFrameworks/TrustEvaluationAgent.framework/Versions/A/TrustEvaluationAgent
0x00000001a9d4e000 	/usr/lib/libsasl2.2.dylib
0x00000001a9d31000 	/usr/lib/libresolv.9.dylib
0x00000001a7af6000 	/System/Library/PrivateFrameworks/Heimdal.framework/Versions/A/Heimdal
0x00000001b1fb7000 	/System/Library/Frameworks/Kerberos.framework/Versions/A/Libraries/libHeimdalProxy.dylib
0x00000001aa12e000 	/System/Library/PrivateFrameworks/CommonAuth.framework/Versions/A/CommonAuth
0x00000001a5288000 	/usr/lib/libCheckFix.dylib
0x00000001a08a0000 	/System/Library/PrivateFrameworks/MetadataUtilities.framework/Versions/A/MetadataUtilities
0x0000000255719000 	/System/Library/PrivateFrameworks/InstalledContentLibrary.framework/Versions/A/InstalledContentLibrary
0x000000019ba9e000 	/System/Library/PrivateFrameworks/CoreServicesStore.framework/Versions/A/CoreServicesStore
0x00000001a14c6000 	/usr/lib/libapp_launch_measurement.dylib
0x00000001d303f000 	/System/Library/PrivateFrameworks/MobileSystemServices.framework/Versions/A/MobileSystemServices
0x00000001a7523000 	/usr/lib/libxslt.1.dylib
0x00000001e4788000 	/System/Library/PrivateFrameworks/HIDDisplay.framework/Versions/A/HIDDisplay
0x00000001b9774000 	/System/Library/PrivateFrameworks/HID.framework/Versions/A/HID
0x00000001a855f000 	/System/Library/Frameworks/ApplicationServices.framework/Versions/A/Frameworks/ATSUI.framework/Versions/A/ATSUI
0x00000001aa031000 	/usr/lib/libcups.2.dylib
0x00000001ba49a000 	/System/Library/PrivateFrameworks/AXCoreUtilities.framework/Versions/A/AXCoreUtilities
0x00000001c91d0000 	/System/Library/PrivateFrameworks/AttributeGraph.framework/Versions/A/AttributeGraph
0x000000027ef69000 	/usr/lib/libAXSafeCategoryBundle.dylib
0x00000001b4480000 	/System/Library/Frameworks/Cocoa.framework/Versions/A/Cocoa
0x000000019bc2f000 	/System/Library/Frameworks/AppKit.framework/Versions/C/AppKit
0x0000000245c7e000 	/System/Library/PrivateFrameworks/CollectionViewCore.framework/Versions/A/CollectionViewCore
0x00000001a3a45000 	/System/Library/PrivateFrameworks/XCTTargetBootstrap.framework/Versions/A/XCTTargetBootstrap
0x00000001a8a10000 	/System/Library/PrivateFrameworks/UserActivity.framework/Versions/A/UserActivity
0x0000000274607000 	/System/Library/PrivateFrameworks/UIIntelligenceSupport.framework/Versions/A/UIIntelligenceSupport
0x00000001fe786000 	/System/Library/Frameworks/SwiftUICore.framework/Versions/A/SwiftUICore
0x000000027968d000 	/System/Library/PrivateFrameworks/WritingTools.framework/Versions/A/WritingTools
0x00000002786d1000 	/System/Library/PrivateFrameworks/WindowManagement.framework/Versions/A/WindowManagement
0x00000001a3a30000 	/System/Library/PrivateFrameworks/DFRFoundation.framework/Versions/A/DFRFoundation
0x00000001a3729000 	/System/Library/Frameworks/Carbon.framework/Versions/A/Frameworks/HIToolbox.framework/Versions/A/HIToolbox
0x00000001ad4ed000 	/System/Library/Frameworks/Carbon.framework/Versions/A/Frameworks/SpeechRecognition.framework/Versions/A/SpeechRecognition
0x00000001b8ad4000 	/System/Library/PrivateFrameworks/RenderBox.framework/Versions/A/RenderBox
0x00000001a1457000 	/System/Library/PrivateFrameworks/PerformanceAnalysis.framework/Versions/A/PerformanceAnalysis
0x00000001ad865000 	/System/Library/Frameworks/Accessibility.framework/Versions/A/Accessibility
0x00000001f9c18000 	/System/Library/Frameworks/DataDetection.framework/Versions/A/DataDetection
0x00000001f9c1b000 	/System/Library/Frameworks/DeveloperToolsSupport.framework/Versions/A/DeveloperToolsSupport
0x00000001ff349000 	/System/Library/Frameworks/Symbols.framework/Versions/A/Symbols
0x00000002802ab000 	/usr/lib/swift/libswiftDataDetection.dylib
0x00000001bdf3b000 	/usr/lib/swift/libswiftCoreGraphics.dylib
0x00000001ae20f000 	/usr/lib/swift/libswiftFoundation.dylib
0x00000001f4c1f000 	/usr/lib/swift/libswiftSwiftOnoneSupport.dylib
0x00000001e0a34000 	/System/Library/PrivateFrameworks/CoreMaterial.framework/Versions/A/CoreMaterial
0x000000026691f000 	/System/Library/PrivateFrameworks/SFSymbols.framework/Versions/A/SFSymbols
0x00000001ad4da000 	/System/Library/PrivateFrameworks/SpeechRecognitionCore.framework/Versions/A/SpeechRecognitionCore
0x000000010b284000 	/Library/Java/JavaVirtualMachines/temurin-25.jdk/Contents/Home/lib/server/libjvm.dylib
0x0000000104a64000 	/Library/Java/JavaVirtualMachines/temurin-25.jdk/Contents/Home/lib/libjimage.dylib
0x0000000104b68000 	/Library/Java/JavaVirtualMachines/temurin-25.jdk/Contents/Home/lib/libjava.dylib
0x0000000104fcc000 	/Library/Java/JavaVirtualMachines/temurin-25.jdk/Contents/Home/lib/libnio.dylib
0x000000010ac00000 	/Library/Java/JavaVirtualMachines/temurin-25.jdk/Contents/Home/lib/libnet.dylib
0x000000010ac44000 	/Library/Java/JavaVirtualMachines/temurin-25.jdk/Contents/Home/lib/libzip.dylib
0x000000010acf4000 	/Library/Java/JavaVirtualMachines/temurin-25.jdk/Contents/Home/lib/libawt.dylib
0x00000001faca2000 	/System/Library/Frameworks/JavaRuntimeSupport.framework/Versions/A/JavaRuntimeSupport
0x00000001bf789000 	/System/Library/Frameworks/Carbon.framework/Versions/A/Carbon
0x00000001b67bf000 	/System/Library/Frameworks/Carbon.framework/Versions/A/Frameworks/CommonPanels.framework/Versions/A/CommonPanels
0x00000001b1702000 	/System/Library/Frameworks/Carbon.framework/Versions/A/Frameworks/Help.framework/Versions/A/Help
0x00000001b67c3000 	/System/Library/Frameworks/Carbon.framework/Versions/A/Frameworks/ImageCapture.framework/Versions/A/ImageCapture
0x00000001b679f000 	/System/Library/Frameworks/Carbon.framework/Versions/A/Frameworks/OpenScripting.framework/Versions/A/OpenScripting
0x00000001b67be000 	/System/Library/Frameworks/Carbon.framework/Versions/A/Frameworks/Ink.framework/Versions/A/Ink
0x00000001b67bb000 	/System/Library/Frameworks/Carbon.framework/Versions/A/Frameworks/SecurityHI.framework/Versions/A/SecurityHI
0x000000010aecc000 	/Library/Java/JavaVirtualMachines/temurin-25.jdk/Contents/Home/lib/libawt_lwawt.dylib
0x000000010ac9c000 	/Library/Java/JavaVirtualMachines/temurin-25.jdk/Contents/Home/lib/libosxapp.dylib
0x00000001bdfa0000 	/System/Library/Frameworks/ExceptionHandling.framework/Versions/A/ExceptionHandling
0x000000012cb4c000 	/Library/Java/JavaVirtualMachines/temurin-25.jdk/Contents/Home/lib/libfontmanager.dylib
0x000000010b000000 	/Library/Java/JavaVirtualMachines/temurin-25.jdk/Contents/Home/lib/libfreetype.dylib
0x00000001a1326000 	/System/Library/PrivateFrameworks/ViewBridge.framework/Versions/A/ViewBridge
0x000000010b248000 	/usr/lib/libobjc-trampolines.dylib
0x00000001c9f5f000 	/System/Library/CoreServices/RawCamera.bundle/Contents/MacOS/RawCamera
0x00000001b1fdb000 	/System/Library/PrivateFrameworks/StreamingZip.framework/Versions/A/StreamingZip
0x00000001b10cb000 	/System/Library/PrivateFrameworks/CoreWiFi.framework/Versions/A/CoreWiFi
0x00000001aa13f000 	/System/Library/PrivateFrameworks/MobileAsset.framework/Versions/A/MobileAsset
0x000000027fb6d000 	/usr/lib/libmrc.dylib
0x0000000254e92000 	/System/Library/PrivateFrameworks/IPConfiguration.framework/Versions/A/IPConfiguration
0x00000001e09f8000 	/System/Library/PrivateFrameworks/Netrb.framework/Versions/A/Netrb
0x00000001eb97b000 	/System/Library/PrivateFrameworks/WiFiPeerToPeer.framework/Versions/A/WiFiPeerToPeer
0x00000001c761c000 	/System/Library/PrivateFrameworks/SoftwareUpdateCoreSupport.framework/Versions/A/SoftwareUpdateCoreSupport
0x00000001cefbd000 	/System/Library/PrivateFrameworks/SoftwareUpdateCoreConnect.framework/Versions/A/SoftwareUpdateCoreConnect
0x00000001b1657000 	/System/Library/PrivateFrameworks/RemoteServiceDiscovery.framework/Versions/A/RemoteServiceDiscovery
0x00000001c72a2000 	/System/Library/PrivateFrameworks/MSUDataAccessor.framework/Versions/A/MSUDataAccessor
0x00000001c2a97000 	/usr/lib/libbootpolicy.dylib
0x00000001b166d000 	/System/Library/PrivateFrameworks/RemoteXPC.framework/Versions/A/RemoteXPC
0x00000001ce40b000 	/usr/lib/libFDR.dylib
0x00000001d44b5000 	/usr/lib/libamsupport.dylib
0x000000027f2c0000 	/usr/lib/libReverseProxyDevice.dylib
0x00000002414f3000 	/System/Library/PrivateFrameworks/AppleDeviceQuerySupport.framework/Versions/A/AppleDeviceQuerySupport
0x00000001d73a3000 	/usr/lib/libpartition2_dynamic.dylib
0x00000001a5c79000 	/System/Library/Frameworks/UserNotifications.framework/Versions/A/UserNotifications
0x00000001aa2ab000 	/usr/lib/libTelephonyUtilDynamic.dylib
0x00000001a8a7e000 	/System/Library/Frameworks/MediaToolbox.framework/Versions/A/MediaToolbox
0x00000001aeab6000 	/System/Library/PrivateFrameworks/CoreAVCHD.framework/Versions/A/CoreAVCHD
0x00000001aeab2000 	/System/Library/PrivateFrameworks/Mangrove.framework/Versions/A/Mangrove
0x0000000243fe9000 	/System/Library/PrivateFrameworks/CMPhoto.framework/Versions/A/CMPhoto
0x00000001af211000 	/System/Library/Frameworks/CoreTelephony.framework/Versions/A/CoreTelephony
0x00000001aeaa5000 	/System/Library/PrivateFrameworks/CoreAUC.framework/Versions/A/CoreAUC
0x0000000241935000 	/System/Library/PrivateFrameworks/AppleJPEGXL.framework/Versions/A/AppleJPEGXL
0x00000001c6c48000 	/System/Library/Frameworks/Accelerate.framework/Versions/A/Frameworks/vImage.framework/Versions/A/Libraries/libCGInterfaces.dylib
0x000000027ef6d000 	/usr/lib/libAccessibilityBaseImplementations.dylib
0x0000000279692000 	/System/Library/PrivateFrameworks/WritingToolsUI.framework/Versions/A/WritingToolsUI
0x0000000251d24000 	/System/Library/PrivateFrameworks/GenerativeAssistantSettings.framework/Versions/A/GenerativeAssistantSettings
0x0000000270abc000 	/System/Library/PrivateFrameworks/TextComposer.framework/Versions/A/TextComposer
0x00000001c0bda000 	/usr/lib/swift/libswiftIntents.dylib
0x0000000280307000 	/usr/lib/swift/libswiftSpatial.dylib
0x00000001f8818000 	/System/Library/Frameworks/AppIntents.framework/Versions/A/AppIntents
0x00000001c7aa8000 	/System/Library/Frameworks/SwiftUI.framework/Versions/A/SwiftUI
0x00000001be017000 	/System/Library/Frameworks/WebKit.framework/Versions/A/WebKit
0x000000023d7ae000 	/System/Library/Frameworks/_AuthenticationServices_SwiftUI.framework/Versions/A/_AuthenticationServices_SwiftUI
0x000000024038e000 	/System/Library/PrivateFrameworks/Anvil.framework/Versions/A/Anvil
0x00000001c711d000 	/System/Library/PrivateFrameworks/AppStoreDaemon.framework/Versions/A/AppStoreDaemon
0x00000001b44c8000 	/System/Library/PrivateFrameworks/AppleMediaServices.framework/Versions/A/AppleMediaServices
0x00000001c3b9c000 	/System/Library/PrivateFrameworks/AppleMediaServicesUI.framework/Versions/A/AppleMediaServicesUI
0x0000000251cfe000 	/System/Library/PrivateFrameworks/GenerativeAssistantCommon.framework/Versions/A/GenerativeAssistantCommon
0x00000001f4236000 	/System/Library/PrivateFrameworks/JetEngine.framework/Versions/A/JetEngine
0x0000000259846000 	/System/Library/PrivateFrameworks/LinkMetadata.framework/Versions/A/LinkMetadata
0x00000001c145c000 	/System/Library/PrivateFrameworks/OnBoardingKit.framework/Versions/A/OnBoardingKit
0x000000026779a000 	/System/Library/PrivateFrameworks/Settings.framework/Versions/A/Settings
0x00000001a5cc7000 	/System/Library/Frameworks/CoreSpotlight.framework/Versions/A/CoreSpotlight
0x0000000259a87000 	/System/Library/PrivateFrameworks/LinkServices.framework/Versions/A/LinkServices
0x000000024a3a1000 	/System/Library/PrivateFrameworks/DoNotDisturb.framework/Versions/A/DoNotDisturb
0x00000001c5940000 	/System/Library/PrivateFrameworks/IntentsCore.framework/Versions/A/IntentsCore
0x0000000242a74000 	/System/Library/PrivateFrameworks/AvailabilityKit.framework/Versions/A/AvailabilityKit
0x00000002405de000 	/System/Library/PrivateFrameworks/AppIntentSchemas.framework/Versions/A/AppIntentSchemas
0x000000026f5d2000 	/System/Library/PrivateFrameworks/StatusKit.framework/Versions/A/StatusKit
0x0000000265acc000 	/System/Library/PrivateFrameworks/RecapPerformanceTesting.framework/Versions/A/RecapPerformanceTesting
0x00000001c144c000 	/System/Library/PrivateFrameworks/SignpostCollection.framework/Versions/A/SignpostCollection
0x000000027f32a000 	/usr/lib/libSpatial.dylib
0x00000001b3ebe000 	/System/Library/Frameworks/WebKit.framework/Versions/A/Frameworks/WebKitLegacy.framework/Versions/A/WebKitLegacy
0x00000001b1e04000 	/System/Library/PrivateFrameworks/CorePrediction.framework/Versions/A/CorePrediction
0x00000001a2319000 	/System/Library/Frameworks/WebKit.framework/Versions/A/Frameworks/WebCore.framework/Versions/A/Frameworks/libwebrtc.dylib
0x00000001bdfa3000 	/System/Library/PrivateFrameworks/SafariSafeBrowsing.framework/Versions/A/SafariSafeBrowsing
0x00000001a9dd7000 	/System/Library/Frameworks/SecurityInterface.framework/Versions/A/SecurityInterface
0x00000001c145b000 	/System/Library/PrivateFrameworks/WebInspectorUI.framework/Versions/A/WebInspectorUI
0x00000001b67c6000 	/System/Library/Frameworks/JavaScriptCore.framework/Versions/A/JavaScriptCore
0x00000001ba587000 	/System/Library/Frameworks/WebKit.framework/Versions/A/Frameworks/WebCore.framework/Versions/A/WebCore
0x00000001f91f6000 	/System/Library/Frameworks/BrowserEngineCore.framework/Versions/A/BrowserEngineCore
0x000000023d30c000 	/System/Library/Frameworks/WebKit.framework/Versions/A/Frameworks/WebCore.framework/Versions/A/Frameworks/libANGLE-shared.dylib
0x0000000278289000 	/System/Library/PrivateFrameworks/WebGPU.framework/Versions/A/WebGPU
0x00000001c322e000 	/System/Library/Frameworks/SceneKit.framework/Versions/A/SceneKit
0x00000001d3866000 	/System/Library/Frameworks/ModelIO.framework/Versions/A/ModelIO
0x00000001ab712000 	/System/Library/Frameworks/MetalKit.framework/Versions/A/MetalKit
0x00000001ad7f1000 	/System/Library/Frameworks/GLKit.framework/Versions/A/GLKit
0x0000000280840000 	/usr/lib/usd/libusd_ms.dylib
0x00000002748d1000 	/System/Library/PrivateFrameworks/USDLib_FormatLoaderProxy.framework/Versions/A/USDLib_FormatLoaderProxy
0x00000001c0662000 	/System/Library/PrivateFrameworks/CoreOptimization.framework/Versions/A/CoreOptimization
0x0000000242947000 	/System/Library/PrivateFrameworks/AuthenticationServicesCore.framework/Versions/A/AuthenticationServicesCore
0x00000001ca3c5000 	/System/Library/Frameworks/AuthenticationServices.framework/Versions/A/AuthenticationServices
0x00000001a779b000 	/System/Library/PrivateFrameworks/SharedWebCredentials.framework/Versions/A/SharedWebCredentials
0x00000001c2298000 	/System/Library/PrivateFrameworks/SafariCore.framework/Versions/A/SafariCore
0x00000001c9f17000 	/System/Library/PrivateFrameworks/SafariFoundation.framework/Versions/A/SafariFoundation
0x00000002439d1000 	/System/Library/PrivateFrameworks/CBORLibrary.framework/Versions/A/CBORLibrary
0x0000000244779000 	/System/Library/PrivateFrameworks/Chirp.framework/Versions/A/Chirp
0x00000001f54ca000 	/System/Library/PrivateFrameworks/RemoteManagement.framework/Versions/A/RemoteManagement
0x0000000265e22000 	/System/Library/PrivateFrameworks/RemoteManagementModel.framework/Versions/A/RemoteManagementModel
0x0000000265eaf000 	/System/Library/PrivateFrameworks/RemoteManagementStore.framework/Versions/A/RemoteManagementStore
0x00000001ab730000 	/usr/lib/libxcselect.dylib
0x00000001c9e86000 	/System/Library/PrivateFrameworks/DifferentialPrivacy.framework/Versions/A/DifferentialPrivacy
0x00000001ae4c0000 	/System/Library/Frameworks/Contacts.framework/Versions/A/Contacts
0x00000002750f5000 	/System/Library/PrivateFrameworks/VDAF.framework/Versions/A/VDAF
0x00000001ae2dd000 	/System/Library/PrivateFrameworks/ContactsPersistence.framework/Versions/A/ContactsPersistence
0x00000001ad4f4000 	/System/Library/PrivateFrameworks/AppleLDAP.framework/Versions/A/AppleLDAP
0x00000001b1aab000 	/System/Library/Frameworks/ClassKit.framework/Versions/A/ClassKit
0x00000001b3bea000 	/System/Library/PrivateFrameworks/CoreSuggestions.framework/Versions/A/CoreSuggestions
0x00000001ae210000 	/System/Library/PrivateFrameworks/ContactsFoundation.framework/Versions/A/ContactsFoundation
0x00000001af7b1000 	/System/Library/PrivateFrameworks/vCard.framework/Versions/A/vCard
0x0000000245f9c000 	/System/Library/PrivateFrameworks/ContactsMetrics.framework/Versions/A/ContactsMetrics
0x00000001a7bb7000 	/System/Library/PrivateFrameworks/login.framework/Versions/A/login
0x000000025bbcf000 	/System/Library/PrivateFrameworks/ManagedOrganizationContacts.framework/Versions/A/ManagedOrganizationContacts
0x00000001a1a85000 	/System/Library/PrivateFrameworks/CloudDocs.framework/Versions/A/CloudDocs
0x00000001b31d9000 	/System/Library/PrivateFrameworks/ConfigurationProfiles.framework/Versions/A/ConfigurationProfiles
0x0000000249920000 	/System/Library/PrivateFrameworks/DMCUtilities.framework/Versions/A/DMCUtilities
0x0000000259e62000 	/System/Library/PrivateFrameworks/MDMClientLibrary.framework/Versions/A/MDMClientLibrary
0x0000000265ea3000 	/System/Library/PrivateFrameworks/RemoteManagementProtocol.framework/Versions/A/RemoteManagementProtocol
0x000000027f136000 	/usr/lib/libEndpointSecuritySystem.dylib
0x00000001adc1a000 	/System/Library/PrivateFrameworks/SystemAdministration.framework/Versions/A/SystemAdministration
0x00000001b80cc000 	/System/Library/PrivateFrameworks/PowerlogControl.framework/Versions/A/PowerlogControl
0x00000001a527a000 	/System/Library/Frameworks/ServiceManagement.framework/Versions/A/ServiceManagement
0x00000001b80ce000 	/usr/lib/libUniversalAccess.dylib
0x00000001b4d99000 	/System/Library/PrivateFrameworks/FamilyControls.framework/Versions/A/FamilyControls
0x00000001ad4a5000 	/System/Library/Frameworks/DirectoryService.framework/Versions/A/DirectoryService
0x00000001b1799000 	/System/Library/PrivateFrameworks/LoginUIKit.framework/Versions/A/Frameworks/LoginUICore.framework/Versions/A/LoginUICore
0x00000001a7da7000 	/usr/lib/libodfde.dylib
0x00000001b4d93000 	/System/Library/PrivateFrameworks/UniversalAccess.framework/Versions/A/Libraries/libUAPreferences.dylib
0x00000001b4dbd000 	/System/Library/PrivateFrameworks/CommerceKit.framework/Versions/A/Frameworks/CommerceCore.framework/Versions/A/CommerceCore
0x00000002498ce000 	/System/Library/PrivateFrameworks/DEPClientLibrary.framework/Versions/A/DEPClientLibrary
0x00000002498ee000 	/System/Library/PrivateFrameworks/DMCEnrollmentLibrary.framework/Versions/A/DMCEnrollmentLibrary
0x00000001b81b2000 	/System/Library/PrivateFrameworks/SetupAssistantFramework.framework/Versions/A/SetupAssistantFramework
0x00000001b1e5e000 	/System/Library/PrivateFrameworks/AuthKitUI.framework/Versions/A/AuthKitUI
0x00000001b17e3000 	/System/Library/PrivateFrameworks/AppSSO.framework/Versions/A/AppSSO
0x00000001c6e83000 	/System/Library/PrivateFrameworks/LocalAuthenticationUI.framework/Versions/A/LocalAuthenticationUI
0x0000000264061000 	/System/Library/PrivateFrameworks/PlatformSSO.framework/Versions/A/PlatformSSO
0x00000001c7870000 	/System/Library/PrivateFrameworks/AOSUI.framework/Versions/A/AOSUI
0x00000001b9c43000 	/System/Library/Frameworks/ContactsUI.framework/Versions/A/ContactsUI
0x00000001ae6f7000 	/System/Library/PrivateFrameworks/FamilyCircle.framework/Versions/A/FamilyCircle
0x00000001d4f16000 	/System/Library/Frameworks/LinkPresentation.framework/Versions/A/LinkPresentation
0x000000026412d000 	/System/Library/PrivateFrameworks/PlatformSSOCore.framework/Versions/A/PlatformSSOCore
0x00000001b9955000 	/System/Library/PrivateFrameworks/IASUtilities.framework/Versions/A/IASUtilities
0x0000000254d65000 	/System/Library/PrivateFrameworks/IASUtilitiesCore.framework/Versions/A/IASUtilitiesCore
0x0000000259d4a000 	/System/Library/PrivateFrameworks/LocalAuthenticationCoreUI.framework/Versions/A/LocalAuthenticationCoreUI
0x00000001c08f7000 	/System/Library/Frameworks/LocalAuthentication.framework/Support/DaemonUtils.framework/Versions/A/DaemonUtils
0x00000001c3b63000 	/System/Library/PrivateFrameworks/BridgeXPC.framework/Versions/A/BridgeXPC
0x00000001a7bdb000 	/System/Library/PrivateFrameworks/CoreBrightness.framework/Versions/A/CoreBrightness
0x00000001c1535000 	/System/Library/PrivateFrameworks/CoreKDL.framework/Versions/A/CoreKDL
0x00000001bfd5f000 	/System/Library/PrivateFrameworks/EmbeddedOSSupportHost.framework/Versions/A/EmbeddedOSSupportHost
0x00000002702e5000 	/System/Library/PrivateFrameworks/SystemStatus.framework/Versions/A/SystemStatus
0x00000001cefec000 	/System/Library/PrivateFrameworks/StorageKit.framework/Versions/A/StorageKit
0x00000001f6b44000 	/System/Library/Frameworks/DeviceCheck.framework/Versions/A/DeviceCheck
0x00000001f9e6f000 	/System/Library/Frameworks/FSKit.framework/Versions/A/FSKit
0x000000024a0be000 	/System/Library/PrivateFrameworks/DiskImages2.framework/Versions/A/DiskImages2
0x0000000259bd7000 	/System/Library/PrivateFrameworks/LiveFS.framework/Versions/A/LiveFS
0x000000027c9d5000 	/System/Library/PrivateFrameworks/icloudMCCKit.framework/Versions/A/icloudMCCKit
0x00000002412dc000 	/System/Library/PrivateFrameworks/AppleAccountUI.framework/Versions/A/AppleAccountUI
0x000000024529f000 	/System/Library/PrivateFrameworks/CloudSubscriptionFeatures.framework/Versions/A/CloudSubscriptionFeatures
0x00000001e0a00000 	/System/Library/PrivateFrameworks/PreferencePanesSupport.framework/Versions/A/PreferencePanesSupport
0x00000001c7a20000 	/System/Library/PrivateFrameworks/FindMyDeviceUI.framework/Versions/A/FindMyDeviceUI
0x000000027a60d000 	/System/Library/PrivateFrameworks/iCloudQuotaUI.framework/Versions/A/iCloudQuotaUI
0x00000001e0bb3000 	/System/Library/PrivateFrameworks/CoreCDPUI.framework/Versions/A/CoreCDPUI
0x00000001c1fff000 	/System/Library/PrivateFrameworks/CoreFollowUpUI.framework/Versions/A/CoreFollowUpUI
0x00000001a9e10000 	/System/Library/PrivateFrameworks/CoreFollowUp.framework/Versions/A/CoreFollowUp
0x00000001cdd67000 	/System/Library/PrivateFrameworks/IMCore.framework/Versions/A/IMCore
0x00000001b8134000 	/System/Library/PrivateFrameworks/CoreCDP.framework/Versions/A/CoreCDP
0x00000001b44ba000 	/System/Library/PrivateFrameworks/AskPermission.framework/Versions/A/AskPermission
0x00000001c58bb000 	/System/Library/Frameworks/Quartz.framework/Versions/A/Quartz
0x00000001d1891000 	/System/Library/PrivateFrameworks/CloudPhotoServicesConfiguration.framework/Versions/A/CloudPhotoServicesConfiguration
0x00000001c42d1000 	/System/Library/PrivateFrameworks/CommerceKit.framework/Versions/A/CommerceKit
0x00000001d31d1000 	/System/Library/PrivateFrameworks/FindMyMac.framework/Versions/A/FindMyMac
0x00000001d30a8000 	/System/Library/Frameworks/PreferencePanes.framework/Versions/A/PreferencePanes
0x00000001c6f7b000 	/System/Library/Frameworks/AddressBook.framework/Versions/A/AddressBook
0x00000001b34a2000 	/System/Library/PrivateFrameworks/AOSAccounts.framework/Versions/A/AOSAccounts
0x00000001adc14000 	/System/Library/PrivateFrameworks/AppleSRP.framework/Versions/A/AppleSRP
0x00000001c0811000 	/System/Library/Frameworks/SafariServices.framework/Versions/A/SafariServices
0x00000001b1fc0000 	/System/Library/PrivateFrameworks/NetFSServer.framework/Versions/A/NetFSServer
0x00000001c3107000 	/System/Library/Frameworks/PDFKit.framework/Versions/A/PDFKit
0x00000001d40c9000 	/System/Library/PrivateFrameworks/EmailFoundation.framework/Versions/A/EmailFoundation
0x00000001d3105000 	/System/Library/PrivateFrameworks/EmailCore.framework/Versions/A/EmailCore
0x00000001d6ef6000 	/System/Library/PrivateFrameworks/EmailAddressing.framework/Versions/A/EmailAddressing
0x00000001d6f02000 	/System/Library/PrivateFrameworks/Email.framework/Versions/A/Email
0x00000001ff360000 	/System/Library/Frameworks/TabularData.framework/Versions/A/TabularData
0x00000002802e7000 	/usr/lib/swift/libswiftPassKit.dylib
0x0000000242bb6000 	/System/Library/PrivateFrameworks/BackgroundSystemTasks.framework/Versions/A/BackgroundSystemTasks
0x0000000259dd9000 	/System/Library/PrivateFrameworks/LockdownMode.framework/Versions/A/LockdownMode
0x00000001ae6f1000 	/System/Library/PrivateFrameworks/CommunicationsFilter.framework/Versions/A/CommunicationsFilter
0x00000001e46c4000 	/System/Library/Frameworks/PassKit.framework/Versions/A/PassKit
0x00000001b58bd000 	/System/Library/PrivateFrameworks/PassKitCore.framework/Versions/A/PassKitCore
0x0000000261618000 	/System/Library/PrivateFrameworks/PassKitMacHelperTemp.framework/Versions/A/PassKitMacHelperTemp
0x000000024061b000 	/System/Library/PrivateFrameworks/AppIntentsServices.framework/Versions/A/AppIntentsServices
0x00000001b30b8000 	/System/Library/PrivateFrameworks/CoreRecents.framework/Versions/A/CoreRecents
0x00000001c0944000 	/System/Library/PrivateFrameworks/BiometricKit.framework/Versions/A/BiometricKit
0x0000000266860000 	/System/Library/PrivateFrameworks/SEService.framework/Versions/A/SEService
0x00000001b3cb6000 	/System/Library/Frameworks/EventKit.framework/Versions/A/EventKit
0x00000001c5960000 	/System/Library/PrivateFrameworks/NearField.framework/Versions/A/NearField
0x00000001c7698000 	/System/Library/PrivateFrameworks/FTClientServices.framework/Versions/A/FTClientServices
0x00000001e0421000 	/System/Library/PrivateFrameworks/DiagnosticRequest.framework/Versions/A/DiagnosticRequest
0x000000027f2e4000 	/usr/lib/libSESShared.dylib
0x0000000266a01000 	/System/Library/PrivateFrameworks/STSXPCHelperClient.framework/Versions/A/STSXPCHelperClient
0x00000002700b8000 	/System/Library/PrivateFrameworks/Symptoms.framework/Versions/A/Frameworks/SymptomPresentationFeed.framework/Versions/A/SymptomPresentationFeed
0x0000000241b8f000 	/System/Library/PrivateFrameworks/AppleMediaServicesKitInternal.framework/Versions/A/AppleMediaServicesKitInternal
0x000000026fe33000 	/System/Library/PrivateFrameworks/SymptomShared.framework/Versions/A/SymptomShared
0x0000000244309000 	/System/Library/PrivateFrameworks/CalendarDatabase.framework/Versions/A/CalendarDatabase
0x000000024425d000 	/System/Library/PrivateFrameworks/CalendarDaemon.framework/Versions/A/CalendarDaemon
0x00000001b310d000 	/System/Library/PrivateFrameworks/CalendarFoundation.framework/Versions/A/CalendarFoundation
0x00000001b30c9000 	/System/Library/PrivateFrameworks/iCalendar.framework/Versions/A/iCalendar
0x0000000249b55000 	/System/Library/PrivateFrameworks/DataAccessExpress.framework/Versions/A/DataAccessExpress
0x00000001b97e7000 	/System/Library/PrivateFrameworks/CoreDAV.framework/Versions/A/CoreDAV
0x00000001b3b8b000 	/System/Library/PrivateFrameworks/CalDAV.framework/Versions/A/CalDAV
0x00000001bdd00000 	/System/Library/PrivateFrameworks/TelephonyUtilities.framework/Versions/A/TelephonyUtilities
0x00000001c20ca000 	/System/Library/Frameworks/CallKit.framework/Versions/A/CallKit
0x00000001e9d12000 	/System/Library/PrivateFrameworks/IMTransferServices.framework/Versions/A/IMTransferServices
0x00000001c067c000 	/System/Library/PrivateFrameworks/IncomingCallFilter.framework/Versions/A/IncomingCallFilter
0x000000025ef23000 	/System/Library/PrivateFrameworks/NeighborhoodActivityConduit.framework/Versions/A/NeighborhoodActivityConduit
0x000000027f10c000 	/usr/lib/libBASupport.dylib
0x00000001cdb11000 	/System/Library/PrivateFrameworks/SpotlightReceiver.framework/Versions/A/SpotlightReceiver
0x00000001c7339000 	/usr/lib/libnfshared.dylib
0x00000001e6ef2000 	/System/Library/PrivateFrameworks/PassKitUIFoundation.framework/Versions/A/PassKitUIFoundation
0x00000001ad506000 	/System/Library/Frameworks/MapKit.framework/Versions/A/MapKit
0x00000001f9e33000 	/System/Library/Frameworks/ExtensionKit.framework/Versions/A/ExtensionKit
0x0000000252187000 	/System/Library/PrivateFrameworks/GeoAnalytics.framework/Versions/A/GeoAnalytics
0x00000001c168a000 	/System/Library/PrivateFrameworks/SearchFoundation.framework/Versions/A/SearchFoundation
0x00000001c736f000 	/System/Library/PrivateFrameworks/Navigation.framework/Versions/A/Navigation
0x00000001d03b1000 	/System/Library/PrivateFrameworks/VectorKit.framework/Versions/A/VectorKit
0x00000001b9a1d000 	/System/Library/PrivateFrameworks/VirtualGarage.framework/Versions/A/VirtualGarage
0x00000001c74e8000 	/System/Library/Frameworks/ExternalAccessory.framework/ExternalAccessory
0x00000001c7502000 	/System/Library/PrivateFrameworks/IAP.framework/Versions/A/IAP
0x00000001ad7b9000 	/System/Library/PrivateFrameworks/IOPlatformPluginFamily.framework/Versions/A/IOPlatformPluginFamily
0x0000000242a77000 	/System/Library/PrivateFrameworks/AvatarKit.framework/Versions/A/AvatarKit
0x0000000242b2f000 	/System/Library/PrivateFrameworks/AvatarPersistence.framework/Versions/A/AvatarPersistence
0x0000000265f18000 	/System/Library/PrivateFrameworks/RemoteUI.framework/Versions/A/RemoteUI
0x00000001ad8bd000 	/usr/lib/libCTGreenTeaLogger.dylib
0x00000001ff58a000 	/System/Library/Frameworks/TipKit.framework/Versions/A/TipKit
0x00000001e267b000 	/System/Library/PrivateFrameworks/AppleCVA.framework/Versions/A/AppleCVA
0x0000000242b2e000 	/System/Library/PrivateFrameworks/AvatarKitContent.framework/Versions/A/AvatarKitContent
0x00000001ad8e5000 	/System/Library/PrivateFrameworks/CoreAppleCVA.framework/Versions/A/CoreAppleCVA
0x0000000258c15000 	/System/Library/PrivateFrameworks/LiftUI.framework/Versions/A/LiftUI
0x000000024520e000 	/System/Library/PrivateFrameworks/CloudSettings.framework/Versions/A/CloudSettings
0x00000001c02a6000 	/System/Library/PrivateFrameworks/CoreRoutine.framework/Versions/A/CoreRoutine
0x00000001ceb41000 	/System/Library/PrivateFrameworks/Categories.framework/Versions/A/Categories
0x000000024570e000 	/System/Library/PrivateFrameworks/Coherence.framework/Versions/A/Coherence
0x00000001bdbfb000 	/System/Library/PrivateFrameworks/CoreParsec.framework/Versions/A/CoreParsec
0x0000000261ca7000 	/System/Library/PrivateFrameworks/PegasusAPI.framework/Versions/A/PegasusAPI
0x0000000262975000 	/System/Library/PrivateFrameworks/PegasusConfiguration.framework/Versions/A/PegasusConfiguration
0x0000000259db0000 	/System/Library/PrivateFrameworks/LocalStatusKit.framework/Versions/A/LocalStatusKit
0x00000001c227e000 	/System/Library/PrivateFrameworks/ContextKit.framework/Versions/A/ContextKit
0x00000002460c7000 	/System/Library/PrivateFrameworks/ContextKitCore.framework/Versions/A/ContextKitCore
0x00000001c769c000 	/System/Library/PrivateFrameworks/CharacterPicker.framework/Versions/A/CharacterPicker
0x00000001c0783000 	/System/Library/PrivateFrameworks/ContactsDonation.framework/Versions/A/ContactsDonation
0x00000001b9b3f000 	/System/Library/PrivateFrameworks/ContactsUICore.framework/Versions/A/ContactsUICore
0x00000001c0089000 	/System/Library/PrivateFrameworks/DataDetectors.framework/Versions/A/DataDetectors
0x00000001b3b77000 	/System/Library/Frameworks/MediaLibrary.framework/Versions/A/MediaLibrary
0x00000001ae6e0000 	/System/Library/PrivateFrameworks/PersonaKit.framework/Versions/A/PersonaKit
0x00000001b9b2d000 	/System/Library/PrivateFrameworks/PersonaUI.framework/Versions/A/PersonaUI
0x0000000255626000 	/System/Library/PrivateFrameworks/InputToolKitUI.framework/Versions/A/InputToolKitUI
0x0000000255611000 	/System/Library/PrivateFrameworks/InputToolKit.framework/Versions/A/InputToolKit
0x000000026f70b000 	/System/Library/PrivateFrameworks/Stickers.framework/Versions/A/Stickers
0x000000025557f000 	/System/Library/PrivateFrameworks/InputAnalytics.framework/Versions/A/InputAnalytics
0x00000001c9213000 	/System/Library/PrivateFrameworks/EmojiFoundation.framework/Versions/A/EmojiFoundation
0x000000024b4f9000 	/System/Library/PrivateFrameworks/FeedbackService.framework/Versions/A/FeedbackService
0x00000001ae35c000 	/System/Library/PrivateFrameworks/AddressBookCore.framework/Versions/A/AddressBookCore
0x00000001c1f7f000 	/System/Library/PrivateFrameworks/IntlPreferences.framework/Versions/A/IntlPreferences
0x00000001c70fe000 	/System/Library/PrivateFrameworks/ToneKit.framework/Versions/A/ToneKit
0x00000001c1fc5000 	/System/Library/PrivateFrameworks/ToneLibrary.framework/Versions/A/ToneLibrary
0x0000000245f62000 	/System/Library/PrivateFrameworks/ContactsAccounts.framework/Versions/A/ContactsAccounts
0x00000001d2ac6000 	/System/Library/PrivateFrameworks/Transparency.framework/Versions/A/Transparency
0x00000001c57d8000 	/System/Library/PrivateFrameworks/Lookup.framework/Versions/A/Lookup
0x00000001fd75e000 	/System/Library/Frameworks/QuickLookUI.framework/Versions/A/QuickLookUI
0x00000001fe13e000 	/System/Library/Frameworks/ScreenCaptureKit.framework/Versions/A/ScreenCaptureKit
0x00000001c2c1b000 	/System/Library/Frameworks/Quartz.framework/Versions/A/Frameworks/QuartzComposer.framework/Versions/A/QuartzComposer
0x00000001c1f56000 	/System/Library/Frameworks/Quartz.framework/Versions/A/Frameworks/QuartzFilters.framework/Versions/A/QuartzFilters
0x00000001c103c000 	/System/Library/Frameworks/Quartz.framework/Versions/A/Frameworks/ImageKit.framework/Versions/A/ImageKit
0x00000001f84b3000 	/System/Library/Frameworks/OpenCL.framework/Versions/A/OpenCL
0x00000001bf788000 	/System/Library/PrivateFrameworks/CorePDF.framework/Versions/A/CorePDF
0x00000001ab6a9000 	/System/Library/Frameworks/QuickLook.framework/Versions/A/QuickLook
0x00000001b57c2000 	/System/Library/PrivateFrameworks/DisplayServices.framework/Versions/A/DisplayServices
0x00000001c1ec6000 	/System/Library/Frameworks/ImageCaptureCore.framework/Versions/A/ImageCaptureCore
0x0000000276baa000 	/System/Library/PrivateFrameworks/VisionKitCore.framework/Versions/A/VisionKitCore
0x00000001bdbcb000 	/System/Library/PrivateFrameworks/QuickLookSupport.framework/Versions/A/QuickLookSupport
0x000000025c439000 	/System/Library/PrivateFrameworks/MediaAnalysisServices.framework/Versions/A/MediaAnalysisServices
0x00000001c47c7000 	/System/Library/PrivateFrameworks/PhotoLibraryServices.framework/Versions/A/PhotoLibraryServices
0x00000001c1b0f000 	/System/Library/Frameworks/Photos.framework/Versions/A/Photos
0x00000001d52f7000 	/System/Library/PrivateFrameworks/PhotosFormats.framework/Versions/A/PhotosFormats
0x00000001d18c3000 	/System/Library/PrivateFrameworks/CloudPhotoLibrary.framework/Versions/A/CloudPhotoLibrary
0x00000001da8e8000 	/System/Library/PrivateFrameworks/CloudPhotoServices.framework/Versions/A/CloudPhotoServices
0x00000001d707f000 	/System/Library/PrivateFrameworks/CoreMediaStream.framework/Versions/A/CoreMediaStream
0x00000001aed0c000 	/System/Library/PrivateFrameworks/CPAnalytics.framework/Versions/A/CPAnalytics
0x00000001d376b000 	/System/Library/PrivateFrameworks/MediaConversionService.framework/Versions/A/MediaConversionService
0x00000001b542f000 	/System/Library/PrivateFrameworks/PhotoFoundation.framework/Versions/A/PhotoFoundation
0x0000000262f0d000 	/System/Library/PrivateFrameworks/PhotoLibraryServicesCore.framework/Versions/A/PhotoLibraryServicesCore
0x00000001cd4c2000 	/System/Library/PrivateFrameworks/MMCS.framework/Versions/A/MMCS
0x00000001b39e0000 	/System/Library/PrivateFrameworks/ChunkingLibrary.framework/Versions/A/ChunkingLibrary
0x00000001adbbf000 	/System/Library/PrivateFrameworks/AssetCacheServices.framework/Versions/A/AssetCacheServices
0x00000001af8e7000 	/System/Library/PrivateFrameworks/AVFoundationCF.framework/Versions/A/AVFoundationCF
0x00000001e9c0f000 	/usr/lib/swift/libswiftDemangle.dylib
0x00000001c0306000 	/System/Library/PrivateFrameworks/MediaStream.framework/Versions/A/MediaStream
0x00000001d3c85000 	/System/Library/PrivateFrameworks/NeutrinoCore.framework/Versions/A/NeutrinoCore
0x000000019ee25000 	/System/Library/PrivateFrameworks/NLP.framework/Versions/A/NLP
0x00000001d9694000 	/System/Library/PrivateFrameworks/PhotoImaging.framework/Versions/A/PhotoImaging
0x00000001da8a9000 	/System/Library/PrivateFrameworks/PhotosImagingFoundation.framework/Versions/A/PhotosImagingFoundation
0x00000002639e8000 	/System/Library/PrivateFrameworks/PhotosIntelligenceCore.framework/Versions/A/PhotosIntelligenceCore
0x00000001afd7e000 	/System/Library/PrivateFrameworks/EmbeddedAcousticRecognition.framework/Versions/A/EmbeddedAcousticRecognition
0x00000001d1b2a000 	/System/Library/PrivateFrameworks/SDAPI.framework/Versions/A/SDAPI
0x00000001da8f6000 	/System/Library/PrivateFrameworks/AutoLoop.framework/Versions/A/AutoLoop
0x0000000264451000 	/System/Library/PrivateFrameworks/Portrait.framework/Versions/A/Portrait
0x0000000241385000 	/System/Library/PrivateFrameworks/AppleDepth.framework/Versions/A/AppleDepth
0x000000024c08f000 	/System/Library/PrivateFrameworks/FusionTracker.framework/Versions/A/FusionTracker
0x0000000241473000 	/System/Library/PrivateFrameworks/AppleDepthCore.framework/Versions/A/AppleDepthCore
0x00000001c26db000 	/System/Library/PrivateFrameworks/iTunesCloud.framework/Versions/A/iTunesCloud
0x00000001caf87000 	/System/Library/PrivateFrameworks/DAAPKit.framework/Versions/A/DAAPKit
0x000000028036b000 	/usr/lib/swift/libswiftVideoToolbox.dylib
0x00000001bdedc000 	/System/Library/PrivateFrameworks/DeviceManagement.framework/Versions/A/DeviceManagement
0x00000001e0380000 	/System/Library/PrivateFrameworks/ScreenTimeUI.framework/Versions/A/ScreenTimeUI
0x00000001c0083000 	/System/Library/PrivateFrameworks/QuickLookNonBaseSystem.framework/Versions/A/QuickLookNonBaseSystem
0x00000001c0852000 	/System/Library/PrivateFrameworks/Catalyst.framework/Versions/A/Catalyst
0x000000025bbd5000 	/System/Library/PrivateFrameworks/ManagedSettingsObjC.framework/Versions/A/ManagedSettingsObjC
0x00000001c216c000 	/System/Library/PrivateFrameworks/ScreenTimeCore.framework/Versions/A/ScreenTimeCore
0x00000001d4859000 	/System/Library/PrivateFrameworks/ScreenTimeServiceUI.framework/Versions/A/ScreenTimeServiceUI
0x00000001cd64d000 	/System/Library/PrivateFrameworks/ConfigurationEngineModel.framework/Versions/A/ConfigurationEngineModel
0x00000001d036d000 	/System/Library/PrivateFrameworks/UsageTracking.framework/Versions/A/UsageTracking
0x00000001f9c34000 	/System/Library/Frameworks/DeviceActivity.framework/Versions/A/DeviceActivity
0x00000001d033d000 	/System/Library/PrivateFrameworks/KnowledgeMonitor.framework/Versions/A/KnowledgeMonitor
0x00000001e6e97000 	/System/Library/PrivateFrameworks/BluetoothManager.framework/Versions/A/BluetoothManager
0x00000001fad8f000 	/System/Library/Frameworks/ManagedSettings.framework/Versions/A/ManagedSettings
0x000000025bc0e000 	/System/Library/PrivateFrameworks/ManagedSettingsSupport.framework/Versions/A/ManagedSettingsSupport
0x00000001e4794000 	/System/Library/Frameworks/ReplayKit.framework/Versions/A/ReplayKit
0x00000001b675b000 	/System/Library/PrivateFrameworks/MarkupUI.framework/Versions/A/MarkupUI
0x00000001c005b000 	/System/Library/PrivateFrameworks/SidecarCore.framework/Versions/A/SidecarCore
0x00000001c2adc000 	/System/Library/PrivateFrameworks/AnnotationKit.framework/Versions/A/AnnotationKit
0x00000001ff6ea000 	/System/Library/Frameworks/Translation.framework/Versions/A/Translation
0x00000001dc2be000 	/System/Library/PrivateFrameworks/RevealCore.framework/Versions/A/RevealCore
0x00000001dc2b2000 	/System/Library/PrivateFrameworks/Reveal.framework/Versions/A/Reveal
0x00000002739b2000 	/System/Library/PrivateFrameworks/TranslationUIServices.framework/Versions/A/TranslationUIServices
0x00000001c1282000 	/System/Library/Frameworks/PencilKit.framework/Versions/A/PencilKit
0x00000001c1437000 	/System/Library/PrivateFrameworks/SidecarUI.framework/Versions/A/SidecarUI
0x00000001c0c2f000 	/System/Library/PrivateFrameworks/CoreHandwriting.framework/Versions/A/CoreHandwriting
0x0000000198feb000 	/usr/lib/libmecabra.dylib
0x00000001b9fb6000 	/System/Library/PrivateFrameworks/Calculate.framework/Versions/A/Calculate
0x00000001a754f000 	/usr/lib/libChineseTokenizer.dylib
0x00000001f53f3000 	/System/Library/PrivateFrameworks/ScreenReaderCore.framework/Versions/A/ScreenReaderCore
0x000000026fae2000 	/System/Library/PrivateFrameworks/StocksKit.framework/Versions/A/StocksKit
0x00000001b912f000 	/System/Library/PrivateFrameworks/OAuth.framework/Versions/A/OAuth
0x000000026f78f000 	/System/Library/PrivateFrameworks/StocksCore.framework/Versions/A/StocksCore
0x00000002707f3000 	/System/Library/PrivateFrameworks/TeaFoundation.framework/Versions/A/TeaFoundation
0x00000002709dc000 	/System/Library/PrivateFrameworks/TeaSettings.framework/Versions/A/TeaSettings
0x00000001eafd9000 	/System/Library/PrivateFrameworks/NewsCore.framework/Versions/A/NewsCore
0x0000000270790000 	/System/Library/PrivateFrameworks/TeaDB.framework/Versions/A/TeaDB
0x00000001e7c80000 	/System/Library/PrivateFrameworks/RemoteConfiguration.framework/Versions/A/RemoteConfiguration
0x00000001eac13000 	/System/Library/PrivateFrameworks/NewsTransport.framework/Versions/A/NewsTransport
0x00000001eafc9000 	/System/Library/PrivateFrameworks/NewsFoundation.framework/Versions/A/NewsFoundation
0x000000025f46b000 	/System/Library/PrivateFrameworks/NewsURLBucket.framework/Versions/A/NewsURLBucket
0x00000001c44fb000 	/System/Library/PrivateFrameworks/MobileInstallation.framework/Versions/A/MobileInstallation
0x00000002729f9000 	/System/Library/PrivateFrameworks/TipKitCore.framework/Versions/A/TipKitCore
0x00000001c9296000 	/System/Library/PrivateFrameworks/CoreCDPInternal.framework/Versions/A/CoreCDPInternal
0x00000001b9081000 	/System/Library/PrivateFrameworks/AccountsDaemon.framework/Versions/A/AccountsDaemon
0x0000000265b5a000 	/System/Library/PrivateFrameworks/RegulatoryDomain.framework/Versions/A/RegulatoryDomain
0x00000001e0bb0000 	/System/Library/PrivateFrameworks/MachineSettings.framework/Versions/A/MachineSettings
0x00000001d302b000 	/System/Library/PrivateFrameworks/BezelServices.framework/Versions/A/BezelServices
0x00000001cb010000 	/System/Library/PrivateFrameworks/SPOwner.framework/Versions/A/SPOwner
0x00000001c4336000 	/System/Library/PrivateFrameworks/FMCore.framework/Versions/A/FMCore
0x000000027a56a000 	/System/Library/PrivateFrameworks/iCloudQuota.framework/Versions/A/iCloudQuota
0x00000001b9ab2000 	/System/Library/PrivateFrameworks/CoreRecognition.framework/Versions/A/CoreRecognition
0x00000001d30e0000 	/System/Library/PrivateFrameworks/InAppMessages.framework/Versions/A/InAppMessages
0x00000001f413d000 	/System/Library/PrivateFrameworks/JetUI.framework/Versions/A/JetUI
0x0000000258971000 	/System/Library/PrivateFrameworks/JetPack.framework/Versions/A/JetPack
0x00000001d30d7000 	/System/Library/PrivateFrameworks/InAppMessagesCore.framework/Versions/A/InAppMessagesCore
0x0000000279c62000 	/System/Library/PrivateFrameworks/_JetEngine_SwiftUI.framework/Versions/A/_JetEngine_SwiftUI
0x00000002700e0000 	/System/Library/PrivateFrameworks/Synapse.framework/Versions/A/Synapse
0x00000002440f9000 	/System/Library/PrivateFrameworks/CSExattrCrypto.framework/Versions/A/CSExattrCrypto
0x00000001b5440000 	/System/Library/PrivateFrameworks/IMSharedUtilities.framework/Versions/A/IMSharedUtilities
0x00000001ce3fb000 	/System/Library/Frameworks/InstantMessage.framework/Versions/A/InstantMessage
0x00000001c6e7c000 	/System/Library/PrivateFrameworks/IDSKVStore.framework/Versions/A/IDSKVStore
0x00000001c6cbc000 	/System/Library/PrivateFrameworks/IMDPersistence.framework/Versions/A/IMDPersistence
0x0000000280287000 	/usr/lib/swift/libswiftAppleArchive.dylib
0x00000002750e7000 	/System/Library/PrivateFrameworks/UserSafety.framework/Versions/A/UserSafety
0x00000001e60e9000 	/System/Library/PrivateFrameworks/BlastDoor.framework/Versions/A/BlastDoor
0x00000001fe1c2000 	/System/Library/Frameworks/SensitiveContentAnalysis.framework/Versions/A/SensitiveContentAnalysis
0x0000000259a57000 	/System/Library/PrivateFrameworks/LinkPresentationStyleSheetParsing.framework/Versions/A/LinkPresentationStyleSheetParsing
0x00000001c06db000 	/System/Library/PrivateFrameworks/CoreSDB.framework/Versions/A/CoreSDB
0x00000002424cd000 	/System/Library/PrivateFrameworks/AskToCore.framework/Versions/A/AskToCore
0x00000001c54c5000 	/System/Library/PrivateFrameworks/StoreFoundation.framework/Versions/A/StoreFoundation
0x00000001c4330000 	/System/Library/PrivateFrameworks/ServerInformation.framework/Versions/A/ServerInformation
0x00000001c3da1000 	/System/Library/PrivateFrameworks/Install.framework/Frameworks/DistributionKit.framework/Versions/A/DistributionKit
0x00000001bd998000 	/System/Library/PrivateFrameworks/PackageKit.framework/Versions/A/PackageKit
0x00000001c3dc4000 	/System/Library/PrivateFrameworks/OSPersonalization.framework/Versions/A/OSPersonalization
0x00000001c5a31000 	/System/Library/PrivateFrameworks/BridgeOSSoftwareUpdate.framework/Versions/A/BridgeOSSoftwareUpdate
0x00000001c0b57000 	/System/Library/PrivateFrameworks/StorageManagement.framework/Versions/A/StorageManagement
0x00000001d43e2000 	/usr/lib/libauthinstall.dylib
0x00000001c5a3a000 	/System/Library/PrivateFrameworks/InstallerDiagnostics.framework/Versions/A/InstallerDiagnostics
0x00000001d4a15000 	/usr/lib/libcrypto.42.dylib
0x00000001c5a1f000 	/System/Library/PrivateFrameworks/GPUInfo.framework/Versions/A/GPUInfo
0x00000001d31d7000 	/System/Library/PrivateFrameworks/MobileActivationMacOS.framework/Versions/A/MobileActivationMacOS
0x000000019f54a000 	/System/Library/Frameworks/Accounts.framework/Versions/A/Accounts
0x00000001c5a7e000 	/System/Library/PrivateFrameworks/AOSKit.framework/Versions/A/AOSKit
0x00000001a767f000 	/System/Library/PrivateFrameworks/AppSSOCore.framework/Versions/A/AppSSOCore
0x00000001b179f000 	/System/Library/PrivateFrameworks/AppSupport.framework/Versions/A/AppSupport
0x00000001bfb61000 	/System/Library/Frameworks/AVFoundation.framework/Versions/A/AVFoundation
0x00000001b2015000 	/System/Library/PrivateFrameworks/DuetActivityScheduler.framework/Versions/A/DuetActivityScheduler
0x00000001c0682000 	/System/Library/PrivateFrameworks/FTServices.framework/Versions/A/FTServices
0x00000001d17fc000 	/System/Library/PrivateFrameworks/NetworkServiceProxy.framework/Versions/A/NetworkServiceProxy
0x00000001afc8b000 	/System/Library/PrivateFrameworks/Rapport.framework/Versions/A/Rapport
0x000000026fe43000 	/System/Library/PrivateFrameworks/Symptoms.framework/Versions/A/Frameworks/SymptomAnalytics.framework/Versions/A/SymptomAnalytics
0x00000001ad82b000 	/usr/lib/libnetworkextension.dylib
0x00000001e6cad000 	/System/Library/Frameworks/CryptoKit.framework/Versions/A/CryptoKit
0x00000001b1fb3000 	/System/Library/PrivateFrameworks/CryptoKitCBridging.framework/Versions/A/CryptoKitCBridging
0x00000001af801000 	/System/Library/Frameworks/CryptoTokenKit.framework/Versions/A/CryptoTokenKit
0x00000001daf00000 	/usr/lib/swift/libswiftCryptoTokenKit.dylib
0x00000001af865000 	/System/Library/Frameworks/LocalAuthentication.framework/Versions/A/LocalAuthentication
0x0000000259c2c000 	/System/Library/PrivateFrameworks/LocalAuthenticationCore.framework/Versions/A/LocalAuthenticationCore
0x00000001af8ba000 	/System/Library/Frameworks/LocalAuthentication.framework/Support/SharedUtils.framework/Versions/A/SharedUtils
0x00000001ae88e000 	/System/Library/PrivateFrameworks/SymptomDiagnosticReporter.framework/Versions/A/SymptomDiagnosticReporter
0x000000024980c000 	/System/Library/PrivateFrameworks/CryptoKitPrivate.framework/Versions/A/CryptoKitPrivate
0x00000001aecb3000 	/System/Library/PrivateFrameworks/GenerationalStorage.framework/Versions/A/GenerationalStorage
0x00000001aa213000 	/System/Library/PrivateFrameworks/CacheDelete.framework/Versions/A/CacheDelete
0x00000001b20f2000 	/System/Library/Frameworks/QuickLookThumbnailing.framework/Versions/A/QuickLookThumbnailing
0x00000001aeae5000 	/System/Library/Frameworks/FileProvider.framework/Versions/A/FileProvider
0x000000019d288000 	/System/Library/PrivateFrameworks/DesktopServicesPriv.framework/Versions/A/DesktopServicesPriv
0x00000001b5192000 	/System/Library/PrivateFrameworks/AssistantServices.framework/Versions/A/AssistantServices
0x00000001afa8e000 	/System/Library/PrivateFrameworks/SAObjects.framework/Versions/A/SAObjects
0x00000001b4dca000 	/System/Library/PrivateFrameworks/MediaRemote.framework/Versions/A/MediaRemote
0x00000001a2ebc000 	/System/Library/Frameworks/CoreLocation.framework/Versions/A/CoreLocation
0x00000001c5ed5000 	/System/Library/PrivateFrameworks/SiriInstrumentation.framework/Versions/A/SiriInstrumentation
0x0000000267c55000 	/System/Library/PrivateFrameworks/SiriAnalytics.framework/Versions/A/SiriAnalytics
0x000000026d80d000 	/System/Library/PrivateFrameworks/SiriTTSService.framework/Versions/A/SiriTTSService
0x0000000268611000 	/System/Library/PrivateFrameworks/SiriCrossDeviceArbitration.framework/Versions/A/SiriCrossDeviceArbitration
0x00000001c3b6e000 	/System/Library/PrivateFrameworks/FeedbackLogger.framework/Versions/A/FeedbackLogger
0x00000001b3028000 	/System/Library/PrivateFrameworks/ProactiveSupport.framework/Versions/A/ProactiveSupport
0x0000000242c7a000 	/System/Library/PrivateFrameworks/BiomeLibrary.framework/Versions/A/BiomeLibrary
0x00000001ce532000 	/System/Library/PrivateFrameworks/BiomeStreams.framework/Versions/A/BiomeStreams
0x0000000268665000 	/System/Library/PrivateFrameworks/SiriCrossDeviceArbitrationFeedback.framework/Versions/A/SiriCrossDeviceArbitrationFeedback
0x0000000252050000 	/System/Library/PrivateFrameworks/GenerativeModels.framework/Versions/A/GenerativeModels
0x00000001b98d3000 	/System/Library/PrivateFrameworks/MediaServices.framework/Versions/A/MediaServices
0x00000001aacfd000 	/System/Library/PrivateFrameworks/IDS.framework/Versions/A/IDS
0x00000001a7a6c000 	/System/Library/PrivateFrameworks/PersistentConnection.framework/Versions/A/PersistentConnection
0x00000001a999d000 	/System/Library/PrivateFrameworks/IMFoundation.framework/Versions/A/IMFoundation
0x00000001b9a67000 	/System/Library/PrivateFrameworks/Marco.framework/Versions/A/Marco
0x00000001aaeca000 	/System/Library/PrivateFrameworks/IDSFoundation.framework/Versions/A/IDSFoundation
0x000000019f5cf000 	/System/Library/PrivateFrameworks/CommonUtilities.framework/Versions/A/CommonUtilities
0x00000001b6787000 	/System/Library/PrivateFrameworks/Engram.framework/Versions/A/Engram
0x00000001b6727000 	/usr/lib/libtidy.A.dylib
0x00000001a7da9000 	/System/Library/PrivateFrameworks/Bom.framework/Versions/A/Bom
0x00000001a9d6f000 	/usr/lib/libParallelCompression.dylib
0x00000001ce01b000 	/System/Library/PrivateFrameworks/FTAWD.framework/Versions/A/FTAWD
0x00000001ab8f7000 	/System/Library/PrivateFrameworks/GeoServices.framework/Versions/A/GeoServices
0x00000001a9a17000 	/System/Library/PrivateFrameworks/LocationSupport.framework/Versions/A/LocationSupport
0x0000000252278000 	/System/Library/PrivateFrameworks/GeoServicesCore.framework/Versions/A/GeoServicesCore
0x00000001ba48e000 	/System/Library/PrivateFrameworks/PhoneNumbers.framework/Versions/A/PhoneNumbers
0x0000000249d14000 	/System/Library/PrivateFrameworks/Dendrite.framework/Versions/A/Dendrite
0x00000002425f3000 	/System/Library/PrivateFrameworks/AtomicsInternal.framework/Versions/A/AtomicsInternal
0x00000001d48bd000 	/System/Library/PrivateFrameworks/BiomeStorage.framework/Versions/A/BiomeStorage
0x0000000258250000 	/System/Library/PrivateFrameworks/IntelligencePlatformLibrary.framework/Versions/A/IntelligencePlatformLibrary
0x00000002643b8000 	/System/Library/PrivateFrameworks/PoirotSchematizer.framework/Versions/A/PoirotSchematizer
0x0000000243314000 	/System/Library/PrivateFrameworks/BiomeSync.framework/Versions/A/BiomeSync
0x0000000242c5b000 	/System/Library/PrivateFrameworks/BiomeFlexibleStorage.framework/Versions/A/BiomeFlexibleStorage
0x00000001caf30000 	/System/Library/PrivateFrameworks/BiomeFoundation.framework/Versions/A/BiomeFoundation
0x0000000242c3f000 	/System/Library/PrivateFrameworks/BiomeDSL.framework/Versions/A/BiomeDSL
0x00000001d4860000 	/System/Library/PrivateFrameworks/BiomePubSub.framework/Versions/A/BiomePubSub
0x0000000264425000 	/System/Library/PrivateFrameworks/PoirotUDFs.framework/Versions/A/PoirotUDFs
0x0000000264387000 	/System/Library/PrivateFrameworks/PoirotSQLite.framework/Versions/A/PoirotSQLite
0x00000001b1aa7000 	/System/Library/PrivateFrameworks/InternationalTextSearch.framework/Versions/A/InternationalTextSearch
0x0000000244700000 	/System/Library/PrivateFrameworks/CascadeSets.framework/Versions/A/CascadeSets
0x00000001c7a73000 	/usr/lib/libtailspin.dylib
0x00000001da9fe000 	/System/Library/PrivateFrameworks/Osprey.framework/Versions/A/Osprey
0x000000026ce8c000 	/System/Library/PrivateFrameworks/SiriTTS.framework/Versions/A/SiriTTS
0x00000001c079f000 	/System/Library/Frameworks/NaturalLanguage.framework/Versions/A/NaturalLanguage
0x000000026bbc6000 	/System/Library/PrivateFrameworks/SiriPowerInstrumentation.framework/Versions/A/SiriPowerInstrumentation
0x00000001c15c4000 	/System/Library/PrivateFrameworks/Trial.framework/Versions/A/Trial
0x00000001c1546000 	/System/Library/PrivateFrameworks/TrialProto.framework/Versions/A/TrialProto
0x000000027495d000 	/System/Library/PrivateFrameworks/UnifiedAssetFramework.framework/Versions/A/UnifiedAssetFramework
0x00000001dc9d4000 	/usr/lib/swift/libswiftAVFoundation.dylib
0x00000001c6c79000 	/usr/lib/swift/libswiftCoreMIDI.dylib
0x00000001daf02000 	/usr/lib/swift/libswiftCoreMedia.dylib
0x00000001eb8ff000 	/usr/lib/swift/libswiftNaturalLanguage.dylib
0x000000027078e000 	/System/Library/PrivateFrameworks/TailspinSymbolication.framework/Versions/A/TailspinSymbolication
0x0000000249a23000 	/System/Library/PrivateFrameworks/Darwinup.framework/Versions/A/Darwinup
0x00000001d37d8000 	/System/Library/PrivateFrameworks/SignpostSupport.framework/Versions/A/SignpostSupport
0x00000001c0668000 	/System/Library/PrivateFrameworks/FeatureFlagsSupport.framework/Versions/A/FeatureFlagsSupport
0x00000001d2f3b000 	/System/Library/PrivateFrameworks/ktrace.framework/Versions/A/ktrace
0x00000001d3a58000 	/System/Library/PrivateFrameworks/SampleAnalysis.framework/Versions/A/SampleAnalysis
0x00000001dc29a000 	/System/Library/PrivateFrameworks/kperfdata.framework/Versions/A/kperfdata
0x00000001ab7d8000 	/usr/lib/libdscsym.dylib
0x00000001dc732000 	/System/Library/PrivateFrameworks/BulkSymbolication.framework/Versions/A/BulkSymbolication
0x00000001b213e000 	/System/Library/PrivateFrameworks/Espresso.framework/Versions/A/Espresso
0x00000001a1b65000 	/System/Library/Frameworks/CoreML.framework/Versions/A/CoreML
0x00000001e9bd9000 	/usr/lib/libedit.3.dylib
0x00000001f57af000 	/System/Library/PrivateFrameworks/ANECompiler.framework/Versions/A/ANECompiler
0x00000001b4124000 	/System/Library/PrivateFrameworks/AppleNeuralEngine.framework/Versions/A/AppleNeuralEngine
0x00000001fba4e000 	/System/Library/Frameworks/MetalPerformanceShadersGraph.framework/Versions/A/MetalPerformanceShadersGraph
0x000000025a724000 	/System/Library/PrivateFrameworks/MLCompilerServices.framework/Versions/A/MLCompilerServices
0x00000001b2ffa000 	/System/Library/PrivateFrameworks/ANEServices.framework/Versions/A/ANEServices
0x00000001c57f3000 	/usr/lib/libncurses.5.4.dylib
0x000000019bbd4000 	/usr/lib/libsandbox.1.dylib
0x00000001a7801000 	/usr/lib/libMatch.1.dylib
0x000000025a6c8000 	/System/Library/PrivateFrameworks/MLCompilerRuntime.framework/Versions/A/MLCompilerRuntime
0x00000001a55d7000 	/System/Library/Frameworks/MLCompute.framework/Versions/A/MLCompute
0x000000025a577000 	/System/Library/PrivateFrameworks/MLAssetIO.framework/Versions/A/MLAssetIO
0x00000002802c9000 	/usr/lib/swift/libswiftMLCompute.dylib
0x00000001af3f4000 	/System/Library/PrivateFrameworks/AVFCore.framework/Versions/A/AVFCore
0x00000001b81c2000 	/System/Library/PrivateFrameworks/AVFCapture.framework/Versions/A/AVFCapture
0x0000000243e15000 	/System/Library/PrivateFrameworks/CMImaging.framework/Versions/A/CMImaging
0x00000001b83da000 	/System/Library/PrivateFrameworks/Quagga.framework/Versions/A/Quagga
0x00000001b850d000 	/System/Library/PrivateFrameworks/CMCapture.framework/Versions/A/CMCapture
0x00000001a9e43000 	/System/Library/Frameworks/CoreMediaIO.framework/Versions/A/CoreMediaIO
0x0000000243d4b000 	/System/Library/PrivateFrameworks/CMCaptureDevice.framework/Versions/A/CMCaptureDevice
0x0000000244b3b000 	/System/Library/PrivateFrameworks/CinematicFraming.framework/Versions/A/CinematicFraming
0x00000001bf78a000 	/System/Library/Frameworks/CoreMotion.framework/Versions/A/CoreMotion
0x00000001ce4b4000 	/System/Library/PrivateFrameworks/TimeSync.framework/Versions/A/TimeSync
0x000000024a2ac000 	/System/Library/PrivateFrameworks/DistributedSensing.framework/Versions/A/DistributedSensing
0x00000001ca383000 	/System/Library/PrivateFrameworks/MobileBluetooth.framework/Versions/A/MobileBluetooth
0x00000001cff76000 	/System/Library/PrivateFrameworks/IOKitten.framework/Versions/A/IOKitten
0x000000019a0a9000 	/System/Library/PrivateFrameworks/LanguageModeling.framework/Versions/A/LanguageModeling
0x000000019ec11000 	/System/Library/PrivateFrameworks/Montreal.framework/Versions/A/Montreal
0x00000001a5f04000 	/usr/lib/libcmph.dylib
0x0000000252112000 	/System/Library/PrivateFrameworks/GenerativeModelsFoundation.framework/Versions/A/GenerativeModelsFoundation
0x0000000272d24000 	/System/Library/PrivateFrameworks/TokenGeneration.framework/Versions/A/TokenGeneration
0x0000000251ee9000 	/System/Library/PrivateFrameworks/GenerativeFunctions.framework/Versions/A/GenerativeFunctions
0x0000000251f3a000 	/System/Library/PrivateFrameworks/GenerativeFunctionsFoundation.framework/Versions/A/GenerativeFunctionsFoundation
0x000000025d4cb000 	/System/Library/PrivateFrameworks/ModelCatalog.framework/Versions/A/ModelCatalog
0x0000000267552000 	/System/Library/PrivateFrameworks/SensitiveContentAnalysisML.framework/Versions/A/SensitiveContentAnalysisML
0x0000000251fe9000 	/System/Library/PrivateFrameworks/GenerativeFunctionsInstrumentation.framework/Versions/A/GenerativeFunctionsInstrumentation
0x000000026544a000 	/System/Library/PrivateFrameworks/PromptKit.framework/Versions/A/PromptKit
0x0000000264f74000 	/System/Library/PrivateFrameworks/ProactiveDaemonSupport.framework/Versions/A/ProactiveDaemonSupport
0x0000000272edc000 	/System/Library/PrivateFrameworks/TokenGenerationCore.framework/Versions/A/TokenGenerationCore
0x0000000275fd4000 	/System/Library/PrivateFrameworks/VectorSearch.framework/Versions/A/VectorSearch
0x000000025d790000 	/System/Library/PrivateFrameworks/ModelManagerServices.framework/Versions/A/ModelManagerServices
0x0000000241555000 	/System/Library/PrivateFrameworks/AppleFlatBuffers.framework/Versions/A/AppleFlatBuffers
0x00000001b1b72000 	/System/Library/PrivateFrameworks/AppleAccount.framework/Versions/A/AppleAccount
0x00000001b9e7d000 	/System/Library/PrivateFrameworks/ProactiveEventTracker.framework/Versions/A/ProactiveEventTracker
0x000000023e14f000 	/System/Library/PrivateFrameworks/AAAFoundation.framework/Versions/A/AAAFoundation
0x00000001a1662000 	/System/Library/PrivateFrameworks/ApplePushService.framework/Versions/A/ApplePushService
0x00000001a59d5000 	/System/Library/PrivateFrameworks/AuthKit.framework/Versions/A/AuthKit
0x000000023e16b000 	/System/Library/PrivateFrameworks/AAAFoundationSwift.framework/Versions/A/AAAFoundationSwift
0x00000001b1dc7000 	/System/Library/PrivateFrameworks/AppleIDSSOAuthentication.framework/Versions/A/AppleIDSSOAuthentication
0x00000001cd7a6000 	/usr/lib/swift/libswiftCompression.dylib
0x00000001d5e2d000 	/System/Library/PrivateFrameworks/DeviceIdentity.framework/Versions/A/DeviceIdentity
0x00000001a9d61000 	/System/Library/PrivateFrameworks/MultiverseSupport.framework/Versions/A/MultiverseSupport
0x00000001ae9c1000 	/System/Library/PrivateFrameworks/DiskManagement.framework/Versions/A/DiskManagement
0x00000001ae8cd000 	/System/Library/PrivateFrameworks/AppleIDAuthSupport.framework/Versions/A/AppleIDAuthSupport
0x00000001aa25f000 	/System/Library/PrivateFrameworks/KeychainCircle.framework/Versions/A/KeychainCircle
0x00000001ba490000 	/System/Library/PrivateFrameworks/URLFormatting.framework/Versions/A/URLFormatting
0x00000001b170b000 	/usr/lib/libcsfde.dylib
0x00000001a7809000 	/usr/lib/libCoreStorage.dylib
0x00000001ab61e000 	/System/Library/PrivateFrameworks/ProtectedCloudStorage.framework/Versions/A/ProtectedCloudStorage
0x00000001b1706000 	/System/Library/PrivateFrameworks/EFILogin.framework/Versions/A/EFILogin
0x00000001b9738000 	/System/Library/PrivateFrameworks/CloudServices.framework/Versions/A/CloudServices
0x00000001aecda000 	/System/Library/PrivateFrameworks/OctagonTrust.framework/Versions/A/OctagonTrust
0x00000002676dd000 	/System/Library/PrivateFrameworks/SentencePieceInternal.framework/Versions/A/SentencePieceInternal
0x00000001adc59000 	/System/Library/Frameworks/Vision.framework/Versions/A/Vision
0x0000000249477000 	/System/Library/PrivateFrameworks/CoreSceneUnderstanding.framework/Versions/A/CoreSceneUnderstanding
0x0000000276b5f000 	/System/Library/PrivateFrameworks/VisionCore.framework/Versions/A/VisionCore
0x00000001c9374000 	/System/Library/Frameworks/Vision.framework/libfaceCore.dylib
0x00000001c9e6e000 	/System/Library/PrivateFrameworks/Futhark.framework/Versions/A/Futhark
0x00000001cd56e000 	/System/Library/PrivateFrameworks/InertiaCam.framework/Versions/A/InertiaCam
0x00000001c9c21000 	/System/Library/PrivateFrameworks/TextRecognition.framework/Versions/A/TextRecognition
0x00000001a769f000 	/System/Library/PrivateFrameworks/CVNLP.framework/Versions/A/CVNLP
0x0000000250c6b000 	/System/Library/PrivateFrameworks/GRDBInternal.framework/Versions/A/GRDBInternal
0x00000001c6c63000 	/usr/lib/swift/libswiftCoreLocation.dylib
0x00000001ab15e000 	/System/Library/PrivateFrameworks/Sharing.framework/Versions/A/Sharing
0x00000001b10ca000 	/System/Library/PrivateFrameworks/Apple80211.framework/Versions/A/Apple80211
0x00000001a4f91000 	/System/Library/Frameworks/CoreWLAN.framework/Versions/A/CoreWLAN
0x00000001bfd8c000 	/System/Library/PrivateFrameworks/FindMyDevice.framework/Versions/A/FindMyDevice
0x00000001b589d000 	/System/Library/PrivateFrameworks/FMCoreLite.framework/Versions/A/FMCoreLite
0x000000019d4f3000 	/System/Library/PrivateFrameworks/CoreDuet.framework/Versions/A/CoreDuet
0x00000001b0a23000 	/System/Library/PrivateFrameworks/CoreDuetContext.framework/Versions/A/CoreDuetContext
0x00000001a16ca000 	/System/Library/Frameworks/CloudKit.framework/Versions/A/CloudKit
0x00000001b0a79000 	/System/Library/Frameworks/Intents.framework/Versions/A/Intents
0x00000001b31a2000 	/System/Library/PrivateFrameworks/CoreDuetDaemonProtocol.framework/Versions/A/CoreDuetDaemonProtocol
0x00000001fe282000 	/System/Library/Frameworks/SharedWithYouCore.framework/Versions/A/SharedWithYouCore
0x00000001b2098000 	/System/Library/PrivateFrameworks/C2.framework/Versions/A/C2
0x0000000244ee9000 	/System/Library/PrivateFrameworks/CloudAssets.framework/Versions/A/CloudAssets
0x00000001b208f000 	/System/Library/Frameworks/PushKit.framework/Versions/A/PushKit
0x00000001b3e92000 	/System/Library/PrivateFrameworks/RTCReporting.framework/Versions/A/RTCReporting
0x00000001b207e000 	/System/Library/PrivateFrameworks/IntentsFoundation.framework/Versions/A/IntentsFoundation
0x00000001aaa86000 	/System/Library/Frameworks/NetworkExtension.framework/Versions/A/NetworkExtension
0x00000001c5374000 	/System/Library/PrivateFrameworks/CaptiveNetwork.framework/Versions/A/CaptiveNetwork
0x00000001b1617000 	/System/Library/PrivateFrameworks/EAP8021X.framework/Versions/A/EAP8021X
0x00000001d3a24000 	/System/Library/PrivateFrameworks/UIKitServices.framework/Versions/A/UIKitServices
0x0000000142d88000 	/System/Library/Extensions/AGXMetalG16G_B0.bundle/Contents/MacOS/AGXMetalG16G_B0
0x00000001b9785000 	/System/Library/PrivateFrameworks/IOGPU.framework/Versions/A/IOGPU
0x0000000142cfc000 	/Library/Java/JavaVirtualMachines/temurin-25.jdk/Contents/Home/lib/libosxui.dylib
0x0000000270d49000 	/System/Library/PrivateFrameworks/TextInputUI.framework/Versions/A/TextInputUI
0x0000000270d6d000 	/System/Library/PrivateFrameworks/TextInputUIMacHelper.framework/Versions/A/TextInputUIMacHelper
0x0000000266b71000 	/System/Library/PrivateFrameworks/Sage.framework/Versions/A/Sage

JVMTI agents: none


VM Arguments:
jvm_args: --enable-preview -XX:+ShowCodeDetailsInExceptionMessages 
java_command: pws.editor.PWSEditor
java_class_path (initial): /Users/lucapazzi/VSCode Projects/PWSEditor-3.0/out:/Users/lucapazzi/VSCode Projects/PWSEditor-3.0/lib/pdfbox-2.0.29.jar:/Users/lucapazzi/VSCode Projects/PWSEditor-3.0/lib/fontbox-2.0.29.jar:/Users/lucapazzi/VSCode Projects/PWSEditor-3.0/lib/pdfbox-graphics2d-0.6.0.jar:/Users/lucapazzi/VSCode Projects/PWSEditor-3.0/lib/graphics2d-3.0.3.jar:/Users/lucapazzi/VSCode Projects/PWSEditor-3.0/lib/commons-logging-1.2.jar
Launcher Type: SUN_STANDARD

[Global flags]
     intx CICompilerCount                          = 4                                         {product} {ergonomic}
     uint ConcGCThreads                            = 2                                         {product} {ergonomic}
     uint G1ConcRefinementThreads                  = 9                                         {product} {ergonomic}
   size_t G1HeapRegionSize                         = 4194304                                   {product} {ergonomic}
   size_t InitialHeapSize                          = 402653184                                 {product} {ergonomic}
   size_t MarkStackSize                            = 4194304                                   {product} {ergonomic}
   size_t MarkStackSizeMax                         = 536870912                                 {product} {ergonomic}
   size_t MaxHeapSize                              = 6442450944                                {product} {ergonomic}
   size_t MaxNewSize                               = 3862953984                                {product} {ergonomic}
   size_t MinHeapDeltaBytes                        = 4194304                                   {product} {ergonomic}
   size_t MinHeapSize                              = 8388608                                   {product} {ergonomic}
    uintx NonNMethodCodeHeapSize                   = 5832704                                {pd product} {ergonomic}
    uintx NonProfiledCodeHeapSize                  = 122929152                              {pd product} {ergonomic}
    uintx ProfiledCodeHeapSize                     = 122896384                              {pd product} {ergonomic}
    uintx ReservedCodeCacheSize                    = 251658240                              {pd product} {ergonomic}
     bool SegmentedCodeCache                       = true                                      {product} {ergonomic}
     bool ShowCodeDetailsInExceptionMessages       = true                                   {manageable} {command line}
   size_t SoftMaxHeapSize                          = 6442450944                             {manageable} {ergonomic}
     bool UseCompressedOops                        = true                           {product lp64_product} {ergonomic}
     bool UseG1GC                                  = true                                      {product} {ergonomic}
     bool UseNUMA                                  = false                                     {product} {ergonomic}
     bool UseNUMAInterleaving                      = false                                     {product} {ergonomic}

Logging:
Log output configuration:
 #0: stdout all=warning uptime,level,tags foldmultilines=false
 #1: stderr all=off uptime,level,tags foldmultilines=false

Release file:
IMPLEMENTOR="Eclipse Adoptium"
IMPLEMENTOR_VERSION="Temurin-25.0.1+8"
JAVA_RUNTIME_VERSION="25.0.1+8-LTS"
JAVA_VERSION="25.0.1"
JAVA_VERSION_DATE="2025-10-21"
LIBC="default"
MODULES="java.base java.compiler java.datatransfer java.xml java.prefs java.desktop java.instrument java.logging java.management java.security.sasl java.naming java.rmi java.management.rmi java.net.http java.scripting java.security.jgss java.transaction.xa java.sql java.sql.rowset java.xml.crypto java.se java.smartcardio jdk.accessibility jdk.internal.jvmstat jdk.attach jdk.charsets jdk.internal.opt jdk.zipfs jdk.compiler jdk.crypto.cryptoki jdk.crypto.ec jdk.dynalink jdk.internal.ed jdk.editpad jdk.internal.vm.ci jdk.graal.compiler jdk.graal.compiler.management jdk.hotspot.agent jdk.httpserver jdk.incubator.vector jdk.internal.le jdk.internal.md jdk.jartool jdk.javadoc jdk.jcmd jdk.management jdk.management.agent jdk.jconsole jdk.jdeps jdk.jdwp.agent jdk.jdi jdk.jfr jdk.jlink jdk.jpackage jdk.jshell jdk.jsobject jdk.jstatd jdk.localedata jdk.management.jfr jdk.naming.dns jdk.naming.rmi jdk.net jdk.nio.mapmode jdk.sctp jdk.security.auth jdk.security.jgss jdk.unsupported jdk.unsupported.desktop jdk.xml.dom"
OS_ARCH="aarch64"
OS_NAME="Darwin"
SOURCE=".:git:61d6a2c1b35e"
BUILD_SOURCE="git:839fa0b45d809157cffd3dc8515aad262a4a1776"
BUILD_SOURCE_REPO="https://github.com/adoptium/temurin-build.git"
SOURCE_REPO="https://github.com/adoptium/jdk25u.git"
FULL_VERSION="25.0.1+8-LTS"
SEMANTIC_VERSION="25.0.1+8"
BUILD_INFO="OS: macOS Version: 14.7.7 23H723"
JVM_VARIANT="Hotspot"
JVM_VERSION="25.0.1+8-LTS"
IMAGE_TYPE="JDK"

Environment Variables:
PATH=/Users/lucapazzi/Library/Application Support/Code/User/globalStorage/github.copilot-chat/debugCommand:/Users/lucapazzi/Library/Application Support/Code/User/globalStorage/github.copilot-chat/copilotCli:/opt/local/bin:/opt/local/sbin:/opt/homebrew/bin:/opt/homebrew/sbin:/usr/local/bin:/System/Cryptexes/App/usr/bin:/usr/bin:/bin:/usr/sbin:/sbin:/var/run/com.apple.security.cryptexd/codex.system/bootstrap/usr/local/bin:/var/run/com.apple.security.cryptexd/codex.system/bootstrap/usr/bin:/var/run/com.apple.security.cryptexd/codex.system/bootstrap/usr/appleinternal/bin:/opt/X11/bin:/Library/Apple/usr/bin:/Library/TeX/texbin:/Applications/VMware Fusion.app/Contents/Public:/usr/local/share/dotnet:~/.dotnet/tools:/Library/Frameworks/Mono.framework/Versions/Current/Commands:/Users/lucapazzi/Library/Application Support/Code/User/globalStorage/github.copilot-chat/debugCommand:/Users/lucapazzi/Library/Application Support/Code/User/globalStorage/github.copilot-chat/copilotCli:/opt/local/bin:/opt/local/sbin:/Users/lucapazzi/.vscode/extensions/vscjava.vscode-java-debug-0.59.0/bundled/scripts/noConfigScripts
SHELL=/bin/zsh
DISPLAY=/private/tmp/com.apple.launchd.1plBYcYSta/org.xquartz:0
LANG=en_US.UTF-8
TERM=xterm-256color
TMPDIR=/var/folders/cg/lgwyfrw50kd09wjwwr5h440h0000gn/T/

Active Locale:
LC_ALL=en_US.UTF-8
LC_COLLATE=en_US.UTF-8
LC_CTYPE=en_US.UTF-8
LC_MESSAGES=en_US.UTF-8
LC_MONETARY=en_US.UTF-8
LC_NUMERIC=en_US.UTF-8
LC_TIME=en_US.UTF-8

Signal Handlers:
   SIGSEGV: crash_handler in libjvm.dylib, mask=11100110000111110111111111111111, flags=SA_ONSTACK|SA_RESTART|SA_SIGINFO, unblocked
    SIGBUS: crash_handler in libjvm.dylib, mask=11100110000111110111111111111111, flags=SA_RESTART|SA_SIGINFO, unblocked
    SIGFPE: crash_handler in libjvm.dylib, mask=11100110000111110111111111111111, flags=SA_RESTART|SA_SIGINFO, unblocked
   SIGPIPE: javaSignalHandler in libjvm.dylib, mask=11100110000111110111111111111111, flags=SA_RESTART|SA_SIGINFO, blocked
   SIGXFSZ: javaSignalHandler in libjvm.dylib, mask=11100110000111110111111111111111, flags=SA_RESTART|SA_SIGINFO, blocked
    SIGILL: crash_handler in libjvm.dylib, mask=11100110000111110111111111111111, flags=SA_RESTART|SA_SIGINFO, unblocked
   SIGUSR2: SR_handler in libjvm.dylib, mask=00000000000000000000000000000000, flags=SA_RESTART|SA_SIGINFO, blocked
    SIGHUP: UserHandler in libjvm.dylib, mask=11100110000111110111111111111111, flags=SA_RESTART|SA_SIGINFO, blocked
    SIGINT: UserHandler in libjvm.dylib, mask=11100110000111110111111111111111, flags=SA_RESTART|SA_SIGINFO, blocked
   SIGTERM: UserHandler in libjvm.dylib, mask=11100110000111110111111111111111, flags=SA_RESTART|SA_SIGINFO, blocked
   SIGQUIT: UserHandler in libjvm.dylib, mask=11100110000111110111111111111111, flags=SA_RESTART|SA_SIGINFO, blocked
   SIGTRAP: crash_handler in libjvm.dylib, mask=11100110000111110111111111111111, flags=SA_RESTART|SA_SIGINFO, unblocked


Compilation memory statistics disabled.

Periodic native trim disabled

---------------  S Y S T E M  ---------------

OS:
uname: Darwin 24.6.0 Darwin Kernel Version 24.6.0: Fri Feb 27 19:34:58 PST 2026; root:xnu-11417.140.69.709.8~1/RELEASE_ARM64_T8132 arm64
OS uptime: 3 days 0:51 hours
rlimit (soft/hard): STACK 8176k/65520k , CORE 0k/infinity , NPROC 4000/6000 , NOFILE 1048576/infinity , AS infinity/infinity , CPU infinity/infinity , DATA infinity/infinity , FSIZE infinity/infinity , MEMLOCK infinity/infinity , RSS infinity/infinity
load average: 3.67 3.67 3.40

CPU: total 10 (initial active 10) 0x61:0x0:0x6f5129ac:0, fp, asimd, aes, pmull, sha1, sha256, crc32, lse, sha3, sha512
machdep.cpu.brand_string:Apple M4
hw.cachelinesize:128
hw.l1icachesize:131072
hw.l1dcachesize:65536
hw.l2cachesize:4194304

Memory: 16k page, physical 25165824k(466320k free), swap 1048576k(1048320k free)

vm_info: OpenJDK 64-Bit Server VM (25.0.1+8-LTS) for bsd-aarch64 JRE (25.0.1+8-LTS), built on 2025-10-21T00:00:00Z with clang Apple LLVM 15.0.0 (clang-1500.1.0.2.5)

END.
