#
# A fatal error has been detected by the Java Runtime Environment:
#
#  SIGBUS (0xa) at pc=0x000000013d220a50, pid=94857, tid=100371
#
# JRE version: OpenJDK Runtime Environment Temurin-25.0.1+8 (25.0.1+8) (build 25.0.1+8-LTS)
# Java VM: OpenJDK 64-Bit Server VM Temurin-25.0.1+8 (25.0.1+8-LTS, mixed mode, sharing, tiered, compressed oops, compressed class ptrs, g1 gc, bsd-aarch64)
# Problematic frame:
# C  0x000000013d220a50
#
# No core dump will be written. Core dumps have been disabled. To enable core dumping, try "ulimit -c unlimited" before starting Java again
#
# If you would like to submit a bug report, please visit:
#   https://github.com/adoptium/adoptium-support/issues
#

---------------  S U M M A R Y ------------

Command Line: --enable-preview -XX:+ShowCodeDetailsInExceptionMessages pws.editor.PWSEditor

Host: "Mac16,1" arm64, 10 cores, 24G, Darwin 24.6.0, macOS 15.7.3 (24G419)
Time: Mon Feb 16 09:28:58 2026 CET elapsed time: 56929.153727 seconds (0d 15h 48m 49s)

---------------  T H R E A D  ---------------

Current thread is native thread

Stack: [0x000000033ae1c000,0x000000033ae9f000],  sp=0x000000033ae9ece0,  free space=523k
Native frames: (J=compiled Java code, j=interpreted, Vv=VM code, C=native code)
C  0x000000013d220a50
C  [CoreVideo+0x24c8]  CVXTime::update()+0x38
C  [CoreVideo+0x21a0]  CVDisplayLink::runIOThread()+0xb8
C  [libsystem_pthread.dylib+0x6bc8]  _pthread_start+0x88

siginfo: si_signo: 10 (SIGBUS), si_code: 1 (BUS_ADRALN), si_addr: 0x000000013d220a50

Registers:
 x0=0x00000001fbfd73b8  x1=0x000000033ae9ed60  x2=0x000000033ae9ed58  x3=0x000000033ae9ed68
 x4=0x00000e2100000000  x5=0x0001da1f00000000  x6=0x000000000000002c  x7=0x0000000000000000
 x8=0x000000013d220a50  x9=0x000000013d220640 x10=0x0000000000000000 x11=0x0000000000000000
x12=0x0000000000000000 x13=0x0000000000000000 x14=0x0000000000000000 x15=0x0000000000000000
x16=0x000000013d220640 x17=0x546300013d220640 x18=0x0000000000000000 x19=0x000000013d220598
x20=0x000000033ae9edde x21=0x000000033ae9eddf x22=0x0000000000000000 x23=0x0000000000000000
x24=0x0000000000000000 x25=0x0000000000000000 x26=0x0000000000000000 x27=0x0000000000000000
x28=0x0000000000000000  fp=0x000000033ae9eda0  lr=0x00000001979d9658  sp=0x000000033ae9ece0
pc=0x000000013d220a50 cpsr=0x0000000080000800

Top of Stack: (sp=0x000000033ae9ece0)
0x000000033ae9ece0:   0000000000000000 0000000000000000   ................
0x000000033ae9ecf0:   0000000000000000 0000000000000004   ................
0x000000033ae9ed00:   0000000000000000 0000000000000000   ................
0x000000033ae9ed10:   0000000000000000 0000000000000000   ................
0x000000033ae9ed20:   0000000000000000 0000000000000000   ................
0x000000033ae9ed30:   0000000000000000 0000000000000004   ................
0x000000033ae9ed40:   00000001f9bd98b8 00000001979f1e08   ................
0x000000033ae9ed50:   0000000000000000 0000000000000000   ................
0x000000033ae9ed60:   0000000000000000 0000000000000000   ................
0x000000033ae9ed70:   0000000000000000 0000000000000000   ................
0x000000033ae9ed80:   0000000000000000 0000000000000000   ................
0x000000033ae9ed90:   0000000000018813 000000013d220590   .........."=....
0x000000033ae9eda0:   000000033ae9ee10 00000001979d94c8   ...:............
0x000000033ae9edb0:   000000033ae9ede0 00000001979d8984   ...:............
0x000000033ae9edc0:   000000013d220598 0000000000000001   .."=............
0x000000033ae9edd0:   0000000000018813 000000013d220590   .........."=....
0x000000033ae9ede0:   0000000000000000 0000000000000000   ................
0x000000033ae9edf0:   0000000000000000 0000000000000000   ................
0x000000033ae9ee00:   0000000000018813 000000014ae21e20   ........ ..J....
0x000000033ae9ee10:   000000033ae9efc0 00000001979d91a0   ...:............
0x000000033ae9ee20:   0000000000000017 0000000000000000   ................
0x000000033ae9ee30:   0000000000000000 0000000000000000   ................
0x000000033ae9ee40:   0000000000000000 0000000000000000   ................
0x000000033ae9ee50:   0000000000000000 0000000000000000   ................
0x000000033ae9ee60:   0000000000000000 0000000000000000   ................
0x000000033ae9ee70:   0000000000000000 0000000000000000   ................
0x000000033ae9ee80:   00000002014044d0 0001728900000000   .D@..........r..
0x000000033ae9ee90:   000001f500008760 000001f500000014   `...............
0x000000033ae9eea0:   000001f500000014 0000000000000014   ................
0x000000033ae9eeb0:   65682d006176616a 000000007265706c   java.-helper....
0x000000033ae9eec0:   65682d006176616a 000000007265706c   java.-helper....
0x000000033ae9eed0:   0000000000000000 0000000000000000   ................

Instructions: (pc=0x000000013d220a50)
  0x000000013d220950:   00 00 00 00 00 00 00 00 00 00 00 00 00 00 00 00
  0x000000013d220960:   50 7e 41 fd 01 00 00 00 68 ed cc fd 01 00 00 00
  0x000000013d220970:   00 00 00 00 00 00 00 00 00 00 00 00 00 00 00 00
  0x000000013d220980:   00 00 00 00 00 00 00 00 ff ff ff ff 00 00 00 00
  0x000000013d220990:   00 01 00 00 00 00 00 00 00 00 00 00 00 00 00 00
  0x000000013d2209a0:   e9 c6 fe fb 01 00 00 01 8c 07 00 35 3a 71 01 00
  0x000000013d2209b0:   1a 63 6f 6d 2e 61 70 70 6c 65 2e 63 6f 72 65 76
  0x000000013d2209c0:   69 64 65 6f 2f 41 2f 2f 42 2f 4c 00 00 00 00 00
  0x000000013d2209d0:   f9 d4 fe fb 01 00 00 02 c0 68 71 5a 01 00 00 00
  0x000000013d2209e0:   00 00 00 00 00 00 00 00 00 00 00 00 00 00 00 00
  0x000000013d2209f0:   01 00 00 00 00 00 00 00 cc a8 82 00 01 00 00 00
  0x000000013d220a00:   00 00 00 00 00 00 00 00 00 00 00 00 00 00 00 00
  0x000000013d220a10:   10 15 4c fd 01 00 00 00 68 ed cc fd 01 00 00 00
  0x000000013d220a20:   00 00 00 00 00 00 00 00 00 00 00 00 00 00 00 00
  0x000000013d220a30:   00 00 00 00 00 00 00 00 ff ff ff ff 01 00 00 00
  0x000000013d220a40:   00 01 00 00 00 00 00 00 00 00 00 00 00 00 00 00
=>0x000000013d220a50:   09 d4 fe fb 01 00 00 01 00 f8 e2 4a 01 00 00 00
  0x000000013d220a60:   4d 01 00 00 6b 00 00 20 00 00 00 00 00 00 00 00
  0x000000013d220a70:   70 04 22 3d 01 00 00 00 40 c4 23 3d 01 00 00 00
  0x000000013d220a80:   80 06 22 3d 01 00 00 00 d0 07 22 3d 01 00 00 00
  0x000000013d220a90:   e0 6e 71 5a 01 00 00 00 70 08 22 3d 01 00 00 00
  0x000000013d220aa0:   20 09 22 3d 01 00 00 00 50 0b 22 3d 01 00 00 00
  0x000000013d220ab0:   00 78 71 5a 01 00 00 00 00 79 71 5a 01 00 00 00
  0x000000013d220ac0:   80 79 71 5a 01 00 00 00 d0 09 22 3d 01 00 00 00
  0x000000013d220ad0:   20 0c 22 3d 01 00 00 00 50 7c 71 5a 01 00 00 00
  0x000000013d220ae0:   40 76 71 5a 01 00 00 00 00 00 00 00 00 00 00 00
  0x000000013d220af0:   00 00 00 00 00 00 00 00 00 00 00 00 00 00 00 00
  0x000000013d220b00:   e9 c6 fe fb 01 00 00 01 8c 07 00 c4 e0 2b 01 00
  0x000000013d220b10:   33 73 75 69 74 65 2f 63 6f 6d 2e 61 70 70 6c 65
  0x000000013d220b20:   2e 63 6f 72 65 76 69 64 65 6f 2f 6b 43 46 50 72
  0x000000013d220b30:   65 66 65 72 65 6e 63 65 73 43 75 72 72 65 6e 74
  0x000000013d220b40:   55 73 65 72 00 00 00 00 00 00 00 00 00 00 00 00



---------------  P R O C E S S  ---------------

VM state: not at safepoint (normal execution)

VM Mutex/Monitor currently owned by a thread: None

Heap address: 0x0000000680000000, size: 6144 MB, Compressed Oops mode: Zero based, Oop shift amount: 3

CDS archive(s) mapped at: [0x000001f800000000-0x000001f800d94000-0x000001f800d94000), size 14237696, SharedBaseAddress: 0x000001f800000000, ArchiveRelocationMode: 1.
Compressed class space mapped at: 0x000001f801000000-0x000001f841000000, reserved size: 1073741824
UseCompressedClassPointers 1, UseCompactObjectHeaders 0
Narrow klass pointer bits 32, Max shift 3
Narrow klass base: 0x000001f800000000, Narrow klass shift: 0
Encoding Range: [0x000001f800000000 - 0x000001f900000000), (4294967296 bytes)
Klass Range:    [0x000001f800004000 - 0x000001f841000000), (1090502656 bytes)
Klass ID Range:  [16384 - 1090519033) (1090502649)
Protection zone: [0x000001f800000000 - 0x000001f800004000), (16384 bytes)

GC Precious Log:
<Skipped>

Heap:
 garbage-first heap   total reserved 6291456K, committed 397312K, used 117721K [0x0000000680000000, 0x0000000800000000)
  region size 4096K, 26 young (106496K), 1 survivors (4096K)

Heap Regions: E=young(eden), S=young(survivor), O=old, HS=humongous(starts), HC=humongous(continues), CS=collection set, F=free, TAMS=top-at-mark-start, PB=parsable bottom
|   0|0x0000000680000000, 0x0000000680400000, 0x0000000680400000|100%| O|  |TAMS 0x0000000680000000| PB 0x0000000680000000| Untracked |  0
|   1|0x0000000680400000, 0x0000000680800000, 0x0000000680800000|100%| O|  |TAMS 0x0000000680400000| PB 0x0000000680400000| Untracked |  0
|   2|0x0000000680800000, 0x0000000680c00000, 0x0000000680c00000|100%| O|  |TAMS 0x0000000680800000| PB 0x0000000680800000| Untracked |  0
|   3|0x0000000680c00000, 0x0000000680dd4db8, 0x0000000681000000| 45%| O|  |TAMS 0x0000000680c00000| PB 0x0000000680c00000| Untracked |  0
|   4|0x0000000681000000, 0x0000000681000000, 0x0000000681400000|  0%| F|  |TAMS 0x0000000681000000| PB 0x0000000681000000| Untracked |  0
|   5|0x0000000681400000, 0x0000000681400000, 0x0000000681800000|  0%| F|  |TAMS 0x0000000681400000| PB 0x0000000681400000| Untracked |  0
|   6|0x0000000681800000, 0x0000000681800000, 0x0000000681c00000|  0%| F|  |TAMS 0x0000000681800000| PB 0x0000000681800000| Untracked |  0
|   7|0x0000000681c00000, 0x0000000681c00000, 0x0000000682000000|  0%| F|  |TAMS 0x0000000681c00000| PB 0x0000000681c00000| Untracked |  0
|   8|0x0000000682000000, 0x0000000682000000, 0x0000000682400000|  0%| F|  |TAMS 0x0000000682000000| PB 0x0000000682000000| Untracked |  0
|   9|0x0000000682400000, 0x0000000682400000, 0x0000000682800000|  0%| F|  |TAMS 0x0000000682400000| PB 0x0000000682400000| Untracked |  0
|  10|0x0000000682800000, 0x0000000682800000, 0x0000000682c00000|  0%| F|  |TAMS 0x0000000682800000| PB 0x0000000682800000| Untracked |  0
|  11|0x0000000682c00000, 0x0000000682c00000, 0x0000000683000000|  0%| F|  |TAMS 0x0000000682c00000| PB 0x0000000682c00000| Untracked |  0
|  12|0x0000000683000000, 0x0000000683000000, 0x0000000683400000|  0%| F|  |TAMS 0x0000000683000000| PB 0x0000000683000000| Untracked |  0
|  13|0x0000000683400000, 0x0000000683400000, 0x0000000683800000|  0%| F|  |TAMS 0x0000000683400000| PB 0x0000000683400000| Untracked |  0
|  14|0x0000000683800000, 0x0000000683800000, 0x0000000683c00000|  0%| F|  |TAMS 0x0000000683800000| PB 0x0000000683800000| Untracked |  0
|  15|0x0000000683c00000, 0x0000000683c00000, 0x0000000684000000|  0%| F|  |TAMS 0x0000000683c00000| PB 0x0000000683c00000| Untracked |  0
|  16|0x0000000684000000, 0x0000000684000000, 0x0000000684400000|  0%| F|  |TAMS 0x0000000684000000| PB 0x0000000684000000| Untracked |  0
|  17|0x0000000684400000, 0x0000000684400000, 0x0000000684800000|  0%| F|  |TAMS 0x0000000684400000| PB 0x0000000684400000| Untracked |  0
|  18|0x0000000684800000, 0x0000000684800000, 0x0000000684c00000|  0%| F|  |TAMS 0x0000000684800000| PB 0x0000000684800000| Untracked |  0
|  19|0x0000000684c00000, 0x0000000684c00000, 0x0000000685000000|  0%| F|  |TAMS 0x0000000684c00000| PB 0x0000000684c00000| Untracked |  0
|  20|0x0000000685000000, 0x0000000685000000, 0x0000000685400000|  0%| F|  |TAMS 0x0000000685000000| PB 0x0000000685000000| Untracked |  0
|  21|0x0000000685400000, 0x0000000685400000, 0x0000000685800000|  0%| F|  |TAMS 0x0000000685400000| PB 0x0000000685400000| Untracked |  0
|  22|0x0000000685800000, 0x0000000685800000, 0x0000000685c00000|  0%| F|  |TAMS 0x0000000685800000| PB 0x0000000685800000| Untracked |  0
|  23|0x0000000685c00000, 0x0000000685c00000, 0x0000000686000000|  0%| F|  |TAMS 0x0000000685c00000| PB 0x0000000685c00000| Untracked |  0
|  24|0x0000000686000000, 0x0000000686000000, 0x0000000686400000|  0%| F|  |TAMS 0x0000000686000000| PB 0x0000000686000000| Untracked |  0
|  25|0x0000000686400000, 0x0000000686400000, 0x0000000686800000|  0%| F|  |TAMS 0x0000000686400000| PB 0x0000000686400000| Untracked |  0
|  26|0x0000000686800000, 0x0000000686800000, 0x0000000686c00000|  0%| F|  |TAMS 0x0000000686800000| PB 0x0000000686800000| Untracked |  0
|  27|0x0000000686c00000, 0x0000000686c00000, 0x0000000687000000|  0%| F|  |TAMS 0x0000000686c00000| PB 0x0000000686c00000| Untracked |  0
|  28|0x0000000687000000, 0x0000000687000000, 0x0000000687400000|  0%| F|  |TAMS 0x0000000687000000| PB 0x0000000687000000| Untracked |  0
|  29|0x0000000687400000, 0x0000000687400000, 0x0000000687800000|  0%| F|  |TAMS 0x0000000687400000| PB 0x0000000687400000| Untracked |  0
|  30|0x0000000687800000, 0x0000000687800000, 0x0000000687c00000|  0%| F|  |TAMS 0x0000000687800000| PB 0x0000000687800000| Untracked |  0
|  31|0x0000000687c00000, 0x0000000687c00000, 0x0000000688000000|  0%| F|  |TAMS 0x0000000687c00000| PB 0x0000000687c00000| Untracked |  0
|  32|0x0000000688000000, 0x0000000688000000, 0x0000000688400000|  0%| F|  |TAMS 0x0000000688000000| PB 0x0000000688000000| Untracked |  0
|  33|0x0000000688400000, 0x0000000688400000, 0x0000000688800000|  0%| F|  |TAMS 0x0000000688400000| PB 0x0000000688400000| Untracked |  0
|  34|0x0000000688800000, 0x0000000688800000, 0x0000000688c00000|  0%| F|  |TAMS 0x0000000688800000| PB 0x0000000688800000| Untracked |  0
|  35|0x0000000688c00000, 0x0000000688c00000, 0x0000000689000000|  0%| F|  |TAMS 0x0000000688c00000| PB 0x0000000688c00000| Untracked |  0
|  36|0x0000000689000000, 0x0000000689000000, 0x0000000689400000|  0%| F|  |TAMS 0x0000000689000000| PB 0x0000000689000000| Untracked |  0
|  37|0x0000000689400000, 0x0000000689400000, 0x0000000689800000|  0%| F|  |TAMS 0x0000000689400000| PB 0x0000000689400000| Untracked |  0
|  38|0x0000000689800000, 0x0000000689802040, 0x0000000689c00000|  0%| S|CS|TAMS 0x0000000689800000| PB 0x0000000689800000| Complete |  0
|  39|0x0000000689c00000, 0x0000000689c00000, 0x000000068a000000|  0%| F|  |TAMS 0x0000000689c00000| PB 0x0000000689c00000| Untracked |  0
|  40|0x000000068a000000, 0x000000068a000000, 0x000000068a400000|  0%| F|  |TAMS 0x000000068a000000| PB 0x000000068a000000| Untracked |  0
|  41|0x000000068a400000, 0x000000068a400000, 0x000000068a800000|  0%| F|  |TAMS 0x000000068a400000| PB 0x000000068a400000| Untracked |  0
|  42|0x000000068a800000, 0x000000068a800000, 0x000000068ac00000|  0%| F|  |TAMS 0x000000068a800000| PB 0x000000068a800000| Untracked |  0
|  43|0x000000068ac00000, 0x000000068ac00000, 0x000000068b000000|  0%| F|  |TAMS 0x000000068ac00000| PB 0x000000068ac00000| Untracked |  0
|  44|0x000000068b000000, 0x000000068b000000, 0x000000068b400000|  0%| F|  |TAMS 0x000000068b000000| PB 0x000000068b000000| Untracked |  0
|  45|0x000000068b400000, 0x000000068b400000, 0x000000068b800000|  0%| F|  |TAMS 0x000000068b400000| PB 0x000000068b400000| Untracked |  0
|  46|0x000000068b800000, 0x000000068b800000, 0x000000068bc00000|  0%| F|  |TAMS 0x000000068b800000| PB 0x000000068b800000| Untracked |  0
|  47|0x000000068bc00000, 0x000000068bc00000, 0x000000068c000000|  0%| F|  |TAMS 0x000000068bc00000| PB 0x000000068bc00000| Untracked |  0
|  48|0x000000068c000000, 0x000000068c000000, 0x000000068c400000|  0%| F|  |TAMS 0x000000068c000000| PB 0x000000068c000000| Untracked |  0
|  49|0x000000068c400000, 0x000000068c400000, 0x000000068c800000|  0%| F|  |TAMS 0x000000068c400000| PB 0x000000068c400000| Untracked |  0
|  50|0x000000068c800000, 0x000000068c800000, 0x000000068cc00000|  0%| F|  |TAMS 0x000000068c800000| PB 0x000000068c800000| Untracked |  0
|  51|0x000000068cc00000, 0x000000068cc00000, 0x000000068d000000|  0%| F|  |TAMS 0x000000068cc00000| PB 0x000000068cc00000| Untracked |  0
|  52|0x000000068d000000, 0x000000068d000000, 0x000000068d400000|  0%| F|  |TAMS 0x000000068d000000| PB 0x000000068d000000| Untracked |  0
|  53|0x000000068d400000, 0x000000068d400000, 0x000000068d800000|  0%| F|  |TAMS 0x000000068d400000| PB 0x000000068d400000| Untracked |  0
|  54|0x000000068d800000, 0x000000068d800000, 0x000000068dc00000|  0%| F|  |TAMS 0x000000068d800000| PB 0x000000068d800000| Untracked |  0
|  55|0x000000068dc00000, 0x000000068dc00000, 0x000000068e000000|  0%| F|  |TAMS 0x000000068dc00000| PB 0x000000068dc00000| Untracked |  0
|  56|0x000000068e000000, 0x000000068e000000, 0x000000068e400000|  0%| F|  |TAMS 0x000000068e000000| PB 0x000000068e000000| Untracked |  0
|  57|0x000000068e400000, 0x000000068e400000, 0x000000068e800000|  0%| F|  |TAMS 0x000000068e400000| PB 0x000000068e400000| Untracked |  0
|  58|0x000000068e800000, 0x000000068e800000, 0x000000068ec00000|  0%| F|  |TAMS 0x000000068e800000| PB 0x000000068e800000| Untracked |  0
|  59|0x000000068ec00000, 0x000000068ec00000, 0x000000068f000000|  0%| F|  |TAMS 0x000000068ec00000| PB 0x000000068ec00000| Untracked |  0
|  60|0x000000068f000000, 0x000000068f000000, 0x000000068f400000|  0%| F|  |TAMS 0x000000068f000000| PB 0x000000068f000000| Untracked |  0
|  61|0x000000068f400000, 0x000000068f400000, 0x000000068f800000|  0%| F|  |TAMS 0x000000068f400000| PB 0x000000068f400000| Untracked |  0
|  62|0x000000068f800000, 0x000000068f800000, 0x000000068fc00000|  0%| F|  |TAMS 0x000000068f800000| PB 0x000000068f800000| Untracked |  0
|  63|0x000000068fc00000, 0x000000068fc00000, 0x0000000690000000|  0%| F|  |TAMS 0x000000068fc00000| PB 0x000000068fc00000| Untracked |  0
|  64|0x0000000690000000, 0x0000000690000000, 0x0000000690400000|  0%| F|  |TAMS 0x0000000690000000| PB 0x0000000690000000| Untracked |  0
|  65|0x0000000690400000, 0x0000000690400000, 0x0000000690800000|  0%| F|  |TAMS 0x0000000690400000| PB 0x0000000690400000| Untracked |  0
|  66|0x0000000690800000, 0x0000000690800000, 0x0000000690c00000|  0%| F|  |TAMS 0x0000000690800000| PB 0x0000000690800000| Untracked |  0
|  67|0x0000000690c00000, 0x0000000690c00000, 0x0000000691000000|  0%| F|  |TAMS 0x0000000690c00000| PB 0x0000000690c00000| Untracked |  0
|  68|0x0000000691000000, 0x0000000691000000, 0x0000000691400000|  0%| F|  |TAMS 0x0000000691000000| PB 0x0000000691000000| Untracked |  0
|  69|0x0000000691400000, 0x0000000691400000, 0x0000000691800000|  0%| F|  |TAMS 0x0000000691400000| PB 0x0000000691400000| Untracked |  0
|  70|0x0000000691800000, 0x0000000691800000, 0x0000000691c00000|  0%| F|  |TAMS 0x0000000691800000| PB 0x0000000691800000| Untracked |  0
|  71|0x0000000691c00000, 0x0000000692000000, 0x0000000692000000|100%| E|  |TAMS 0x0000000691c00000| PB 0x0000000691c00000| Complete |  0
|  72|0x0000000692000000, 0x0000000692400000, 0x0000000692400000|100%| E|CS|TAMS 0x0000000692000000| PB 0x0000000692000000| Complete |  0
|  73|0x0000000692400000, 0x0000000692800000, 0x0000000692800000|100%| E|CS|TAMS 0x0000000692400000| PB 0x0000000692400000| Complete |  0
|  74|0x0000000692800000, 0x0000000692c00000, 0x0000000692c00000|100%| E|CS|TAMS 0x0000000692800000| PB 0x0000000692800000| Complete |  0
|  75|0x0000000692c00000, 0x0000000693000000, 0x0000000693000000|100%| E|CS|TAMS 0x0000000692c00000| PB 0x0000000692c00000| Complete |  0
|  76|0x0000000693000000, 0x0000000693400000, 0x0000000693400000|100%| E|CS|TAMS 0x0000000693000000| PB 0x0000000693000000| Complete |  0
|  77|0x0000000693400000, 0x0000000693800000, 0x0000000693800000|100%| E|CS|TAMS 0x0000000693400000| PB 0x0000000693400000| Complete |  0
|  78|0x0000000693800000, 0x0000000693c00000, 0x0000000693c00000|100%| E|CS|TAMS 0x0000000693800000| PB 0x0000000693800000| Complete |  0
|  79|0x0000000693c00000, 0x0000000694000000, 0x0000000694000000|100%| E|CS|TAMS 0x0000000693c00000| PB 0x0000000693c00000| Complete |  0
|  80|0x0000000694000000, 0x0000000694400000, 0x0000000694400000|100%| E|CS|TAMS 0x0000000694000000| PB 0x0000000694000000| Complete |  0
|  81|0x0000000694400000, 0x0000000694800000, 0x0000000694800000|100%| E|CS|TAMS 0x0000000694400000| PB 0x0000000694400000| Complete |  0
|  82|0x0000000694800000, 0x0000000694c00000, 0x0000000694c00000|100%| E|CS|TAMS 0x0000000694800000| PB 0x0000000694800000| Complete |  0
|  83|0x0000000694c00000, 0x0000000695000000, 0x0000000695000000|100%| E|CS|TAMS 0x0000000694c00000| PB 0x0000000694c00000| Complete |  0
|  84|0x0000000695000000, 0x0000000695400000, 0x0000000695400000|100%| E|CS|TAMS 0x0000000695000000| PB 0x0000000695000000| Complete |  0
|  85|0x0000000695400000, 0x0000000695800000, 0x0000000695800000|100%| E|CS|TAMS 0x0000000695400000| PB 0x0000000695400000| Complete |  0
|  86|0x0000000695800000, 0x0000000695c00000, 0x0000000695c00000|100%| E|CS|TAMS 0x0000000695800000| PB 0x0000000695800000| Complete |  0
|  87|0x0000000695c00000, 0x0000000696000000, 0x0000000696000000|100%| E|CS|TAMS 0x0000000695c00000| PB 0x0000000695c00000| Complete |  0
|  88|0x0000000696000000, 0x0000000696400000, 0x0000000696400000|100%| E|CS|TAMS 0x0000000696000000| PB 0x0000000696000000| Complete |  0
|  89|0x0000000696400000, 0x0000000696800000, 0x0000000696800000|100%| E|CS|TAMS 0x0000000696400000| PB 0x0000000696400000| Complete |  0
|  90|0x0000000696800000, 0x0000000696c00000, 0x0000000696c00000|100%| E|CS|TAMS 0x0000000696800000| PB 0x0000000696800000| Complete |  0
|  91|0x0000000696c00000, 0x0000000697000000, 0x0000000697000000|100%| E|CS|TAMS 0x0000000696c00000| PB 0x0000000696c00000| Complete |  0
|  92|0x0000000697000000, 0x0000000697400000, 0x0000000697400000|100%| E|CS|TAMS 0x0000000697000000| PB 0x0000000697000000| Complete |  0
|  93|0x0000000697400000, 0x0000000697800000, 0x0000000697800000|100%| E|CS|TAMS 0x0000000697400000| PB 0x0000000697400000| Complete |  0
|  94|0x0000000697800000, 0x0000000697c00000, 0x0000000697c00000|100%| E|CS|TAMS 0x0000000697800000| PB 0x0000000697800000| Complete |  0
|  95|0x0000000697c00000, 0x0000000698000000, 0x0000000698000000|100%| E|CS|TAMS 0x0000000697c00000| PB 0x0000000697c00000| Complete |  0
|1535|0x00000007ffc00000, 0x00000007ffd1f930, 0x0000000800000000| 28%| O|  |TAMS 0x00000007ffc00000| PB 0x00000007ffc00000| Untracked |  0

Card table byte_map: [0x000000011ff4c000,0x0000000120b4c000] _byte_map_base: 0x000000011cb4c000

Marking Bits: (CMBitMap*) 0x000000014a836a10
 Bits: [0x0000000120b4c000, 0x0000000126b4c000)

Polling page: 0x0000000100818000

Metaspace:
Metaspace        used 17903K, committed 18176K, reserved 1114112K
 class space     used 1711K, committed 1856K, reserved 1048576K

Usage:
  Non-class:     15.81 MB used.
      Class:      1.67 MB used.
       Both:     17.48 MB used.

Virtual space:
  Non-class space:       64.00 MB reserved,      15.94 MB ( 25%) committed,  1 nodes.
      Class space:        1.00 GB reserved,       1.81 MB ( <1%) committed,  1 nodes.
             Both:        1.06 GB reserved,      17.75 MB (  2%) committed. 

Chunk freelists:
   Non-Class:  4.00 KB
       Class:  14.17 MB
        Both:  14.17 MB

MaxMetaspaceSize: unlimited
CompressedClassSpaceSize: 1.00 GB
Initial GC threshold: 21.00 MB
Current GC threshold: 21.00 MB
CDS: on
 - commit_granule_bytes: 65536.
 - commit_granule_words: 8192.
 - virtual_space_node_default_size: 8388608.
 - enlarge_chunks_in_place: 1.
UseCompressedClassPointers 1, UseCompactObjectHeaders 0
Narrow klass pointer bits 32, Max shift 3
Narrow klass base: 0x000001f800000000, Narrow klass shift: 0
Encoding Range: [0x000001f800000000 - 0x000001f900000000), (4294967296 bytes)
Klass Range:    [0x000001f800004000 - 0x000001f841000000), (1090502656 bytes)
Klass ID Range:  [16384 - 1090519033) (1090502649)
Protection zone: [0x000001f800000000 - 0x000001f800004000), (16384 bytes)


Internal statistics:

num_allocs_failed_limit: 0.
num_arena_births: 188.
num_arena_deaths: 0.
num_vsnodes_births: 2.
num_vsnodes_deaths: 0.
num_space_committed: 284.
num_space_uncommitted: 0.
num_chunks_returned_to_freelist: 0.
num_chunks_taken_from_freelist: 308.
num_chunk_merges: 0.
num_chunk_splits: 185.
num_chunks_enlarged: 117.
num_inconsistent_stats: 0.

CodeHeap 'non-profiled nmethods': size=120048Kb used=2971Kb max_used=2971Kb free=117076Kb
 bounds [0x0000000118a10000, 0x0000000118d00000, 0x000000011ff4c000]
CodeHeap 'profiled nmethods': size=120016Kb used=8920Kb max_used=8920Kb free=111095Kb
 bounds [0x0000000110f4c000, 0x000000011180c000, 0x0000000118480000]
CodeHeap 'non-nmethods': size=5696Kb used=1564Kb max_used=1713Kb free=4131Kb
 bounds [0x0000000118480000, 0x00000001186f0000, 0x0000000118a10000]
CodeCache: size=245760Kb, used=13455Kb, max_used=13604Kb, free=232302Kb
 total_blobs=6278, nmethods=5463, adapters=720, full_count=0
Compilation: enabled, stopped_count=0, restarted_count=0

Compilation events (20 events):
Event: 669.111 Thread 0x000000015a812000 152450       3       com.apple.laf.AquaRootPaneUI::updateComponentTreeUIActivation (119 bytes)
Event: 669.112 Thread 0x000000015a812000 nmethod 152450 0x00000001117f98c8 code [0x00000001117f99c0, 0x00000001117fadb8]
Event: 669.112 Thread 0x000000015a812000 152451       3       com.apple.laf.AquaButtonUI$AquaButtonListener::propertyChange (236 bytes)
Event: 669.113 Thread 0x000000015a812000 nmethod 152451 0x00000001117fae08 code [0x00000001117faf00, 0x00000001117fc4b0]
Event: 669.113 Thread 0x000000015a812000 152452       3       javax.swing.plaf.basic.BasicButtonListener::propertyChange (87 bytes)
Event: 669.113 Thread 0x000000015a812000 nmethod 152452 0x00000001117fc508 code [0x00000001117fc600, 0x00000001117fd250]
Event: 669.203 Thread 0x000000015a812000 152471 %s!   3       sun.java2d.metal.MTLRenderQueue$QueueFlusher::run @ 2 (234 bytes)
Event: 669.204 Thread 0x000000015a812000 nmethod 152471% 0x00000001117fd288 code [0x00000001117fd380, 0x00000001117ffd48]
Event: 673.159 Thread 0x000000015a811600 153393 %s!   4       sun.java2d.metal.MTLRenderQueue$QueueFlusher::run @ 2 (234 bytes)
Event: 673.165 Thread 0x000000015a811600 nmethod 153393% 0x0000000118cf59c8 code [0x0000000118cf5ac0, 0x0000000118cf6958]
Event: 4278.604 Thread 0x000000015a812000 999813   !   3       java.lang.ref.Reference::processPendingReferences (118 bytes)
Event: 4278.605 Thread 0x000000015a812000 nmethod 999813 0x00000001117ffd88 code [0x00000001117ffe80, 0x0000000111800ae0]
Event: 15301.765 Thread 0x000000015a812000 3560324  s    3       jdk.internal.ref.CleanerImpl$CleanableList::isEmpty (16 bytes)
Event: 15301.765 Thread 0x000000015a812000 nmethod 3560324 0x0000000111800b08 code [0x0000000111800c00, 0x0000000111800eb8]
Event: 15301.765 Thread 0x000000015a812000 3560325       3       jdk.internal.misc.InnocuousThread::eraseThreadLocals (23 bytes)
Event: 15301.765 Thread 0x000000015a812000 nmethod 3560325 0x0000000111800ec8 code [0x0000000111800fc0, 0x0000000111801190]
Event: 15301.765 Thread 0x000000015a812000 3560326   !   3       java.lang.ref.ReferenceQueue::remove (49 bytes)
Event: 15301.765 Thread 0x000000015a812000 nmethod 3560326 0x00000001118011c8 code [0x00000001118012c0, 0x0000000111801c38]
Event: 15301.765 Thread 0x000000015a812000 3560327       3       java.lang.ref.ReferenceQueue::remove0 (67 bytes)
Event: 15301.765 Thread 0x000000015a812000 nmethod 3560327 0x0000000111801c48 code [0x0000000111801d40, 0x00000001118021f8]

GC Heap Usage History (20 events):
Event: 56907.756 {heap Before GC invocations=24859 (full 0):
 garbage-first heap   total reserved 6291456K, committed 397312K, used 244703K [0x0000000680000000, 0x0000000800000000)
  region size 4096K, 57 young (233472K), 1 survivors (4096K)
}
Event: 56907.756 {heap After GC invocations=24860 (full 0):
 garbage-first heap   total reserved 6291456K, committed 397312K, used 15323K [0x0000000680000000, 0x0000000800000000)
  region size 4096K, 1 young (4096K), 1 survivors (4096K)
}
Event: 56910.026 {heap Before GC invocations=24860 (full 0):
 garbage-first heap   total reserved 6291456K, committed 397312K, used 244699K [0x0000000680000000, 0x0000000800000000)
  region size 4096K, 57 young (233472K), 1 survivors (4096K)
}
Event: 56910.027 {heap After GC invocations=24861 (full 0):
 garbage-first heap   total reserved 6291456K, committed 397312K, used 15327K [0x0000000680000000, 0x0000000800000000)
  region size 4096K, 1 young (4096K), 1 survivors (4096K)
}
Event: 56912.304 {heap Before GC invocations=24861 (full 0):
 garbage-first heap   total reserved 6291456K, committed 397312K, used 244703K [0x0000000680000000, 0x0000000800000000)
  region size 4096K, 57 young (233472K), 1 survivors (4096K)
}
Event: 56912.305 {heap After GC invocations=24862 (full 0):
 garbage-first heap   total reserved 6291456K, committed 397312K, used 15325K [0x0000000680000000, 0x0000000800000000)
  region size 4096K, 1 young (4096K), 1 survivors (4096K)
}
Event: 56914.568 {heap Before GC invocations=24862 (full 0):
 garbage-first heap   total reserved 6291456K, committed 397312K, used 244701K [0x0000000680000000, 0x0000000800000000)
  region size 4096K, 57 young (233472K), 1 survivors (4096K)
}
Event: 56914.569 {heap After GC invocations=24863 (full 0):
 garbage-first heap   total reserved 6291456K, committed 397312K, used 15321K [0x0000000680000000, 0x0000000800000000)
  region size 4096K, 1 young (4096K), 1 survivors (4096K)
}
Event: 56916.833 {heap Before GC invocations=24863 (full 0):
 garbage-first heap   total reserved 6291456K, committed 397312K, used 244697K [0x0000000680000000, 0x0000000800000000)
  region size 4096K, 57 young (233472K), 1 survivors (4096K)
}
Event: 56916.833 {heap After GC invocations=24864 (full 0):
 garbage-first heap   total reserved 6291456K, committed 397312K, used 15331K [0x0000000680000000, 0x0000000800000000)
  region size 4096K, 1 young (4096K), 1 survivors (4096K)
}
Event: 56919.102 {heap Before GC invocations=24864 (full 0):
 garbage-first heap   total reserved 6291456K, committed 397312K, used 244707K [0x0000000680000000, 0x0000000800000000)
  region size 4096K, 57 young (233472K), 1 survivors (4096K)
}
Event: 56919.102 {heap After GC invocations=24865 (full 0):
 garbage-first heap   total reserved 6291456K, committed 397312K, used 15327K [0x0000000680000000, 0x0000000800000000)
  region size 4096K, 1 young (4096K), 1 survivors (4096K)
}
Event: 56921.363 {heap Before GC invocations=24865 (full 0):
 garbage-first heap   total reserved 6291456K, committed 397312K, used 244703K [0x0000000680000000, 0x0000000800000000)
  region size 4096K, 57 young (233472K), 1 survivors (4096K)
}
Event: 56921.363 {heap After GC invocations=24866 (full 0):
 garbage-first heap   total reserved 6291456K, committed 397312K, used 15323K [0x0000000680000000, 0x0000000800000000)
  region size 4096K, 1 young (4096K), 1 survivors (4096K)
}
Event: 56923.625 {heap Before GC invocations=24866 (full 0):
 garbage-first heap   total reserved 6291456K, committed 397312K, used 244699K [0x0000000680000000, 0x0000000800000000)
  region size 4096K, 57 young (233472K), 1 survivors (4096K)
}
Event: 56923.626 {heap After GC invocations=24867 (full 0):
 garbage-first heap   total reserved 6291456K, committed 397312K, used 15323K [0x0000000680000000, 0x0000000800000000)
  region size 4096K, 1 young (4096K), 1 survivors (4096K)
}
Event: 56925.887 {heap Before GC invocations=24867 (full 0):
 garbage-first heap   total reserved 6291456K, committed 397312K, used 244699K [0x0000000680000000, 0x0000000800000000)
  region size 4096K, 57 young (233472K), 1 survivors (4096K)
}
Event: 56925.887 {heap After GC invocations=24868 (full 0):
 garbage-first heap   total reserved 6291456K, committed 397312K, used 15323K [0x0000000680000000, 0x0000000800000000)
  region size 4096K, 1 young (4096K), 1 survivors (4096K)
}
Event: 56928.148 {heap Before GC invocations=24868 (full 0):
 garbage-first heap   total reserved 6291456K, committed 397312K, used 244699K [0x0000000680000000, 0x0000000800000000)
  region size 4096K, 57 young (233472K), 1 survivors (4096K)
}
Event: 56928.148 {heap After GC invocations=24869 (full 0):
 garbage-first heap   total reserved 6291456K, committed 397312K, used 15321K [0x0000000680000000, 0x0000000800000000)
  region size 4096K, 1 young (4096K), 1 survivors (4096K)
}

Metaspace Usage History (20 events):
Event: 56907.756 {metaspace Before GC invocations=24859 (full 0):
 Metaspace       used 17903K, committed 18176K, reserved 1114112K
  class space    used 1711K, committed 1856K, reserved 1048576K
}
Event: 56907.756 {metaspace After GC invocations=24860 (full 0):
 Metaspace       used 17903K, committed 18176K, reserved 1114112K
  class space    used 1711K, committed 1856K, reserved 1048576K
}
Event: 56910.026 {metaspace Before GC invocations=24860 (full 0):
 Metaspace       used 17903K, committed 18176K, reserved 1114112K
  class space    used 1711K, committed 1856K, reserved 1048576K
}
Event: 56910.027 {metaspace After GC invocations=24861 (full 0):
 Metaspace       used 17903K, committed 18176K, reserved 1114112K
  class space    used 1711K, committed 1856K, reserved 1048576K
}
Event: 56912.304 {metaspace Before GC invocations=24861 (full 0):
 Metaspace       used 17903K, committed 18176K, reserved 1114112K
  class space    used 1711K, committed 1856K, reserved 1048576K
}
Event: 56912.305 {metaspace After GC invocations=24862 (full 0):
 Metaspace       used 17903K, committed 18176K, reserved 1114112K
  class space    used 1711K, committed 1856K, reserved 1048576K
}
Event: 56914.568 {metaspace Before GC invocations=24862 (full 0):
 Metaspace       used 17903K, committed 18176K, reserved 1114112K
  class space    used 1711K, committed 1856K, reserved 1048576K
}
Event: 56914.569 {metaspace After GC invocations=24863 (full 0):
 Metaspace       used 17903K, committed 18176K, reserved 1114112K
  class space    used 1711K, committed 1856K, reserved 1048576K
}
Event: 56916.833 {metaspace Before GC invocations=24863 (full 0):
 Metaspace       used 17903K, committed 18176K, reserved 1114112K
  class space    used 1711K, committed 1856K, reserved 1048576K
}
Event: 56916.833 {metaspace After GC invocations=24864 (full 0):
 Metaspace       used 17903K, committed 18176K, reserved 1114112K
  class space    used 1711K, committed 1856K, reserved 1048576K
}
Event: 56919.102 {metaspace Before GC invocations=24864 (full 0):
 Metaspace       used 17903K, committed 18176K, reserved 1114112K
  class space    used 1711K, committed 1856K, reserved 1048576K
}
Event: 56919.102 {metaspace After GC invocations=24865 (full 0):
 Metaspace       used 17903K, committed 18176K, reserved 1114112K
  class space    used 1711K, committed 1856K, reserved 1048576K
}
Event: 56921.363 {metaspace Before GC invocations=24865 (full 0):
 Metaspace       used 17903K, committed 18176K, reserved 1114112K
  class space    used 1711K, committed 1856K, reserved 1048576K
}
Event: 56921.363 {metaspace After GC invocations=24866 (full 0):
 Metaspace       used 17903K, committed 18176K, reserved 1114112K
  class space    used 1711K, committed 1856K, reserved 1048576K
}
Event: 56923.625 {metaspace Before GC invocations=24866 (full 0):
 Metaspace       used 17903K, committed 18176K, reserved 1114112K
  class space    used 1711K, committed 1856K, reserved 1048576K
}
Event: 56923.626 {metaspace After GC invocations=24867 (full 0):
 Metaspace       used 17903K, committed 18176K, reserved 1114112K
  class space    used 1711K, committed 1856K, reserved 1048576K
}
Event: 56925.887 {metaspace Before GC invocations=24867 (full 0):
 Metaspace       used 17903K, committed 18176K, reserved 1114112K
  class space    used 1711K, committed 1856K, reserved 1048576K
}
Event: 56925.887 {metaspace After GC invocations=24868 (full 0):
 Metaspace       used 17903K, committed 18176K, reserved 1114112K
  class space    used 1711K, committed 1856K, reserved 1048576K
}
Event: 56928.148 {metaspace Before GC invocations=24868 (full 0):
 Metaspace       used 17903K, committed 18176K, reserved 1114112K
  class space    used 1711K, committed 1856K, reserved 1048576K
}
Event: 56928.148 {metaspace After GC invocations=24869 (full 0):
 Metaspace       used 17903K, committed 18176K, reserved 1114112K
  class space    used 1711K, committed 1856K, reserved 1048576K
}

Dll operation events (9 events):
Event: 0.003 Loaded shared library /Library/Java/JavaVirtualMachines/temurin-25.jdk/Contents/Home/lib/libjava.dylib
Event: 0.022 Loaded shared library /Library/Java/JavaVirtualMachines/temurin-25.jdk/Contents/Home/lib/libnio.dylib
Event: 0.022 Loaded shared library /Library/Java/JavaVirtualMachines/temurin-25.jdk/Contents/Home/lib/libjimage.dylib
Event: 0.025 Loaded shared library /Library/Java/JavaVirtualMachines/temurin-25.jdk/Contents/Home/lib/libzip.dylib
Event: 0.029 Loaded shared library /Library/Java/JavaVirtualMachines/temurin-25.jdk/Contents/Home/lib/libawt.dylib
Event: 0.031 Loaded shared library /Library/Java/JavaVirtualMachines/temurin-25.jdk/Contents/Home/lib/libawt_lwawt.dylib
Event: 0.050 Loaded shared library /Library/Java/JavaVirtualMachines/temurin-25.jdk/Contents/Home/lib/libfontmanager.dylib
Event: 0.195 Loaded shared library /Library/Java/JavaVirtualMachines/temurin-25.jdk/Contents/Home/lib/libosxui.dylib
Event: 15.204 Loaded shared library /Library/Java/JavaVirtualMachines/temurin-25.jdk/Contents/Home/lib/libnet.dylib

Deoptimization events (20 events):
Event: 57.700 Thread 0x000000015a80d600 Uncommon trap: trap_request=0xffffffde fr.pc=0x0000000118c306e4 relative=0x0000000000000de4
Event: 57.700 Thread 0x000000015a80d600 Uncommon trap: reason=class_check action=maybe_recompile pc=0x0000000118c306e4 method=java.util.regex.Pattern.compile()V @ 305 c2
Event: 57.700 Thread 0x000000015a80d600 DEOPT PACKING pc=0x0000000118c306e4 sp=0x0000000171ce5f00
Event: 57.700 Thread 0x000000015a80d600 DEOPT UNPACKING pc=0x00000001185932dc sp=0x0000000171ce5e90 mode 2
Event: 215.132 Thread 0x000000015a80d600 DEOPT PACKING pc=0x00000001117f8ad4 sp=0x0000000171ce6800
Event: 215.132 Thread 0x000000015a80d600 DEOPT UNPACKING pc=0x00000001184bd0bc sp=0x0000000171ce6500 mode 0
Event: 668.207 Thread 0x000000015a8bea00 Uncommon trap: trap_request=0xffffff45 fr.pc=0x0000000118c6f5bc relative=0x00000000000002fc
Event: 668.207 Thread 0x000000015a8bea00 Uncommon trap: reason=unstable_if action=reinterpret pc=0x0000000118c6f5bc method=sun.java2d.metal.MTLRenderQueue$QueueFlusher.run()V @ 22 c2
Event: 668.207 Thread 0x000000015a8bea00 DEOPT PACKING pc=0x0000000118c6f5bc sp=0x000000017ac72930
Event: 668.207 Thread 0x000000015a8bea00 DEOPT UNPACKING pc=0x00000001185932dc sp=0x000000017ac728d0 mode 2
Event: 669.111 Thread 0x000000015a80d600 Uncommon trap: trap_request=0xffffffc6 fr.pc=0x0000000118c690a8 relative=0x00000000000017a8
Event: 669.111 Thread 0x000000015a80d600 Uncommon trap: reason=bimorphic_or_optimized_type_check action=maybe_recompile pc=0x0000000118c690a8 method=javax.swing.JComponent.paintImmediately(IIII)V @ 92 c2
Event: 669.111 Thread 0x000000015a80d600 DEOPT PACKING pc=0x0000000118c690a8 sp=0x0000000171ce6690
Event: 669.111 Thread 0x000000015a80d600 DEOPT UNPACKING pc=0x00000001185932dc sp=0x0000000171ce6560 mode 2
Event: 669.114 Thread 0x000000015a80d600 Uncommon trap: trap_request=0xffffffc6 fr.pc=0x0000000118ba876c relative=0x00000000000002ac
Event: 669.114 Thread 0x000000015a80d600 Uncommon trap: reason=bimorphic_or_optimized_type_check action=maybe_recompile pc=0x0000000118ba876c method=javax.swing.JComponent.paintImmediately(IIII)V @ 92 c2
Event: 669.114 Thread 0x000000015a80d600 DEOPT PACKING pc=0x0000000118ba876c sp=0x0000000171ce65e0
Event: 669.114 Thread 0x000000015a80d600 DEOPT UNPACKING pc=0x00000001185932dc sp=0x0000000171ce6550 mode 2
Event: 673.850 Thread 0x000000015a8bea00 DEOPT PACKING pc=0x00000001117ff7ec sp=0x000000017ac728d0
Event: 673.850 Thread 0x000000015a8bea00 DEOPT UNPACKING pc=0x00000001184bd0bc sp=0x000000017ac725e0 mode 0

Classes loaded (20 events):
Event: 51.931 Loading class sun/java2d/loops/ProcessPath$1
Event: 51.931 Loading class sun/java2d/loops/ProcessPath$EndSubPathHandler
Event: 51.931 Loading class sun/java2d/loops/ProcessPath$EndSubPathHandler done
Event: 51.931 Loading class sun/java2d/loops/ProcessPath$1 done
Event: 51.931 Loading class sun/java2d/loops/ProcessPath$FillProcessHandler
Event: 51.931 Loading class sun/java2d/loops/ProcessPath$ProcessHandler
Event: 51.931 Loading class sun/java2d/loops/ProcessPath$ProcessHandler done
Event: 51.931 Loading class sun/java2d/loops/ProcessPath$FillProcessHandler done
Event: 51.931 Loading class sun/java2d/loops/ProcessPath$FillData
Event: 51.931 Loading class sun/java2d/loops/ProcessPath$FillData done
Event: 51.932 Loading class java/awt/geom/Path2D$Float$CopyIterator
Event: 51.932 Loading class java/awt/geom/Path2D$Float$CopyIterator done
Event: 51.932 Loading class sun/java2d/loops/ProcessPath$Point
Event: 51.932 Loading class sun/java2d/loops/ProcessPath$Point done
Event: 51.932 Loading class sun/java2d/loops/ProcessPath$ActiveEdgeList
Event: 51.932 Loading class sun/java2d/loops/ProcessPath$ActiveEdgeList done
Event: 51.932 Loading class sun/java2d/loops/ProcessPath$Edge
Event: 51.932 Loading class sun/java2d/loops/ProcessPath$Edge done
Event: 52.284 Loading class java/util/regex/Pattern$BnM
Event: 52.284 Loading class java/util/regex/Pattern$BnM done

Classes unloaded (0 events):
No events

Classes redefined (0 events):
No events

Internal exceptions (20 events):
Event: 0.263 Thread 0x000000015a80d600 Exception <a 'java/lang/NoSuchMethodError'{0x00000006971cc4f0}: 'void java.lang.invoke.DirectMethodHandle$Holder.invokeStatic(java.lang.Object, int, long)'> (0x00000006971cc4f0) 
thrown [src/hotspot/share/interpreter/linkResolver.cpp, line 804]
Event: 0.266 Thread 0x000000015a80d600 Exception <a 'java/lang/NoSuchMethodError'{0x00000006972fef10}: 'java.lang.Object java.lang.invoke.DirectMethodHandle$Holder.newInvokeSpecial(java.lang.Object, int, int, int, int)'> (0x00000006972fef10) 
thrown [src/hotspot/share/interpreter/linkResolver.cpp, line 804]
Event: 0.266 Thread 0x000000015a80d600 Exception <a 'java/lang/NoSuchMethodError'{0x0000000697307768}: 'java.lang.Object java.lang.invoke.DirectMethodHandle$Holder.invokeSpecial(java.lang.Object, java.lang.Object, int, int, int, int)'> (0x0000000697307768) 
thrown [src/hotspot/share/interpreter/linkResolver.cpp, line 804]
Event: 0.267 Thread 0x000000015a80d600 Exception <a 'java/lang/NoSuchMethodError'{0x000000069730f850}: 'java.lang.Object java.lang.invoke.Invokers$Holder.linkToTargetMethod(int, int, int, int, java.lang.Object)'> (0x000000069730f850) 
thrown [src/hotspot/share/interpreter/linkResolver.cpp, line 804]
Event: 0.271 Thread 0x000000015a80be00 Exception <a 'java/lang/NoSuchMethodError'{0x0000000697956610}: 'void java.lang.invoke.DirectMethodHandle$Holder.invokeSpecial(java.lang.Object, java.lang.Object, long)'> (0x0000000697956610) 
thrown [src/hotspot/share/interpreter/linkResolver.cpp, line 804]
Event: 0.283 Thread 0x000000015a80d600 Exception <a 'java/lang/NoSuchMethodError'{0x0000000697369a30}: 'java.lang.Object java.lang.invoke.DirectMethodHandle$Holder.newInvokeSpecial(java.lang.Object, int, java.lang.Object)'> (0x0000000697369a30) 
thrown [src/hotspot/share/interpreter/linkResolver.cpp, line 804]
Event: 0.293 Thread 0x000000015a80be00 Exception <a 'java/lang/NoSuchMethodError'{0x000000069797e9d0}: 'void java.lang.invoke.DirectMethodHandle$Holder.invokeStatic(java.lang.Object, long)'> (0x000000069797e9d0) 
thrown [src/hotspot/share/interpreter/linkResolver.cpp, line 804]
Event: 0.535 Thread 0x000000015a80d600 Exception <a 'java/lang/NoSuchMethodError'{0x0000000696c74fa8}: 'void java.lang.invoke.DirectMethodHandle$Holder.invokeStatic(java.lang.Object, long, long)'> (0x0000000696c74fa8) 
thrown [src/hotspot/share/interpreter/linkResolver.cpp, line 804]
Event: 0.536 Thread 0x000000015a80d600 Exception <a 'java/lang/NoSuchMethodError'{0x0000000696c83e40}: 'java.lang.Object java.lang.invoke.DirectMethodHandle$Holder.newInvokeSpecial(java.lang.Object, long)'> (0x0000000696c83e40) 
thrown [src/hotspot/share/interpreter/linkResolver.cpp, line 804]
Event: 2.720 Thread 0x000000015a80d600 Exception <a 'java/lang/NoSuchMethodError'{0x0000000696e2cf20}: 'java.lang.Object java.lang.invoke.DirectMethodHandle$Holder.newInvokeSpecial(java.lang.Object, float)'> (0x0000000696e2cf20) 
thrown [src/hotspot/share/interpreter/linkResolver.cpp, line 804]
Event: 4.037 Thread 0x000000015a80d600 Exception <a 'java/lang/NoSuchMethodError'{0x0000000696f0f098}: 'void java.lang.invoke.DirectMethodHandle$Holder.invokeStatic(java.lang.Object, java.lang.Object, java.lang.Object)'> (0x0000000696f0f098) 
thrown [src/hotspot/share/interpreter/linkResolver.cpp, line 804]
Event: 4.068 Thread 0x000000015a80d600 Exception <a 'java/lang/NullPointerException'{0x0000000696fd2808}> (0x0000000696fd2808) 
thrown [src/hotspot/share/prims/jni.cpp, line 534]
Event: 4.104 Thread 0x000000015a80d600 Exception <a 'java/lang/NoSuchMethodError'{0x000000069690fda8}: 'int java.lang.invoke.DirectMethodHandle$Holder.invokeStatic(java.lang.Object)'> (0x000000069690fda8) 
thrown [src/hotspot/share/interpreter/linkResolver.cpp, line 804]
Event: 37.933 Thread 0x000000015a80d600 Implicit null exception at 0x0000000118ac83f8 to 0x0000000118ac8820
Event: 37.936 Thread 0x000000015a80d600 Implicit null exception at 0x0000000118b54d8c to 0x0000000118b54dd0
Event: 37.945 Thread 0x000000015a80d600 Implicit null exception at 0x0000000118b77e34 to 0x0000000118b77fa8
Event: 37.961 Thread 0x000000015a80d600 Implicit null exception at 0x0000000118b211b0 to 0x0000000118b21e44
Event: 52.289 Thread 0x000000015a80d600 Implicit null exception at 0x0000000118b7b404 to 0x0000000118b7bd3c
Event: 52.289 Thread 0x000000015a80d600 Implicit null exception at 0x0000000118bb60a0 to 0x0000000118bb83d8
Event: 52.289 Thread 0x000000015a80d600 Implicit null exception at 0x0000000118b2420c to 0x0000000118b245d0

VM Operations (20 events):
Event: 56907.756 Executing safepoint VM operation: G1CollectForAllocation (G1 Evacuation Pause)
Event: 56907.756 Executing safepoint VM operation: G1CollectForAllocation (G1 Evacuation Pause) done
Event: 56910.026 Executing safepoint VM operation: G1CollectForAllocation (G1 Evacuation Pause)
Event: 56910.027 Executing safepoint VM operation: G1CollectForAllocation (G1 Evacuation Pause) done
Event: 56912.304 Executing safepoint VM operation: G1CollectForAllocation (G1 Evacuation Pause)
Event: 56912.305 Executing safepoint VM operation: G1CollectForAllocation (G1 Evacuation Pause) done
Event: 56914.568 Executing safepoint VM operation: G1CollectForAllocation (G1 Evacuation Pause)
Event: 56914.569 Executing safepoint VM operation: G1CollectForAllocation (G1 Evacuation Pause) done
Event: 56916.833 Executing safepoint VM operation: G1CollectForAllocation (G1 Evacuation Pause)
Event: 56916.833 Executing safepoint VM operation: G1CollectForAllocation (G1 Evacuation Pause) done
Event: 56919.102 Executing safepoint VM operation: G1CollectForAllocation (G1 Evacuation Pause)
Event: 56919.102 Executing safepoint VM operation: G1CollectForAllocation (G1 Evacuation Pause) done
Event: 56921.363 Executing safepoint VM operation: G1CollectForAllocation (G1 Evacuation Pause)
Event: 56921.363 Executing safepoint VM operation: G1CollectForAllocation (G1 Evacuation Pause) done
Event: 56923.625 Executing safepoint VM operation: G1CollectForAllocation (G1 Evacuation Pause)
Event: 56923.626 Executing safepoint VM operation: G1CollectForAllocation (G1 Evacuation Pause) done
Event: 56925.887 Executing safepoint VM operation: G1CollectForAllocation (G1 Evacuation Pause)
Event: 56925.887 Executing safepoint VM operation: G1CollectForAllocation (G1 Evacuation Pause) done
Event: 56928.148 Executing safepoint VM operation: G1CollectForAllocation (G1 Evacuation Pause)
Event: 56928.148 Executing safepoint VM operation: G1CollectForAllocation (G1 Evacuation Pause) done

Memory protections (20 events):
Event: 4.073 Protecting memory [0x0000000383504000,0x0000000383510000] with protection modes 3
Event: 4.075 Protecting memory [0x0000000384004000,0x0000000384010000] with protection modes 3
Event: 4.090 Protecting memory [0x000000033b424000,0x000000033b430000] with protection modes 0
Event: 4.091 Protecting memory [0x000000033b424000,0x000000033b430000] with protection modes 3
Event: 6.704 Protecting memory [0x0000000383004000,0x0000000383010000] with protection modes 0
Event: 6.706 Protecting memory [0x0000000383004000,0x0000000383010000] with protection modes 3
Event: 14.943 Protecting memory [0x0000000384f04000,0x0000000384f10000] with protection modes 0
Event: 15.226 Protecting memory [0x000000033ae1c000,0x000000033ae28000] with protection modes 0
Event: 15.253 Protecting memory [0x000000033b028000,0x000000033b034000] with protection modes 0
Event: 15.334 Protecting memory [0x0000000386170000,0x000000038617c000] with protection modes 0
Event: 17.836 Protecting memory [0x0000000386170000,0x000000038617c000] with protection modes 3
Event: 18.727 Protecting memory [0x000000033ae1c000,0x000000033ae28000] with protection modes 3
Event: 20.240 Protecting memory [0x000000033ae1c000,0x000000033ae28000] with protection modes 0
Event: 21.973 Protecting memory [0x000000033ae1c000,0x000000033ae28000] with protection modes 3
Event: 37.941 Protecting memory [0x00000003c16cc000,0x00000003c16d8000] with protection modes 0
Event: 39.340 Protecting memory [0x00000003c16cc000,0x00000003c16d8000] with protection modes 3
Event: 43.988 Protecting memory [0x00000003c16cc000,0x00000003c16d8000] with protection modes 0
Event: 44.474 Protecting memory [0x00000003c16cc000,0x00000003c16d8000] with protection modes 3
Event: 57.706 Protecting memory [0x000000033ae1c000,0x000000033ae28000] with protection modes 0
Event: 65.685 Protecting memory [0x000000033ae1c000,0x000000033ae28000] with protection modes 3

Nmethod flushes (0 events):
No events

Events (20 events):
Event: 4.074 Thread 0x000000015b219800 Thread exited: 0x000000015b219800
Event: 4.075 Thread 0x000000015a8f6200 Thread exited: 0x000000015a8f6200
Event: 4.090 Thread 0x000000015a80d600 Thread added: 0x000000015a963200
Event: 4.091 Thread 0x000000015a963200 Thread exited: 0x000000015a963200
Event: 6.704 Thread 0x000000015a80d600 Thread added: 0x0000000138008200
Event: 6.706 Thread 0x0000000138008200 Thread exited: 0x0000000138008200
Event: 14.943 Thread 0x000000015a80d600 Thread added: 0x000000013805c200
Event: 15.226 Thread 0x000000015a812000 Thread added: 0x000000012f819200
Event: 15.253 Thread 0x000000015a80d600 Thread added: 0x000000014ae99e00
Event: 15.334 Thread 0x000000015a812000 Thread added: 0x000000015bba3200
Event: 17.836 Thread 0x000000015bba3200 Thread exited: 0x000000015bba3200
Event: 18.728 Thread 0x000000012f819200 Thread exited: 0x000000012f819200
Event: 20.240 Thread 0x000000015a812000 Thread added: 0x00000003b88ab400
Event: 21.974 Thread 0x00000003b88ab400 Thread exited: 0x00000003b88ab400
Event: 37.941 Thread 0x000000015a811600 Thread added: 0x00000003b7952800
Event: 39.340 Thread 0x00000003b7952800 Thread exited: 0x00000003b7952800
Event: 43.988 Thread 0x000000015a812000 Thread added: 0x00000003b7517200
Event: 44.474 Thread 0x00000003b7517200 Thread exited: 0x00000003b7517200
Event: 57.706 Thread 0x000000015a812000 Thread added: 0x00000003b81c7200
Event: 65.685 Thread 0x00000003b81c7200 Thread exited: 0x00000003b81c7200


Dynamic libraries:
0x00000001007cc000 	/Library/Java/JavaVirtualMachines/temurin-25.jdk/Contents/Home/lib/libjli.dylib
0x00000001a7e7f000 	/System/Library/Frameworks/ApplicationServices.framework/Versions/A/ApplicationServices
0x000000019459a000 	/System/Library/Frameworks/CoreGraphics.framework/Versions/A/CoreGraphics
0x0000000190b19000 	/System/Library/Frameworks/CoreText.framework/Versions/A/CoreText
0x0000000199e5f000 	/System/Library/Frameworks/ImageIO.framework/Versions/A/ImageIO
0x0000000194ccb000 	/System/Library/Frameworks/ColorSync.framework/Versions/A/ColorSync
0x00000001a00c3000 	/System/Library/Frameworks/ApplicationServices.framework/Versions/A/Frameworks/ATS.framework/Versions/A/ATS
0x00000001a3cbe000 	/System/Library/Frameworks/CoreServices.framework/Versions/A/CoreServices
0x0000000194e81000 	/System/Library/Frameworks/ApplicationServices.framework/Versions/A/Frameworks/HIServices.framework/Versions/A/HIServices
0x000000019e97c000 	/System/Library/Frameworks/ApplicationServices.framework/Versions/A/Frameworks/PrintCore.framework/Versions/A/PrintCore
0x00000001a0480000 	/System/Library/Frameworks/ApplicationServices.framework/Versions/A/Frameworks/QD.framework/Versions/A/QD
0x00000001a0477000 	/System/Library/Frameworks/ApplicationServices.framework/Versions/A/Frameworks/ColorSyncLegacy.framework/Versions/A/ColorSyncLegacy
0x00000001a0095000 	/System/Library/Frameworks/ApplicationServices.framework/Versions/A/Frameworks/SpeechSynthesis.framework/Versions/A/SpeechSynthesis
0x000000019c299000 	/usr/lib/libSystem.B.dylib
0x0000000194073000 	/System/Library/PrivateFrameworks/SkyLight.framework/Versions/A/SkyLight
0x0000000195756000 	/System/Library/PrivateFrameworks/ProtocolBuffer.framework/Versions/A/ProtocolBuffer
0x000000019c29e000 	/System/Library/PrivateFrameworks/SoftLinking.framework/Versions/A/SoftLinking
0x0000000191870000 	/usr/lib/libicucore.A.dylib
0x0000000196c47000 	/System/Library/PrivateFrameworks/CoreAnalytics.framework/Versions/A/CoreAnalytics
0x000000019982f000 	/System/Library/PrivateFrameworks/FontServices.framework/libFontParser.dylib
0x00000001a3f6a000 	/System/Library/Frameworks/Accelerate.framework/Versions/A/Accelerate
0x0000000199415000 	/System/Library/Frameworks/IOSurface.framework/Versions/A/IOSurface
0x00000001978ed000 	/usr/lib/libxml2.2.dylib
0x0000000193bd7000 	/System/Library/Frameworks/CFNetwork.framework/Versions/A/CFNetwork
0x000000018e0aa000 	/System/Library/Frameworks/CoreFoundation.framework/Versions/A/CoreFoundation
0x000000018f69b000 	/System/Library/Frameworks/Foundation.framework/Versions/C/Foundation
0x000000019c1e3000 	/usr/lib/libz.1.dylib
0x000000018dc40000 	/usr/lib/libobjc.A.dylib
0x000000018df4e000 	/usr/lib/libc++.1.dylib
0x000000019146b000 	/System/Library/Frameworks/Security.framework/Versions/A/Security
0x000000023c076000 	/System/Library/PrivateFrameworks/CollectionsInternal.framework/Versions/A/CollectionsInternal
0x000000019f808000 	/usr/lib/swift/libswiftCore.dylib
0x00000001b6fac000 	/usr/lib/swift/libswiftCoreFoundation.dylib
0x00000001b4315000 	/usr/lib/swift/libswiftDarwin.dylib
0x00000001a57b7000 	/usr/lib/swift/libswiftDispatch.dylib
0x00000001b7007000 	/usr/lib/swift/libswiftIOKit.dylib
0x00000001a8439000 	/usr/lib/swift/libswiftObjectiveC.dylib
0x00000001b6fbe000 	/usr/lib/swift/libswiftXPC.dylib
0x0000000276790000 	/usr/lib/swift/libswift_Builtin_float.dylib
0x0000000276985000 	/usr/lib/swift/libswift_errno.dylib
0x0000000276987000 	/usr/lib/swift/libswift_math.dylib
0x000000027698a000 	/usr/lib/swift/libswift_signal.dylib
0x000000027698b000 	/usr/lib/swift/libswift_stdio.dylib
0x000000027698c000 	/usr/lib/swift/libswift_time.dylib
0x000000027698d000 	/usr/lib/swift/libswiftsys_time.dylib
0x000000027698e000 	/usr/lib/swift/libswiftunistd.dylib
0x0000000195aa7000 	/System/Library/PrivateFrameworks/RunningBoardServices.framework/Versions/A/RunningBoardServices
0x0000000193fbe000 	/usr/lib/libMobileGestalt.dylib
0x0000000194050000 	/System/Library/PrivateFrameworks/TCC.framework/Versions/A/TCC
0x00000001ab167000 	/System/Library/PrivateFrameworks/IOSurfaceAccelerator.framework/Versions/A/IOSurfaceAccelerator
0x000000019e32f000 	/System/Library/PrivateFrameworks/WatchdogClient.framework/Versions/A/WatchdogClient
0x000000019c4c7000 	/usr/lib/libcompression.dylib
0x0000000196c78000 	/usr/lib/libDiagnosticMessagesClient.dylib
0x000000018f2fe000 	/System/Library/Frameworks/SystemConfiguration.framework/Versions/A/SystemConfiguration
0x0000000190640000 	/System/Library/Frameworks/CoreDisplay.framework/Versions/A/CoreDisplay
0x000000019b359000 	/System/Library/PrivateFrameworks/IOMobileFramebuffer.framework/Versions/A/IOMobileFramebuffer
0x00000001996d3000 	/System/Library/Frameworks/CoreMedia.framework/Versions/A/CoreMedia
0x000000019942e000 	/System/Library/PrivateFrameworks/IOAccelerator.framework/Versions/A/IOAccelerator
0x0000000191ebb000 	/System/Library/Frameworks/IOKit.framework/Versions/A/IOKit
0x0000000199438000 	/System/Library/Frameworks/Metal.framework/Versions/A/Metal
0x00000001979d7000 	/System/Library/Frameworks/CoreVideo.framework/Versions/A/CoreVideo
0x000000019c4bf000 	/System/Library/Frameworks/MetalPerformanceShaders.framework/Versions/A/MetalPerformanceShaders
0x000000019e331000 	/System/Library/PrivateFrameworks/MultitouchSupport.framework/Versions/A/MultitouchSupport
0x0000000197180000 	/System/Library/Frameworks/QuartzCore.framework/Versions/A/QuartzCore
0x000000019b685000 	/usr/lib/libbsm.0.dylib
0x000000025b264000 	/System/Library/PrivateFrameworks/ProDisplayLibrary.framework/Versions/A/ProDisplayLibrary
0x000000019e377000 	/System/Library/Frameworks/VideoToolbox.framework/Versions/A/VideoToolbox
0x00000001c3b77000 	/usr/lib/swift/libswiftMetal.dylib
0x00000001d2b1c000 	/usr/lib/swift/libswiftOSLog.dylib
0x00000001c8f19000 	/usr/lib/swift/libswiftQuartzCore.dylib
0x00000001cd574000 	/usr/lib/swift/libswiftUniformTypeIdentifiers.dylib
0x00000001a843d000 	/usr/lib/swift/libswiftos.dylib
0x00000001ba860000 	/usr/lib/swift/libswiftsimd.dylib
0x0000000197a78000 	/System/Library/PrivateFrameworks/UserManagement.framework/Versions/A/UserManagement
0x00000001959c2000 	/System/Library/PrivateFrameworks/BaseBoard.framework/Versions/A/BaseBoard
0x0000000197867000 	/System/Library/Frameworks/CoreServices.framework/Versions/A/Frameworks/FSEvents.framework/Versions/A/FSEvents
0x0000000191b47000 	/System/Library/Frameworks/CoreServices.framework/Versions/A/Frameworks/CarbonCore.framework/Versions/A/CarbonCore
0x0000000196cdb000 	/System/Library/Frameworks/CoreServices.framework/Versions/A/Frameworks/Metadata.framework/Versions/A/Metadata
0x000000019bd7b000 	/System/Library/Frameworks/CoreServices.framework/Versions/A/Frameworks/OSServices.framework/Versions/A/OSServices
0x000000019c3e8000 	/System/Library/Frameworks/CoreServices.framework/Versions/A/Frameworks/SearchKit.framework/Versions/A/SearchKit
0x0000000195b10000 	/System/Library/Frameworks/CoreServices.framework/Versions/A/Frameworks/AE.framework/Versions/A/AE
0x000000018e5e9000 	/System/Library/Frameworks/CoreServices.framework/Versions/A/Frameworks/LaunchServices.framework/Versions/A/LaunchServices
0x000000019d7ff000 	/System/Library/Frameworks/CoreServices.framework/Versions/A/Frameworks/DictionaryServices.framework/Versions/A/DictionaryServices
0x0000000197875000 	/System/Library/Frameworks/CoreServices.framework/Versions/A/Frameworks/SharedFileList.framework/Versions/A/SharedFileList
0x000000019c47e000 	/usr/lib/libapple_nghttp2.dylib
0x0000000195771000 	/usr/lib/libsqlite3.dylib
0x00000001a04b6000 	/System/Library/Frameworks/GSS.framework/Versions/A/GSS
0x000000019ea93000 	/System/Library/PrivateFrameworks/InternationalSupport.framework/Versions/A/InternationalSupport
0x0000000193fbc000 	/usr/lib/libenergytrace.dylib
0x0000000195b9e000 	/System/Library/Frameworks/Network.framework/Versions/A/Network
0x0000000191e3a000 	/System/Library/PrivateFrameworks/CoreServicesInternal.framework/Versions/A/CoreServicesInternal
0x000000019c266000 	/usr/lib/liboah.dylib
0x000000019c29b000 	/usr/lib/libfakelink.dylib
0x000000018dfdb000 	/usr/lib/libc++abi.dylib
0x000000027569a000 	/usr/lib/libRosetta.dylib
0x00000001978a3000 	/System/Library/PrivateFrameworks/CoreAutoLayout.framework/Versions/A/CoreAutoLayout
0x0000000196d66000 	/System/Library/Frameworks/DiskArbitration.framework/Versions/A/DiskArbitration
0x000000019c2f0000 	/usr/lib/libarchive.2.dylib
0x000000019a661000 	/usr/lib/liblangid.dylib
0x00000001a1bb9000 	/System/Library/Frameworks/Combine.framework/Versions/A/Combine
0x000000025bf26000 	/System/Library/PrivateFrameworks/ReflectionInternal.framework/Versions/A/ReflectionInternal
0x000000025cbfd000 	/System/Library/PrivateFrameworks/RuntimeInternal.framework/Versions/A/RuntimeInternal
0x0000000276721000 	/usr/lib/swift/libswiftSystem.dylib
0x0000000276793000 	/usr/lib/swift/libswift_Concurrency.dylib
0x00000002768f2000 	/usr/lib/swift/libswift_StringProcessing.dylib
0x000000019c293000 	/usr/lib/system/libcache.dylib
0x000000019c24e000 	/usr/lib/system/libcommonCrypto.dylib
0x000000019c279000 	/usr/lib/system/libcompiler_rt.dylib
0x000000019c26e000 	/usr/lib/system/libcopyfile.dylib
0x000000018dd9b000 	/usr/lib/system/libcorecrypto.dylib
0x000000018de82000 	/usr/lib/system/libdispatch.dylib
0x000000018e042000 	/usr/lib/system/libdyld.dylib
0x000000019c289000 	/usr/lib/system/libkeymgr.dylib
0x000000019c231000 	/usr/lib/system/libmacho.dylib
0x000000019b65e000 	/usr/lib/system/libquarantine.dylib
0x000000019c286000 	/usr/lib/system/libremovefile.dylib
0x0000000194038000 	/usr/lib/system/libsystem_asl.dylib
0x000000018dd30000 	/usr/lib/system/libsystem_blocks.dylib
0x000000018decc000 	/usr/lib/system/libsystem_c.dylib
0x000000019c27d000 	/usr/lib/system/libsystem_collections.dylib
0x000000019a64e000 	/usr/lib/system/libsystem_configuration.dylib
0x00000001993e4000 	/usr/lib/system/libsystem_containermanager.dylib
0x000000019bd74000 	/usr/lib/system/libsystem_coreservices.dylib
0x0000000191b3c000 	/usr/lib/system/libsystem_darwin.dylib
0x0000000276ac5000 	/usr/lib/system/libsystem_darwindirectory.dylib
0x000000019c28a000 	/usr/lib/system/libsystem_dnssd.dylib
0x0000000276ac9000 	/usr/lib/system/libsystem_eligibility.dylib
0x000000018dec9000 	/usr/lib/system/libsystem_featureflags.dylib
0x000000018e07a000 	/usr/lib/system/libsystem_info.dylib
0x000000019c1f2000 	/usr/lib/system/libsystem_m.dylib
0x000000018de3a000 	/usr/lib/system/libsystem_malloc.dylib
0x0000000193fa1000 	/usr/lib/system/libsystem_networkextension.dylib
0x0000000191f9e000 	/usr/lib/system/libsystem_notify.dylib
0x000000019a653000 	/usr/lib/system/libsystem_sandbox.dylib
0x0000000276ad1000 	/usr/lib/system/libsystem_sanitizers.dylib
0x000000019c282000 	/usr/lib/system/libsystem_secinit.dylib
0x000000018dff9000 	/usr/lib/system/libsystem_kernel.dylib
0x000000018e072000 	/usr/lib/system/libsystem_platform.dylib
0x000000018e035000 	/usr/lib/system/libsystem_pthread.dylib
0x0000000195b95000 	/usr/lib/system/libsystem_symptoms.dylib
0x000000018dd7f000 	/usr/lib/system/libsystem_trace.dylib
0x000000019c25c000 	/usr/lib/system/libunwind.dylib
0x000000018dd34000 	/usr/lib/system/libxpc.dylib
0x000000019b624000 	/System/Library/PrivateFrameworks/BackgroundTaskManagement.framework/Versions/A/BackgroundTaskManagement
0x0000000237edd000 	/System/Library/PrivateFrameworks/AppleKeyStore.framework/Versions/A/AppleKeyStore
0x00000002754f2000 	/usr/lib/libCoreEntitlements.dylib
0x0000000252ecb000 	/System/Library/PrivateFrameworks/MessageSecurity.framework/Versions/A/MessageSecurity
0x000000019bd5b000 	/System/Library/PrivateFrameworks/AppleFSCompression.framework/Versions/A/AppleFSCompression
0x000000019b66d000 	/usr/lib/libcoretls.dylib
0x000000019d875000 	/usr/lib/libcoretls_cfhelpers.dylib
0x000000019c4c1000 	/usr/lib/libpam.2.dylib
0x000000019d8e9000 	/usr/lib/libxar.1.dylib
0x000000019d877000 	/System/Library/PrivateFrameworks/APFS.framework/Versions/A/APFS
0x0000000266189000 	/System/Library/PrivateFrameworks/SwiftASN1Internal.framework/Versions/A/SwiftASN1Internal
0x000000019d8f8000 	/usr/lib/libutil.dylib
0x000000019c235000 	/usr/lib/system/libkxld.dylib
0x000000019a65c000 	/System/Library/PrivateFrameworks/AppleSystemInfo.framework/Versions/A/AppleSystemInfo
0x00000001b6e97000 	/System/Library/PrivateFrameworks/LoggingSupport.framework/Versions/A/LoggingSupport
0x00000001a4c78000 	/System/Library/PrivateFrameworks/PowerLog.framework/Versions/A/PowerLog
0x00000001f4a22000 	/System/Library/Frameworks/SwiftData.framework/Versions/A/SwiftData
0x000000019364e000 	/System/Library/Frameworks/UniformTypeIdentifiers.framework/Versions/A/UniformTypeIdentifiers
0x0000000193b05000 	/usr/lib/libboringssl.dylib
0x0000000195b84000 	/usr/lib/libdns_services.dylib
0x00000001b6046000 	/usr/lib/libquic.dylib
0x000000019f797000 	/usr/lib/libusrtcp.dylib
0x00000001da991000 	/System/Library/PrivateFrameworks/InternalSwiftProtobuf.framework/Versions/A/InternalSwiftProtobuf
0x000000027667e000 	/usr/lib/swift/libswiftDistributed.dylib
0x00000002766aa000 	/usr/lib/swift/libswiftObservation.dylib
0x0000000276717000 	/usr/lib/swift/libswiftSynchronization.dylib
0x0000000193bd6000 	/usr/lib/libnetwork.dylib
0x00000001c7b4d000 	/System/Library/PrivateFrameworks/OSAnalytics.framework/Versions/A/OSAnalytics
0x000000019c459000 	/System/Library/PrivateFrameworks/AppleSauce.framework/Versions/A/AppleSauce
0x00000001a5f4d000 	/System/Library/PrivateFrameworks/CoreSymbolication.framework/Versions/A/CoreSymbolication
0x00000001d665a000 	/System/Library/PrivateFrameworks/Symbolication.framework/Versions/A/Symbolication
0x00000001a5f29000 	/System/Library/PrivateFrameworks/DebugSymbols.framework/Versions/A/DebugSymbols
0x00000002753bd000 	/usr/lib/libAppleArchive.dylib
0x000000019bd67000 	/usr/lib/libbz2.1.0.dylib
0x000000019d856000 	/usr/lib/liblzma.5.dylib
0x00000001b6f20000 	/System/Library/PrivateFrameworks/MallocStackLogging.framework/Versions/A/MallocStackLogging
0x000000019da44000 	/System/Library/PrivateFrameworks/CrashReporterSupport.framework/Versions/A/CrashReporterSupport
0x000000018f0f5000 	/System/Library/PrivateFrameworks/Lexicon.framework/Versions/A/Lexicon
0x000000024b20a000 	/System/Library/PrivateFrameworks/IO80211.framework/Versions/A/IO80211
0x00000001a5a4f000 	/System/Library/PrivateFrameworks/FrontBoardServices.framework/Versions/A/FrontBoardServices
0x000000019b595000 	/System/Library/Frameworks/SecurityFoundation.framework/Versions/A/SecurityFoundation
0x000000019b6f7000 	/usr/lib/libgermantok.dylib
0x000000019a780000 	/System/Library/PrivateFrameworks/LinguisticData.framework/Versions/A/LinguisticData
0x00000001a5b1c000 	/System/Library/PrivateFrameworks/BoardServices.framework/Versions/A/BoardServices
0x000000019b586000 	/System/Library/PrivateFrameworks/AssertionServices.framework/Versions/A/AssertionServices
0x00000001a776c000 	/System/Library/PrivateFrameworks/BackBoardServices.framework/Versions/A/BackBoardServices
0x000000019e1f8000 	/System/Library/PrivateFrameworks/AppleJPEG.framework/Versions/A/AppleJPEG
0x000000019dc99000 	/usr/lib/libexpat.1.dylib
0x000000019e852000 	/System/Library/Frameworks/ImageIO.framework/Versions/A/Resources/libPng.dylib
0x000000019e87d000 	/System/Library/Frameworks/ImageIO.framework/Versions/A/Resources/libTIFF.dylib
0x000000019e967000 	/System/Library/Frameworks/ImageIO.framework/Versions/A/Resources/libGIF.dylib
0x000000019e23e000 	/System/Library/Frameworks/ImageIO.framework/Versions/A/Resources/libJP2.dylib
0x000000019d9aa000 	/usr/lib/libate.dylib
0x000000019e90e000 	/System/Library/Frameworks/ImageIO.framework/Versions/A/Resources/libJPEG.dylib
0x000000019e905000 	/System/Library/Frameworks/ImageIO.framework/Versions/A/Resources/libRadiance.dylib
0x0000000196d70000 	/System/Library/Frameworks/Accelerate.framework/Versions/A/Frameworks/vImage.framework/Versions/A/vImage
0x00000001a3c99000 	/System/Library/Frameworks/Accelerate.framework/Versions/A/Frameworks/vecLib.framework/Versions/A/vecLib
0x000000019d930000 	/System/Library/Frameworks/Accelerate.framework/Versions/A/Frameworks/vecLib.framework/Versions/A/libvMisc.dylib
0x000000018ea61000 	/System/Library/Frameworks/Accelerate.framework/Versions/A/Frameworks/vecLib.framework/Versions/A/libBLAS.dylib
0x00000001ee51e000 	/System/Library/Frameworks/OpenGL.framework/Versions/A/OpenGL
0x0000000246f9e000 	/System/Library/PrivateFrameworks/GPUCompiler.framework/Versions/32023/Libraries/libllvm-flatbuffers.dylib
0x000000024239a000 	/System/Library/PrivateFrameworks/FramePacing.framework/Versions/A/FramePacing
0x00000001ee510000 	/System/Library/Frameworks/OpenGL.framework/Versions/A/Libraries/libCoreFSCache.dylib
0x0000000242f0f000 	/System/Library/PrivateFrameworks/GPUCompiler.framework/Versions/32023/Libraries/libGPUCompilerUtils.dylib
0x00000001ee56e000 	/System/Library/Frameworks/OpenGL.framework/Versions/A/Libraries/libGLU.dylib
0x00000001ee532000 	/System/Library/Frameworks/OpenGL.framework/Versions/A/Libraries/libGFXShared.dylib
0x00000001ee6fa000 	/System/Library/Frameworks/OpenGL.framework/Versions/A/Libraries/libGL.dylib
0x00000001ee53b000 	/System/Library/Frameworks/OpenGL.framework/Versions/A/Libraries/libGLImage.dylib
0x00000001ee52f000 	/System/Library/Frameworks/OpenGL.framework/Versions/A/Libraries/libCVMSPluginSupport.dylib
0x00000001ee518000 	/System/Library/Frameworks/OpenGL.framework/Versions/A/Libraries/libCoreVMClient.dylib
0x000000019a1e3000 	/System/Library/Frameworks/CoreImage.framework/Versions/A/CoreImage
0x00000001a957c000 	/System/Library/PrivateFrameworks/ASEProcessing.framework/Versions/A/ASEProcessing
0x000000025a3d1000 	/System/Library/PrivateFrameworks/PhotosensitivityProcessing.framework/Versions/A/PhotosensitivityProcessing
0x000000019de71000 	/System/Library/PrivateFrameworks/GraphVisualizer.framework/Versions/A/GraphVisualizer
0x000000019b326000 	/System/Library/PrivateFrameworks/CoreEmoji.framework/Versions/A/CoreEmoji
0x00000002422cf000 	/System/Library/PrivateFrameworks/FontServices.framework/Versions/A/FontServices
0x000000019de7d000 	/System/Library/PrivateFrameworks/OTSVG.framework/Versions/A/OTSVG
0x0000000197554000 	/System/Library/Frameworks/ApplicationServices.framework/Versions/A/Frameworks/ATS.framework/Versions/A/Resources/libFontRegistry.dylib
0x000000019b569000 	/System/Library/PrivateFrameworks/MobileKeyBag.framework/Versions/A/MobileKeyBag
0x000000019a65a000 	/System/Library/PrivateFrameworks/AggregateDictionary.framework/Versions/A/AggregateDictionary
0x0000000275a7f000 	/usr/lib/libhvf.dylib
0x0000000257168000 	/System/Library/PrivateFrameworks/ParsingInternal.framework/Versions/A/ParsingInternal
0x00000002766c7000 	/usr/lib/swift/libswiftRegexBuilder.dylib
0x000000027684f000 	/usr/lib/swift/libswift_RegexParser.dylib
0x00000002422d0000 	/System/Library/PrivateFrameworks/FontServices.framework/libXTFontStaticRegistryData.dylib
0x000000019a59e000 	/System/Library/Frameworks/MetalPerformanceShaders.framework/Versions/A/Frameworks/MPSCore.framework/Versions/A/MPSCore
0x000000019bcc6000 	/System/Library/Frameworks/MetalPerformanceShaders.framework/Versions/A/Frameworks/MPSImage.framework/Versions/A/MPSImage
0x000000019b70f000 	/System/Library/Frameworks/MetalPerformanceShaders.framework/Versions/A/Frameworks/MPSNeuralNetwork.framework/Versions/A/MPSNeuralNetwork
0x000000019bb46000 	/System/Library/Frameworks/MetalPerformanceShaders.framework/Versions/A/Frameworks/MPSMatrix.framework/Versions/A/MPSMatrix
0x000000019b95b000 	/System/Library/Frameworks/MetalPerformanceShaders.framework/Versions/A/Frameworks/MPSRayIntersector.framework/Versions/A/MPSRayIntersector
0x000000019bb78000 	/System/Library/Frameworks/MetalPerformanceShaders.framework/Versions/A/Frameworks/MPSNDArray.framework/Versions/A/MPSNDArray
0x00000001f1e10000 	/System/Library/Frameworks/MetalPerformanceShaders.framework/Versions/A/Frameworks/MPSFunctions.framework/Versions/A/MPSFunctions
0x00000001f1df2000 	/System/Library/Frameworks/MetalPerformanceShaders.framework/Versions/A/Frameworks/MPSBenchmarkLoop.framework/Versions/A/MPSBenchmarkLoop
0x000000018e8dc000 	/System/Library/PrivateFrameworks/MetalTools.framework/Versions/A/MetalTools
0x00000001bbc09000 	/System/Library/PrivateFrameworks/IOAccelMemoryInfo.framework/Versions/A/IOAccelMemoryInfo
0x00000001c930e000 	/System/Library/PrivateFrameworks/kperf.framework/Versions/A/kperf
0x00000001b6f87000 	/System/Library/PrivateFrameworks/GPURawCounter.framework/Versions/A/GPURawCounter
0x000000019b234000 	/System/Library/Frameworks/Accelerate.framework/Versions/A/Frameworks/vecLib.framework/Versions/A/libvDSP.dylib
0x000000019c59d000 	/System/Library/Frameworks/Accelerate.framework/Versions/A/Frameworks/vecLib.framework/Versions/A/libLAPACK.dylib
0x000000019b6fa000 	/System/Library/Frameworks/Accelerate.framework/Versions/A/Frameworks/vecLib.framework/Versions/A/libLinearAlgebra.dylib
0x000000019c498000 	/System/Library/Frameworks/Accelerate.framework/Versions/A/Frameworks/vecLib.framework/Versions/A/libSparseBLAS.dylib
0x000000019c598000 	/System/Library/Frameworks/Accelerate.framework/Versions/A/Frameworks/vecLib.framework/Versions/A/libQuadrature.dylib
0x000000019a787000 	/System/Library/Frameworks/Accelerate.framework/Versions/A/Frameworks/vecLib.framework/Versions/A/libBNNS.dylib
0x000000018f202000 	/System/Library/Frameworks/Accelerate.framework/Versions/A/Frameworks/vecLib.framework/Versions/A/libSparse.dylib
0x00000002502ba000 	/System/Library/PrivateFrameworks/MIL.framework/Versions/A/MIL
0x00000001a5bc9000 	/System/Library/PrivateFrameworks/GraphicsServices.framework/Versions/A/GraphicsServices
0x000000019c2d5000 	/usr/lib/libiconv.2.dylib
0x000000019c230000 	/usr/lib/libcharset.1.dylib
0x000000019b3ea000 	/System/Library/PrivateFrameworks/CoreUtils.framework/Versions/A/CoreUtils
0x00000001f013f000 	/System/Library/Frameworks/ExtensionFoundation.framework/Versions/A/ExtensionFoundation
0x00000001b6f8b000 	/usr/lib/swift/libswiftCoreAudio.dylib
0x000000023fae7000 	/System/Library/PrivateFrameworks/CoreUtilsExtras.framework/Versions/A/CoreUtilsExtras
0x000000019db98000 	/System/Library/PrivateFrameworks/PlugInKit.framework/Versions/A/PlugInKit
0x000000019783a000 	/System/Library/Frameworks/OpenDirectory.framework/Versions/A/OpenDirectory
0x0000000197848000 	/System/Library/Frameworks/OpenDirectory.framework/Versions/A/Frameworks/CFOpenDirectory.framework/Versions/A/CFOpenDirectory
0x0000000190d38000 	/System/Library/Frameworks/CoreAudio.framework/Versions/A/CoreAudio
0x000000019debe000 	/System/Library/PrivateFrameworks/AppServerSupport.framework/Versions/A/AppServerSupport
0x00000001a0489000 	/System/Library/PrivateFrameworks/perfdata.framework/Versions/A/perfdata
0x0000000190761000 	/System/Library/PrivateFrameworks/AudioToolboxCore.framework/Versions/A/AudioToolboxCore
0x00000001996ab000 	/System/Library/PrivateFrameworks/caulk.framework/Versions/A/caulk
0x00000001a007c000 	/usr/lib/libAudioStatistics.dylib
0x00000001b613f000 	/System/Library/PrivateFrameworks/SystemPolicy.framework/Versions/A/SystemPolicy
0x00000001a032a000 	/usr/lib/libSMC.dylib
0x00000001aa686000 	/System/Library/Frameworks/CoreMIDI.framework/Versions/A/CoreMIDI
0x000000019e81c000 	/usr/lib/libAudioToolboxUtility.dylib
0x00000001a0497000 	/usr/lib/libperfcheck.dylib
0x0000000238a5b000 	/System/Library/PrivateFrameworks/AudioAnalytics.framework/Versions/A/AudioAnalytics
0x00000001e1cca000 	/System/Library/PrivateFrameworks/FeatureFlags.framework/Versions/A/FeatureFlags
0x00000001da758000 	/System/Library/Frameworks/OSLog.framework/Versions/A/OSLog
0x00000001b6f52000 	/usr/lib/libmis.dylib
0x00000001952fb000 	/System/Library/Frameworks/CoreData.framework/Versions/A/CoreData
0x000000019dcb4000 	/usr/lib/libheimdal-asn1.dylib
0x00000002756fd000 	/usr/lib/libTLE.dylib
0x00000001a7932000 	/System/Library/PrivateFrameworks/DiskImages.framework/Versions/A/DiskImages
0x00000001b3e3e000 	/System/Library/Frameworks/NetFS.framework/Versions/A/NetFS
0x000000019dd0b000 	/System/Library/PrivateFrameworks/IconServices.framework/Versions/A/IconServices
0x00000001efa6a000 	/System/Library/Frameworks/CoreTransferable.framework/Versions/A/CoreTransferable
0x000000019dcbe000 	/System/Library/PrivateFrameworks/IconFoundation.framework/Versions/A/IconFoundation
0x00000001975a6000 	/System/Library/PrivateFrameworks/CoreUI.framework/Versions/A/CoreUI
0x000000019e9f3000 	/System/Library/PrivateFrameworks/TextureIO.framework/Versions/A/TextureIO
0x0000000199e24000 	/System/Library/PrivateFrameworks/CoreSVG.framework/Versions/A/CoreSVG
0x00000001cd583000 	/usr/lib/swift/libswiftAccelerate.dylib
0x000000019fe73000 	/System/Library/Frameworks/AudioToolbox.framework/Versions/A/AudioToolbox
0x00000001a001e000 	/System/Library/PrivateFrameworks/AudioSession.framework/Versions/A/AudioSession
0x000000019dd9e000 	/System/Library/PrivateFrameworks/MediaExperience.framework/Versions/A/MediaExperience
0x000000019fe2c000 	/System/Library/PrivateFrameworks/AudioSession.framework/libSessionUtility.dylib
0x000000019e96d000 	/System/Library/PrivateFrameworks/CMCaptureCore.framework/Versions/A/CMCaptureCore
0x000000019dec8000 	/usr/lib/libspindump.dylib
0x00000001a605a000 	/System/Library/PrivateFrameworks/CoreTime.framework/Versions/A/CoreTime
0x00000001b092f000 	/usr/lib/libAccessibility.dylib
0x00000001a3fba000 	/System/Library/Frameworks/MediaAccessibility.framework/Versions/A/MediaAccessibility
0x000000026c48f000 	/System/Library/PrivateFrameworks/VideoToolboxParavirtualizationSupport.framework/Versions/A/VideoToolboxParavirtualizationSupport
0x000000019dc50000 	/System/Library/PrivateFrameworks/AppleVA.framework/Versions/A/AppleVA
0x00000001a4b81000 	/System/Library/Frameworks/CoreBluetooth.framework/Versions/A/CoreBluetooth
0x00000001a067b000 	/System/Library/PrivateFrameworks/CorePhoneNumbers.framework/Versions/A/CorePhoneNumbers
0x00000001eea96000 	/System/Library/Frameworks/AVFAudio.framework/Versions/A/AVFAudio
0x000000019da3b000 	/usr/lib/libIOReport.dylib
0x000000023866b000 	/System/Library/PrivateFrameworks/AppleMobileFileIntegrity.framework/Versions/A/AppleMobileFileIntegrity
0x00000001eb56c000 	/System/Library/PrivateFrameworks/ConfigProfileHelper.framework/Versions/A/ConfigProfileHelper
0x000000019b697000 	/usr/lib/libmecab.dylib
0x000000024eb43000 	/System/Library/PrivateFrameworks/IsolatedCoreAudioClient.framework/Versions/A/IsolatedCoreAudioClient
0x00000001a1921000 	/System/Library/Frameworks/IOBluetooth.framework/Versions/A/IOBluetooth
0x0000000268c4d000 	/System/Library/PrivateFrameworks/Tightbeam.framework/Versions/A/Tightbeam
0x000000023cb34000 	/System/Library/PrivateFrameworks/CoreAudioOrchestration.framework/Versions/A/CoreAudioOrchestration
0x00000001cdc46000 	/System/Library/PrivateFrameworks/AFKUser.framework/Versions/A/AFKUser
0x00000001a8391000 	/System/Library/Frameworks/AudioUnit.framework/Versions/A/AudioUnit
0x000000019e900000 	/System/Library/PrivateFrameworks/GPUWrangler.framework/Versions/A/GPUWrangler
0x000000019e8e0000 	/System/Library/PrivateFrameworks/IOPresentment.framework/Versions/A/IOPresentment
0x000000019e908000 	/System/Library/PrivateFrameworks/DSExternalDisplay.framework/Versions/A/DSExternalDisplay
0x000000018f392000 	/usr/lib/libCRFSuite.dylib
0x000000019a663000 	/System/Library/PrivateFrameworks/CoreNLP.framework/Versions/A/CoreNLP
0x000000019c450000 	/usr/lib/libThaiTokenizer.dylib
0x00000001b7006000 	/usr/lib/swift/libswiftCoreImage.dylib
0x00000001a4d69000 	/System/Library/PrivateFrameworks/MediaKit.framework/Versions/A/MediaKit
0x00000001a4cb4000 	/System/Library/Frameworks/DiscRecording.framework/Versions/A/DiscRecording
0x000000019ed9b000 	/System/Library/PrivateFrameworks/DataDetectorsCore.framework/Versions/A/DataDetectorsCore
0x00000001ba909000 	/System/Library/PrivateFrameworks/TextInput.framework/Versions/A/TextInput
0x000000019349c000 	/System/Library/PrivateFrameworks/UIFoundation.framework/Versions/A/UIFoundation
0x00000001a046a000 	/System/Library/PrivateFrameworks/NetAuth.framework/Versions/A/NetAuth
0x0000000197a38000 	/System/Library/PrivateFrameworks/login.framework/Versions/A/Frameworks/loginsupport.framework/Versions/A/loginsupport
0x00000001a7af0000 	/usr/lib/libcurl.4.dylib
0x0000000275931000 	/usr/lib/libcrypto.46.dylib
0x000000027645b000 	/usr/lib/libssl.48.dylib
0x00000001a77c8000 	/System/Library/Frameworks/LDAP.framework/Versions/A/LDAP
0x00000001a04a5000 	/System/Library/Frameworks/Kerberos.framework/Versions/A/Kerberos
0x00000001a7804000 	/System/Library/PrivateFrameworks/TrustEvaluationAgent.framework/Versions/A/TrustEvaluationAgent
0x00000001a0128000 	/usr/lib/libsasl2.2.dylib
0x00000001a010b000 	/usr/lib/libresolv.9.dylib
0x000000019decf000 	/System/Library/PrivateFrameworks/Heimdal.framework/Versions/A/Heimdal
0x00000001a8390000 	/System/Library/Frameworks/Kerberos.framework/Versions/A/Libraries/libHeimdalProxy.dylib
0x00000001a0508000 	/System/Library/PrivateFrameworks/CommonAuth.framework/Versions/A/CommonAuth
0x000000019b661000 	/usr/lib/libCheckFix.dylib
0x0000000196c7a000 	/System/Library/PrivateFrameworks/MetadataUtilities.framework/Versions/A/MetadataUtilities
0x000000024baee000 	/System/Library/PrivateFrameworks/InstalledContentLibrary.framework/Versions/A/InstalledContentLibrary
0x0000000191e7a000 	/System/Library/PrivateFrameworks/CoreServicesStore.framework/Versions/A/CoreServicesStore
0x000000019789f000 	/usr/lib/libapp_launch_measurement.dylib
0x00000001c9418000 	/System/Library/PrivateFrameworks/MobileSystemServices.framework/Versions/A/MobileSystemServices
0x000000019d8fc000 	/usr/lib/libxslt.1.dylib
0x00000001dab5f000 	/System/Library/PrivateFrameworks/HIDDisplay.framework/Versions/A/HIDDisplay
0x00000001afb4d000 	/System/Library/PrivateFrameworks/HID.framework/Versions/A/HID
0x000000019e939000 	/System/Library/Frameworks/ApplicationServices.framework/Versions/A/Frameworks/ATSUI.framework/Versions/A/ATSUI
0x00000001a040b000 	/usr/lib/libcups.2.dylib
0x00000001b0873000 	/System/Library/PrivateFrameworks/AXCoreUtilities.framework/Versions/A/AXCoreUtilities
0x00000001bf5a9000 	/System/Library/PrivateFrameworks/AttributeGraph.framework/Versions/A/AttributeGraph
0x000000027533b000 	/usr/lib/libAXSafeCategoryBundle.dylib
0x00000001aa859000 	/System/Library/Frameworks/Cocoa.framework/Versions/A/Cocoa
0x000000019200b000 	/System/Library/Frameworks/AppKit.framework/Versions/C/AppKit
0x000000023c052000 	/System/Library/PrivateFrameworks/CollectionViewCore.framework/Versions/A/CollectionViewCore
0x0000000199e1e000 	/System/Library/PrivateFrameworks/XCTTargetBootstrap.framework/Versions/A/XCTTargetBootstrap
0x000000019edea000 	/System/Library/PrivateFrameworks/UserActivity.framework/Versions/A/UserActivity
0x000000026a9da000 	/System/Library/PrivateFrameworks/UIIntelligenceSupport.framework/Versions/A/UIIntelligenceSupport
0x00000001f4b5d000 	/System/Library/Frameworks/SwiftUICore.framework/Versions/A/SwiftUICore
0x000000026fa60000 	/System/Library/PrivateFrameworks/WritingTools.framework/Versions/A/WritingTools
0x000000026eaa4000 	/System/Library/PrivateFrameworks/WindowManagement.framework/Versions/A/WindowManagement
0x0000000199e09000 	/System/Library/PrivateFrameworks/DFRFoundation.framework/Versions/A/DFRFoundation
0x0000000199b02000 	/System/Library/Frameworks/Carbon.framework/Versions/A/Frameworks/HIToolbox.framework/Versions/A/HIToolbox
0x00000001a38c7000 	/System/Library/Frameworks/Carbon.framework/Versions/A/Frameworks/SpeechRecognition.framework/Versions/A/SpeechRecognition
0x00000001aeead000 	/System/Library/PrivateFrameworks/RenderBox.framework/Versions/A/RenderBox
0x0000000197830000 	/System/Library/PrivateFrameworks/PerformanceAnalysis.framework/Versions/A/PerformanceAnalysis
0x00000001a3c3f000 	/System/Library/Frameworks/Accessibility.framework/Versions/A/Accessibility
0x00000001effef000 	/System/Library/Frameworks/DataDetection.framework/Versions/A/DataDetection
0x00000001efff2000 	/System/Library/Frameworks/DeveloperToolsSupport.framework/Versions/A/DeveloperToolsSupport
0x00000001f5720000 	/System/Library/Frameworks/Symbols.framework/Versions/A/Symbols
0x000000027667d000 	/usr/lib/swift/libswiftDataDetection.dylib
0x00000001b4314000 	/usr/lib/swift/libswiftCoreGraphics.dylib
0x00000001a45e9000 	/usr/lib/swift/libswiftFoundation.dylib
0x00000001eaff6000 	/usr/lib/swift/libswiftSwiftOnoneSupport.dylib
0x00000001d6e0b000 	/System/Library/PrivateFrameworks/CoreMaterial.framework/Versions/A/CoreMaterial
0x000000025ccf4000 	/System/Library/PrivateFrameworks/SFSymbols.framework/Versions/A/SFSymbols
0x00000001a38b4000 	/System/Library/PrivateFrameworks/SpeechRecognitionCore.framework/Versions/A/SpeechRecognitionCore
0x0000000107284000 	/Library/Java/JavaVirtualMachines/temurin-25.jdk/Contents/Home/lib/server/libjvm.dylib
0x000000010082c000 	/Library/Java/JavaVirtualMachines/temurin-25.jdk/Contents/Home/lib/libjimage.dylib
0x00000001008b0000 	/Library/Java/JavaVirtualMachines/temurin-25.jdk/Contents/Home/lib/libjava.dylib
0x0000000100b54000 	/Library/Java/JavaVirtualMachines/temurin-25.jdk/Contents/Home/lib/libnio.dylib
0x0000000100b74000 	/Library/Java/JavaVirtualMachines/temurin-25.jdk/Contents/Home/lib/libnet.dylib
0x0000000100bb8000 	/Library/Java/JavaVirtualMachines/temurin-25.jdk/Contents/Home/lib/libzip.dylib
0x0000000100ea0000 	/Library/Java/JavaVirtualMachines/temurin-25.jdk/Contents/Home/lib/libawt.dylib
0x00000001f1079000 	/System/Library/Frameworks/JavaRuntimeSupport.framework/Versions/A/JavaRuntimeSupport
0x00000001b5b62000 	/System/Library/Frameworks/Carbon.framework/Versions/A/Carbon
0x00000001acb98000 	/System/Library/Frameworks/Carbon.framework/Versions/A/Frameworks/CommonPanels.framework/Versions/A/CommonPanels
0x00000001a7adb000 	/System/Library/Frameworks/Carbon.framework/Versions/A/Frameworks/Help.framework/Versions/A/Help
0x00000001acb9c000 	/System/Library/Frameworks/Carbon.framework/Versions/A/Frameworks/ImageCapture.framework/Versions/A/ImageCapture
0x00000001acb78000 	/System/Library/Frameworks/Carbon.framework/Versions/A/Frameworks/OpenScripting.framework/Versions/A/OpenScripting
0x00000001acb97000 	/System/Library/Frameworks/Carbon.framework/Versions/A/Frameworks/Ink.framework/Versions/A/Ink
0x00000001acb94000 	/System/Library/Frameworks/Carbon.framework/Versions/A/Frameworks/SecurityHI.framework/Versions/A/SecurityHI
0x0000000106d30000 	/Library/Java/JavaVirtualMachines/temurin-25.jdk/Contents/Home/lib/libawt_lwawt.dylib
0x0000000100c10000 	/Library/Java/JavaVirtualMachines/temurin-25.jdk/Contents/Home/lib/libosxapp.dylib
0x00000001b4379000 	/System/Library/Frameworks/ExceptionHandling.framework/Versions/A/ExceptionHandling
0x0000000106fb4000 	/Library/Java/JavaVirtualMachines/temurin-25.jdk/Contents/Home/lib/libfontmanager.dylib
0x0000000106c00000 	/Library/Java/JavaVirtualMachines/temurin-25.jdk/Contents/Home/lib/libfreetype.dylib
0x00000001976ff000 	/System/Library/PrivateFrameworks/ViewBridge.framework/Versions/A/ViewBridge
0x0000000106ed4000 	/usr/lib/libobjc-trampolines.dylib
0x00000001c0338000 	/System/Library/CoreServices/RawCamera.bundle/Contents/MacOS/RawCamera
0x00000001a83b4000 	/System/Library/PrivateFrameworks/StreamingZip.framework/Versions/A/StreamingZip
0x00000001a74a4000 	/System/Library/PrivateFrameworks/CoreWiFi.framework/Versions/A/CoreWiFi
0x00000001a0519000 	/System/Library/PrivateFrameworks/MobileAsset.framework/Versions/A/MobileAsset
0x0000000275f3f000 	/usr/lib/libmrc.dylib
0x000000024b267000 	/System/Library/PrivateFrameworks/IPConfiguration.framework/Versions/A/IPConfiguration
0x00000001d6dcf000 	/System/Library/PrivateFrameworks/Netrb.framework/Versions/A/Netrb
0x00000001e1d52000 	/System/Library/PrivateFrameworks/WiFiPeerToPeer.framework/Versions/A/WiFiPeerToPeer
0x00000001bd9f5000 	/System/Library/PrivateFrameworks/SoftwareUpdateCoreSupport.framework/Versions/A/SoftwareUpdateCoreSupport
0x00000001c5396000 	/System/Library/PrivateFrameworks/SoftwareUpdateCoreConnect.framework/Versions/A/SoftwareUpdateCoreConnect
0x00000001a7a30000 	/System/Library/PrivateFrameworks/RemoteServiceDiscovery.framework/Versions/A/RemoteServiceDiscovery
0x00000001bd67b000 	/System/Library/PrivateFrameworks/MSUDataAccessor.framework/Versions/A/MSUDataAccessor
0x00000001b8e70000 	/usr/lib/libbootpolicy.dylib
0x00000001a7a46000 	/System/Library/PrivateFrameworks/RemoteXPC.framework/Versions/A/RemoteXPC
0x00000001c47e4000 	/usr/lib/libFDR.dylib
0x00000001ca88e000 	/usr/lib/libamsupport.dylib
0x0000000275692000 	/usr/lib/libReverseProxyDevice.dylib
0x00000002378c7000 	/System/Library/PrivateFrameworks/AppleDeviceQuerySupport.framework/Versions/A/AppleDeviceQuerySupport
0x00000001cd77b000 	/usr/lib/libpartition2_dynamic.dylib
0x000000019c052000 	/System/Library/Frameworks/UserNotifications.framework/Versions/A/UserNotifications
0x00000001a0685000 	/usr/lib/libTelephonyUtilDynamic.dylib
0x000000019ee58000 	/System/Library/Frameworks/MediaToolbox.framework/Versions/A/MediaToolbox
0x00000001a4e90000 	/System/Library/PrivateFrameworks/CoreAVCHD.framework/Versions/A/CoreAVCHD
0x00000001a4e8c000 	/System/Library/PrivateFrameworks/Mangrove.framework/Versions/A/Mangrove
0x000000023a3bd000 	/System/Library/PrivateFrameworks/CMPhoto.framework/Versions/A/CMPhoto
0x00000001a55eb000 	/System/Library/Frameworks/CoreTelephony.framework/Versions/A/CoreTelephony
0x00000001a4e7f000 	/System/Library/PrivateFrameworks/CoreAUC.framework/Versions/A/CoreAUC
0x0000000237d09000 	/System/Library/PrivateFrameworks/AppleJPEGXL.framework/Versions/A/AppleJPEGXL
0x00000001bd021000 	/System/Library/Frameworks/Accelerate.framework/Versions/A/Frameworks/vImage.framework/Versions/A/Libraries/libCGInterfaces.dylib
0x000000027533f000 	/usr/lib/libAccessibilityBaseImplementations.dylib
0x000000026fa65000 	/System/Library/PrivateFrameworks/WritingToolsUI.framework/Versions/A/WritingToolsUI
0x00000002480f9000 	/System/Library/PrivateFrameworks/GenerativeAssistantSettings.framework/Versions/A/GenerativeAssistantSettings
0x0000000266e8f000 	/System/Library/PrivateFrameworks/TextComposer.framework/Versions/A/TextComposer
0x00000001b6fb3000 	/usr/lib/swift/libswiftIntents.dylib
0x00000002766d9000 	/usr/lib/swift/libswiftSpatial.dylib
0x00000001eebef000 	/System/Library/Frameworks/AppIntents.framework/Versions/A/AppIntents
0x00000001bde81000 	/System/Library/Frameworks/SwiftUI.framework/Versions/A/SwiftUI
0x00000001b43f0000 	/System/Library/Frameworks/WebKit.framework/Versions/A/WebKit
0x0000000233b82000 	/System/Library/Frameworks/_AuthenticationServices_SwiftUI.framework/Versions/A/_AuthenticationServices_SwiftUI
0x0000000236762000 	/System/Library/PrivateFrameworks/Anvil.framework/Versions/A/Anvil
0x00000001bd4f6000 	/System/Library/PrivateFrameworks/AppStoreDaemon.framework/Versions/A/AppStoreDaemon
0x00000001aa8a1000 	/System/Library/PrivateFrameworks/AppleMediaServices.framework/Versions/A/AppleMediaServices
0x00000001b9f75000 	/System/Library/PrivateFrameworks/AppleMediaServicesUI.framework/Versions/A/AppleMediaServicesUI
0x00000002480d3000 	/System/Library/PrivateFrameworks/GenerativeAssistantCommon.framework/Versions/A/GenerativeAssistantCommon
0x00000001ea60d000 	/System/Library/PrivateFrameworks/JetEngine.framework/Versions/A/JetEngine
0x000000024fc1b000 	/System/Library/PrivateFrameworks/LinkMetadata.framework/Versions/A/LinkMetadata
0x00000001b7835000 	/System/Library/PrivateFrameworks/OnBoardingKit.framework/Versions/A/OnBoardingKit
0x000000025db6f000 	/System/Library/PrivateFrameworks/Settings.framework/Versions/A/Settings
0x000000019c0a0000 	/System/Library/Frameworks/CoreSpotlight.framework/Versions/A/CoreSpotlight
0x000000024fe5c000 	/System/Library/PrivateFrameworks/LinkServices.framework/Versions/A/LinkServices
0x0000000240778000 	/System/Library/PrivateFrameworks/DoNotDisturb.framework/Versions/A/DoNotDisturb
0x00000001bbd19000 	/System/Library/PrivateFrameworks/IntentsCore.framework/Versions/A/IntentsCore
0x0000000238e48000 	/System/Library/PrivateFrameworks/AvailabilityKit.framework/Versions/A/AvailabilityKit
0x00000002369b2000 	/System/Library/PrivateFrameworks/AppIntentSchemas.framework/Versions/A/AppIntentSchemas
0x00000002659a5000 	/System/Library/PrivateFrameworks/StatusKit.framework/Versions/A/StatusKit
0x000000025bea1000 	/System/Library/PrivateFrameworks/RecapPerformanceTesting.framework/Versions/A/RecapPerformanceTesting
0x00000001b7825000 	/System/Library/PrivateFrameworks/SignpostCollection.framework/Versions/A/SignpostCollection
0x00000002756fc000 	/usr/lib/libSpatial.dylib
0x00000001aa297000 	/System/Library/Frameworks/WebKit.framework/Versions/A/Frameworks/WebKitLegacy.framework/Versions/A/WebKitLegacy
0x00000001a81dd000 	/System/Library/PrivateFrameworks/CorePrediction.framework/Versions/A/CorePrediction
0x00000001986f2000 	/System/Library/Frameworks/WebKit.framework/Versions/A/Frameworks/WebCore.framework/Versions/A/Frameworks/libwebrtc.dylib
0x00000001b437c000 	/System/Library/PrivateFrameworks/SafariSafeBrowsing.framework/Versions/A/SafariSafeBrowsing
0x00000001a01b1000 	/System/Library/Frameworks/SecurityInterface.framework/Versions/A/SecurityInterface
0x00000001b7834000 	/System/Library/PrivateFrameworks/WebInspectorUI.framework/Versions/A/WebInspectorUI
0x00000001acb9f000 	/System/Library/Frameworks/JavaScriptCore.framework/Versions/A/JavaScriptCore
0x00000001b0960000 	/System/Library/Frameworks/WebKit.framework/Versions/A/Frameworks/WebCore.framework/Versions/A/WebCore
0x00000001ef5cd000 	/System/Library/Frameworks/BrowserEngineCore.framework/Versions/A/BrowserEngineCore
0x00000002336e0000 	/System/Library/Frameworks/WebKit.framework/Versions/A/Frameworks/WebCore.framework/Versions/A/Frameworks/libANGLE-shared.dylib
0x000000026e65c000 	/System/Library/PrivateFrameworks/WebGPU.framework/Versions/A/WebGPU
0x00000001b9607000 	/System/Library/Frameworks/SceneKit.framework/Versions/A/SceneKit
0x00000001c9c3f000 	/System/Library/Frameworks/ModelIO.framework/Versions/A/ModelIO
0x00000001a1aec000 	/System/Library/Frameworks/MetalKit.framework/Versions/A/MetalKit
0x00000001a3bcb000 	/System/Library/Frameworks/GLKit.framework/Versions/A/GLKit
0x0000000276c12000 	/usr/lib/usd/libusd_ms.dylib
0x000000026aca4000 	/System/Library/PrivateFrameworks/USDLib_FormatLoaderProxy.framework/Versions/A/USDLib_FormatLoaderProxy
0x00000001b6a3b000 	/System/Library/PrivateFrameworks/CoreOptimization.framework/Versions/A/CoreOptimization
0x0000000238d1b000 	/System/Library/PrivateFrameworks/AuthenticationServicesCore.framework/Versions/A/AuthenticationServicesCore
0x00000001c079e000 	/System/Library/Frameworks/AuthenticationServices.framework/Versions/A/AuthenticationServices
0x000000019db74000 	/System/Library/PrivateFrameworks/SharedWebCredentials.framework/Versions/A/SharedWebCredentials
0x00000001b8671000 	/System/Library/PrivateFrameworks/SafariCore.framework/Versions/A/SafariCore
0x00000001c02f0000 	/System/Library/PrivateFrameworks/SafariFoundation.framework/Versions/A/SafariFoundation
0x0000000239da5000 	/System/Library/PrivateFrameworks/CBORLibrary.framework/Versions/A/CBORLibrary
0x000000023ab4d000 	/System/Library/PrivateFrameworks/Chirp.framework/Versions/A/Chirp
0x00000001eb8a1000 	/System/Library/PrivateFrameworks/RemoteManagement.framework/Versions/A/RemoteManagement
0x000000025c1f7000 	/System/Library/PrivateFrameworks/RemoteManagementModel.framework/Versions/A/RemoteManagementModel
0x000000025c284000 	/System/Library/PrivateFrameworks/RemoteManagementStore.framework/Versions/A/RemoteManagementStore
0x00000001a1b0a000 	/usr/lib/libxcselect.dylib
0x00000001c025f000 	/System/Library/PrivateFrameworks/DifferentialPrivacy.framework/Versions/A/DifferentialPrivacy
0x00000001a489a000 	/System/Library/Frameworks/Contacts.framework/Versions/A/Contacts
0x000000026b4c8000 	/System/Library/PrivateFrameworks/VDAF.framework/Versions/A/VDAF
0x00000001a46b7000 	/System/Library/PrivateFrameworks/ContactsPersistence.framework/Versions/A/ContactsPersistence
0x00000001a38ce000 	/System/Library/PrivateFrameworks/AppleLDAP.framework/Versions/A/AppleLDAP
0x00000001a7e84000 	/System/Library/Frameworks/ClassKit.framework/Versions/A/ClassKit
0x00000001a9fc3000 	/System/Library/PrivateFrameworks/CoreSuggestions.framework/Versions/A/CoreSuggestions
0x00000001a45ea000 	/System/Library/PrivateFrameworks/ContactsFoundation.framework/Versions/A/ContactsFoundation
0x00000001a5b8b000 	/System/Library/PrivateFrameworks/vCard.framework/Versions/A/vCard
0x000000023c370000 	/System/Library/PrivateFrameworks/ContactsMetrics.framework/Versions/A/ContactsMetrics
0x000000019df90000 	/System/Library/PrivateFrameworks/login.framework/Versions/A/login
0x0000000251fa4000 	/System/Library/PrivateFrameworks/ManagedOrganizationContacts.framework/Versions/A/ManagedOrganizationContacts
0x0000000197e5e000 	/System/Library/PrivateFrameworks/CloudDocs.framework/Versions/A/CloudDocs
0x00000001a95b2000 	/System/Library/PrivateFrameworks/ConfigurationProfiles.framework/Versions/A/ConfigurationProfiles
0x000000023fcf7000 	/System/Library/PrivateFrameworks/DMCUtilities.framework/Versions/A/DMCUtilities
0x0000000250237000 	/System/Library/PrivateFrameworks/MDMClientLibrary.framework/Versions/A/MDMClientLibrary
0x000000025c278000 	/System/Library/PrivateFrameworks/RemoteManagementProtocol.framework/Versions/A/RemoteManagementProtocol
0x0000000275508000 	/usr/lib/libEndpointSecuritySystem.dylib
0x00000001a3ff4000 	/System/Library/PrivateFrameworks/SystemAdministration.framework/Versions/A/SystemAdministration
0x00000001ae4a5000 	/System/Library/PrivateFrameworks/PowerlogControl.framework/Versions/A/PowerlogControl
0x000000019b653000 	/System/Library/Frameworks/ServiceManagement.framework/Versions/A/ServiceManagement
0x00000001ae4a7000 	/usr/lib/libUniversalAccess.dylib
0x00000001ab172000 	/System/Library/PrivateFrameworks/FamilyControls.framework/Versions/A/FamilyControls
0x00000001a387f000 	/System/Library/Frameworks/DirectoryService.framework/Versions/A/DirectoryService
0x00000001a7b72000 	/System/Library/PrivateFrameworks/LoginUIKit.framework/Versions/A/Frameworks/LoginUICore.framework/Versions/A/LoginUICore
0x000000019e180000 	/usr/lib/libodfde.dylib
0x00000001ab16c000 	/System/Library/PrivateFrameworks/UniversalAccess.framework/Versions/A/Libraries/libUAPreferences.dylib
0x00000001ab196000 	/System/Library/PrivateFrameworks/CommerceKit.framework/Versions/A/Frameworks/CommerceCore.framework/Versions/A/CommerceCore
0x000000023fca5000 	/System/Library/PrivateFrameworks/DEPClientLibrary.framework/Versions/A/DEPClientLibrary
0x000000023fcc5000 	/System/Library/PrivateFrameworks/DMCEnrollmentLibrary.framework/Versions/A/DMCEnrollmentLibrary
0x00000001ae58b000 	/System/Library/PrivateFrameworks/SetupAssistantFramework.framework/Versions/A/SetupAssistantFramework
0x00000001a8237000 	/System/Library/PrivateFrameworks/AuthKitUI.framework/Versions/A/AuthKitUI
0x00000001a7bbc000 	/System/Library/PrivateFrameworks/AppSSO.framework/Versions/A/AppSSO
0x00000001bd25c000 	/System/Library/PrivateFrameworks/LocalAuthenticationUI.framework/Versions/A/LocalAuthenticationUI
0x000000025a436000 	/System/Library/PrivateFrameworks/PlatformSSO.framework/Versions/A/PlatformSSO
0x00000001bdc49000 	/System/Library/PrivateFrameworks/AOSUI.framework/Versions/A/AOSUI
0x00000001b001c000 	/System/Library/Frameworks/ContactsUI.framework/Versions/A/ContactsUI
0x00000001a4ad1000 	/System/Library/PrivateFrameworks/FamilyCircle.framework/Versions/A/FamilyCircle
0x00000001cb2ee000 	/System/Library/Frameworks/LinkPresentation.framework/Versions/A/LinkPresentation
0x000000025a502000 	/System/Library/PrivateFrameworks/PlatformSSOCore.framework/Versions/A/PlatformSSOCore
0x00000001afd2e000 	/System/Library/PrivateFrameworks/IASUtilities.framework/Versions/A/IASUtilities
0x000000024b13a000 	/System/Library/PrivateFrameworks/IASUtilitiesCore.framework/Versions/A/IASUtilitiesCore
0x000000025011f000 	/System/Library/PrivateFrameworks/LocalAuthenticationCoreUI.framework/Versions/A/LocalAuthenticationCoreUI
0x00000001b6cd0000 	/System/Library/Frameworks/LocalAuthentication.framework/Support/DaemonUtils.framework/Versions/A/DaemonUtils
0x00000001b9f3c000 	/System/Library/PrivateFrameworks/BridgeXPC.framework/Versions/A/BridgeXPC
0x000000019dfb4000 	/System/Library/PrivateFrameworks/CoreBrightness.framework/Versions/A/CoreBrightness
0x00000001b790e000 	/System/Library/PrivateFrameworks/CoreKDL.framework/Versions/A/CoreKDL
0x00000001b6138000 	/System/Library/PrivateFrameworks/EmbeddedOSSupportHost.framework/Versions/A/EmbeddedOSSupportHost
0x00000002666b8000 	/System/Library/PrivateFrameworks/SystemStatus.framework/Versions/A/SystemStatus
0x00000001c53c5000 	/System/Library/PrivateFrameworks/StorageKit.framework/Versions/A/StorageKit
0x00000001ecf1b000 	/System/Library/Frameworks/DeviceCheck.framework/Versions/A/DeviceCheck
0x00000001f0246000 	/System/Library/Frameworks/FSKit.framework/Versions/A/FSKit
0x0000000240495000 	/System/Library/PrivateFrameworks/DiskImages2.framework/Versions/A/DiskImages2
0x000000024ffac000 	/System/Library/PrivateFrameworks/LiveFS.framework/Versions/A/LiveFS
0x0000000272da7000 	/System/Library/PrivateFrameworks/icloudMCCKit.framework/Versions/A/icloudMCCKit
0x00000002376b0000 	/System/Library/PrivateFrameworks/AppleAccountUI.framework/Versions/A/AppleAccountUI
0x000000023b673000 	/System/Library/PrivateFrameworks/CloudSubscriptionFeatures.framework/Versions/A/CloudSubscriptionFeatures
0x00000001d6dd7000 	/System/Library/PrivateFrameworks/PreferencePanesSupport.framework/Versions/A/PreferencePanesSupport
0x00000001bddf9000 	/System/Library/PrivateFrameworks/FindMyDeviceUI.framework/Versions/A/FindMyDeviceUI
0x00000002709df000 	/System/Library/PrivateFrameworks/iCloudQuotaUI.framework/Versions/A/iCloudQuotaUI
0x00000001d6f8a000 	/System/Library/PrivateFrameworks/CoreCDPUI.framework/Versions/A/CoreCDPUI
0x00000001b83d8000 	/System/Library/PrivateFrameworks/CoreFollowUpUI.framework/Versions/A/CoreFollowUpUI
0x00000001a01ea000 	/System/Library/PrivateFrameworks/CoreFollowUp.framework/Versions/A/CoreFollowUp
0x00000001c4140000 	/System/Library/PrivateFrameworks/IMCore.framework/Versions/A/IMCore
0x00000001ae50d000 	/System/Library/PrivateFrameworks/CoreCDP.framework/Versions/A/CoreCDP
0x00000001aa893000 	/System/Library/PrivateFrameworks/AskPermission.framework/Versions/A/AskPermission
0x00000001bbc94000 	/System/Library/Frameworks/Quartz.framework/Versions/A/Quartz
0x00000001c7c6a000 	/System/Library/PrivateFrameworks/CloudPhotoServicesConfiguration.framework/Versions/A/CloudPhotoServicesConfiguration
0x00000001ba6aa000 	/System/Library/PrivateFrameworks/CommerceKit.framework/Versions/A/CommerceKit
0x00000001c95aa000 	/System/Library/PrivateFrameworks/FindMyMac.framework/Versions/A/FindMyMac
0x00000001c9481000 	/System/Library/Frameworks/PreferencePanes.framework/Versions/A/PreferencePanes
0x00000001bd354000 	/System/Library/Frameworks/AddressBook.framework/Versions/A/AddressBook
0x00000001a987b000 	/System/Library/PrivateFrameworks/AOSAccounts.framework/Versions/A/AOSAccounts
0x00000001a3fee000 	/System/Library/PrivateFrameworks/AppleSRP.framework/Versions/A/AppleSRP
0x00000001b6bea000 	/System/Library/Frameworks/SafariServices.framework/Versions/A/SafariServices
0x00000001a8399000 	/System/Library/PrivateFrameworks/NetFSServer.framework/Versions/A/NetFSServer
0x00000001b94e0000 	/System/Library/Frameworks/PDFKit.framework/Versions/A/PDFKit
0x00000001ca4a2000 	/System/Library/PrivateFrameworks/EmailFoundation.framework/Versions/A/EmailFoundation
0x00000001c94de000 	/System/Library/PrivateFrameworks/EmailCore.framework/Versions/A/EmailCore
0x00000001cd2ce000 	/System/Library/PrivateFrameworks/EmailAddressing.framework/Versions/A/EmailAddressing
0x00000001cd2da000 	/System/Library/PrivateFrameworks/Email.framework/Versions/A/Email
0x00000001f5737000 	/System/Library/Frameworks/TabularData.framework/Versions/A/TabularData
0x00000002766b9000 	/usr/lib/swift/libswiftPassKit.dylib
0x0000000238f8a000 	/System/Library/PrivateFrameworks/BackgroundSystemTasks.framework/Versions/A/BackgroundSystemTasks
0x00000002501ae000 	/System/Library/PrivateFrameworks/LockdownMode.framework/Versions/A/LockdownMode
0x00000001a4acb000 	/System/Library/PrivateFrameworks/CommunicationsFilter.framework/Versions/A/CommunicationsFilter
0x00000001daa9b000 	/System/Library/Frameworks/PassKit.framework/Versions/A/PassKit
0x00000001abc96000 	/System/Library/PrivateFrameworks/PassKitCore.framework/Versions/A/PassKitCore
0x00000002579ed000 	/System/Library/PrivateFrameworks/PassKitMacHelperTemp.framework/Versions/A/PassKitMacHelperTemp
0x00000002369ef000 	/System/Library/PrivateFrameworks/AppIntentsServices.framework/Versions/A/AppIntentsServices
0x00000001a9491000 	/System/Library/PrivateFrameworks/CoreRecents.framework/Versions/A/CoreRecents
0x00000001b6d1d000 	/System/Library/PrivateFrameworks/BiometricKit.framework/Versions/A/BiometricKit
0x000000025cc35000 	/System/Library/PrivateFrameworks/SEService.framework/Versions/A/SEService
0x00000001aa08f000 	/System/Library/Frameworks/EventKit.framework/Versions/A/EventKit
0x00000001bbd39000 	/System/Library/PrivateFrameworks/NearField.framework/Versions/A/NearField
0x00000001bda71000 	/System/Library/PrivateFrameworks/FTClientServices.framework/Versions/A/FTClientServices
0x00000001d67f8000 	/System/Library/PrivateFrameworks/DiagnosticRequest.framework/Versions/A/DiagnosticRequest
0x00000002756b6000 	/usr/lib/libSESShared.dylib
0x000000025cdd6000 	/System/Library/PrivateFrameworks/STSXPCHelperClient.framework/Versions/A/STSXPCHelperClient
0x000000026648b000 	/System/Library/PrivateFrameworks/Symptoms.framework/Versions/A/Frameworks/SymptomPresentationFeed.framework/Versions/A/SymptomPresentationFeed
0x0000000237f63000 	/System/Library/PrivateFrameworks/AppleMediaServicesKitInternal.framework/Versions/A/AppleMediaServicesKitInternal
0x0000000266206000 	/System/Library/PrivateFrameworks/SymptomShared.framework/Versions/A/SymptomShared
0x000000023a6dd000 	/System/Library/PrivateFrameworks/CalendarDatabase.framework/Versions/A/CalendarDatabase
0x000000023a631000 	/System/Library/PrivateFrameworks/CalendarDaemon.framework/Versions/A/CalendarDaemon
0x00000001a94e6000 	/System/Library/PrivateFrameworks/CalendarFoundation.framework/Versions/A/CalendarFoundation
0x00000001a94a2000 	/System/Library/PrivateFrameworks/iCalendar.framework/Versions/A/iCalendar
0x000000023ff2c000 	/System/Library/PrivateFrameworks/DataAccessExpress.framework/Versions/A/DataAccessExpress
0x00000001afbc0000 	/System/Library/PrivateFrameworks/CoreDAV.framework/Versions/A/CoreDAV
0x00000001a9f64000 	/System/Library/PrivateFrameworks/CalDAV.framework/Versions/A/CalDAV
0x00000001b40d9000 	/System/Library/PrivateFrameworks/TelephonyUtilities.framework/Versions/A/TelephonyUtilities
0x00000001b84a3000 	/System/Library/Frameworks/CallKit.framework/Versions/A/CallKit
0x00000001e00e9000 	/System/Library/PrivateFrameworks/IMTransferServices.framework/Versions/A/IMTransferServices
0x00000001b6a55000 	/System/Library/PrivateFrameworks/IncomingCallFilter.framework/Versions/A/IncomingCallFilter
0x00000002552f8000 	/System/Library/PrivateFrameworks/NeighborhoodActivityConduit.framework/Versions/A/NeighborhoodActivityConduit
0x00000002754de000 	/usr/lib/libBASupport.dylib
0x00000001c3eea000 	/System/Library/PrivateFrameworks/SpotlightReceiver.framework/Versions/A/SpotlightReceiver
0x00000001bd712000 	/usr/lib/libnfshared.dylib
0x00000001dd2c9000 	/System/Library/PrivateFrameworks/PassKitUIFoundation.framework/Versions/A/PassKitUIFoundation
0x00000001a38e0000 	/System/Library/Frameworks/MapKit.framework/Versions/A/MapKit
0x00000001f020a000 	/System/Library/Frameworks/ExtensionKit.framework/Versions/A/ExtensionKit
0x000000024855c000 	/System/Library/PrivateFrameworks/GeoAnalytics.framework/Versions/A/GeoAnalytics
0x00000001b7a63000 	/System/Library/PrivateFrameworks/SearchFoundation.framework/Versions/A/SearchFoundation
0x00000001bd748000 	/System/Library/PrivateFrameworks/Navigation.framework/Versions/A/Navigation
0x00000001c678a000 	/System/Library/PrivateFrameworks/VectorKit.framework/Versions/A/VectorKit
0x00000001afdf6000 	/System/Library/PrivateFrameworks/VirtualGarage.framework/Versions/A/VirtualGarage
0x00000001bd8c1000 	/System/Library/Frameworks/ExternalAccessory.framework/ExternalAccessory
0x00000001bd8db000 	/System/Library/PrivateFrameworks/IAP.framework/Versions/A/IAP
0x00000001a3b93000 	/System/Library/PrivateFrameworks/IOPlatformPluginFamily.framework/Versions/A/IOPlatformPluginFamily
0x0000000238e4b000 	/System/Library/PrivateFrameworks/AvatarKit.framework/Versions/A/AvatarKit
0x0000000238f03000 	/System/Library/PrivateFrameworks/AvatarPersistence.framework/Versions/A/AvatarPersistence
0x000000025c2ed000 	/System/Library/PrivateFrameworks/RemoteUI.framework/Versions/A/RemoteUI
0x00000001a3c97000 	/usr/lib/libCTGreenTeaLogger.dylib
0x00000001f5961000 	/System/Library/Frameworks/TipKit.framework/Versions/A/TipKit
0x00000001d8a52000 	/System/Library/PrivateFrameworks/AppleCVA.framework/Versions/A/AppleCVA
0x0000000238f02000 	/System/Library/PrivateFrameworks/AvatarKitContent.framework/Versions/A/AvatarKitContent
0x00000001a3cbf000 	/System/Library/PrivateFrameworks/CoreAppleCVA.framework/Versions/A/CoreAppleCVA
0x000000024efea000 	/System/Library/PrivateFrameworks/LiftUI.framework/Versions/A/LiftUI
0x000000023b5e2000 	/System/Library/PrivateFrameworks/CloudSettings.framework/Versions/A/CloudSettings
0x00000001b667f000 	/System/Library/PrivateFrameworks/CoreRoutine.framework/Versions/A/CoreRoutine
0x00000001c4f1a000 	/System/Library/PrivateFrameworks/Categories.framework/Versions/A/Categories
0x000000023bae2000 	/System/Library/PrivateFrameworks/Coherence.framework/Versions/A/Coherence
0x00000001b3fd4000 	/System/Library/PrivateFrameworks/CoreParsec.framework/Versions/A/CoreParsec
0x000000025807c000 	/System/Library/PrivateFrameworks/PegasusAPI.framework/Versions/A/PegasusAPI
0x0000000258d4a000 	/System/Library/PrivateFrameworks/PegasusConfiguration.framework/Versions/A/PegasusConfiguration
0x0000000250185000 	/System/Library/PrivateFrameworks/LocalStatusKit.framework/Versions/A/LocalStatusKit
0x00000001b8657000 	/System/Library/PrivateFrameworks/ContextKit.framework/Versions/A/ContextKit
0x000000023c49e000 	/System/Library/PrivateFrameworks/ContextKitCore.framework/Versions/A/ContextKitCore
0x00000001bda75000 	/System/Library/PrivateFrameworks/CharacterPicker.framework/Versions/A/CharacterPicker
0x00000001b6b5c000 	/System/Library/PrivateFrameworks/ContactsDonation.framework/Versions/A/ContactsDonation
0x00000001aff18000 	/System/Library/PrivateFrameworks/ContactsUICore.framework/Versions/A/ContactsUICore
0x00000001b6462000 	/System/Library/PrivateFrameworks/DataDetectors.framework/Versions/A/DataDetectors
0x00000001a9f50000 	/System/Library/Frameworks/MediaLibrary.framework/Versions/A/MediaLibrary
0x00000001a4aba000 	/System/Library/PrivateFrameworks/PersonaKit.framework/Versions/A/PersonaKit
0x00000001aff06000 	/System/Library/PrivateFrameworks/PersonaUI.framework/Versions/A/PersonaUI
0x000000024b9fb000 	/System/Library/PrivateFrameworks/InputToolKitUI.framework/Versions/A/InputToolKitUI
0x000000024b9e6000 	/System/Library/PrivateFrameworks/InputToolKit.framework/Versions/A/InputToolKit
0x0000000265ade000 	/System/Library/PrivateFrameworks/Stickers.framework/Versions/A/Stickers
0x000000024b954000 	/System/Library/PrivateFrameworks/InputAnalytics.framework/Versions/A/InputAnalytics
0x00000001bf5ec000 	/System/Library/PrivateFrameworks/EmojiFoundation.framework/Versions/A/EmojiFoundation
0x00000002418ce000 	/System/Library/PrivateFrameworks/FeedbackService.framework/Versions/A/FeedbackService
0x00000001a4736000 	/System/Library/PrivateFrameworks/AddressBookCore.framework/Versions/A/AddressBookCore
0x00000001b8358000 	/System/Library/PrivateFrameworks/IntlPreferences.framework/Versions/A/IntlPreferences
0x00000001bd4d7000 	/System/Library/PrivateFrameworks/ToneKit.framework/Versions/A/ToneKit
0x00000001b839e000 	/System/Library/PrivateFrameworks/ToneLibrary.framework/Versions/A/ToneLibrary
0x000000023c336000 	/System/Library/PrivateFrameworks/ContactsAccounts.framework/Versions/A/ContactsAccounts
0x00000001c8e9f000 	/System/Library/PrivateFrameworks/Transparency.framework/Versions/A/Transparency
0x00000001bbbb1000 	/System/Library/PrivateFrameworks/Lookup.framework/Versions/A/Lookup
0x00000001f3b35000 	/System/Library/Frameworks/QuickLookUI.framework/Versions/A/QuickLookUI
0x00000001f4515000 	/System/Library/Frameworks/ScreenCaptureKit.framework/Versions/A/ScreenCaptureKit
0x00000001b8ff4000 	/System/Library/Frameworks/Quartz.framework/Versions/A/Frameworks/QuartzComposer.framework/Versions/A/QuartzComposer
0x00000001b832f000 	/System/Library/Frameworks/Quartz.framework/Versions/A/Frameworks/QuartzFilters.framework/Versions/A/QuartzFilters
0x00000001b7415000 	/System/Library/Frameworks/Quartz.framework/Versions/A/Frameworks/ImageKit.framework/Versions/A/ImageKit
0x00000001ee88a000 	/System/Library/Frameworks/OpenCL.framework/Versions/A/OpenCL
0x00000001b5b61000 	/System/Library/PrivateFrameworks/CorePDF.framework/Versions/A/CorePDF
0x00000001a1a83000 	/System/Library/Frameworks/QuickLook.framework/Versions/A/QuickLook
0x00000001abb9b000 	/System/Library/PrivateFrameworks/DisplayServices.framework/Versions/A/DisplayServices
0x00000001b829f000 	/System/Library/Frameworks/ImageCaptureCore.framework/Versions/A/ImageCaptureCore
0x000000026cf7d000 	/System/Library/PrivateFrameworks/VisionKitCore.framework/Versions/A/VisionKitCore
0x00000001b3fa4000 	/System/Library/PrivateFrameworks/QuickLookSupport.framework/Versions/A/QuickLookSupport
0x000000025280e000 	/System/Library/PrivateFrameworks/MediaAnalysisServices.framework/Versions/A/MediaAnalysisServices
0x00000001baba0000 	/System/Library/PrivateFrameworks/PhotoLibraryServices.framework/Versions/A/PhotoLibraryServices
0x00000001b7ee8000 	/System/Library/Frameworks/Photos.framework/Versions/A/Photos
0x00000001cb6cf000 	/System/Library/PrivateFrameworks/PhotosFormats.framework/Versions/A/PhotosFormats
0x00000001c7c9c000 	/System/Library/PrivateFrameworks/CloudPhotoLibrary.framework/Versions/A/CloudPhotoLibrary
0x00000001d0cc0000 	/System/Library/PrivateFrameworks/CloudPhotoServices.framework/Versions/A/CloudPhotoServices
0x00000001cd457000 	/System/Library/PrivateFrameworks/CoreMediaStream.framework/Versions/A/CoreMediaStream
0x00000001a50e6000 	/System/Library/PrivateFrameworks/CPAnalytics.framework/Versions/A/CPAnalytics
0x00000001c9b44000 	/System/Library/PrivateFrameworks/MediaConversionService.framework/Versions/A/MediaConversionService
0x00000001ab808000 	/System/Library/PrivateFrameworks/PhotoFoundation.framework/Versions/A/PhotoFoundation
0x00000002592e2000 	/System/Library/PrivateFrameworks/PhotoLibraryServicesCore.framework/Versions/A/PhotoLibraryServicesCore
0x00000001c389b000 	/System/Library/PrivateFrameworks/MMCS.framework/Versions/A/MMCS
0x00000001a9db9000 	/System/Library/PrivateFrameworks/ChunkingLibrary.framework/Versions/A/ChunkingLibrary
0x00000001a3f99000 	/System/Library/PrivateFrameworks/AssetCacheServices.framework/Versions/A/AssetCacheServices
0x00000001a5cc1000 	/System/Library/PrivateFrameworks/AVFoundationCF.framework/Versions/A/AVFoundationCF
0x00000001dffe6000 	/usr/lib/swift/libswiftDemangle.dylib
0x00000001b66df000 	/System/Library/PrivateFrameworks/MediaStream.framework/Versions/A/MediaStream
0x00000001ca05e000 	/System/Library/PrivateFrameworks/NeutrinoCore.framework/Versions/A/NeutrinoCore
0x0000000195201000 	/System/Library/PrivateFrameworks/NLP.framework/Versions/A/NLP
0x00000001cfa6c000 	/System/Library/PrivateFrameworks/PhotoImaging.framework/Versions/A/PhotoImaging
0x00000001d0c81000 	/System/Library/PrivateFrameworks/PhotosImagingFoundation.framework/Versions/A/PhotosImagingFoundation
0x0000000259dbd000 	/System/Library/PrivateFrameworks/PhotosIntelligenceCore.framework/Versions/A/PhotosIntelligenceCore
0x00000001a6158000 	/System/Library/PrivateFrameworks/EmbeddedAcousticRecognition.framework/Versions/A/EmbeddedAcousticRecognition
0x00000001c7f03000 	/System/Library/PrivateFrameworks/SDAPI.framework/Versions/A/SDAPI
0x00000001d0cce000 	/System/Library/PrivateFrameworks/AutoLoop.framework/Versions/A/AutoLoop
0x000000025a826000 	/System/Library/PrivateFrameworks/Portrait.framework/Versions/A/Portrait
0x0000000237759000 	/System/Library/PrivateFrameworks/AppleDepth.framework/Versions/A/AppleDepth
0x0000000242464000 	/System/Library/PrivateFrameworks/FusionTracker.framework/Versions/A/FusionTracker
0x0000000237847000 	/System/Library/PrivateFrameworks/AppleDepthCore.framework/Versions/A/AppleDepthCore
0x00000001b8ab4000 	/System/Library/PrivateFrameworks/iTunesCloud.framework/Versions/A/iTunesCloud
0x00000001c1360000 	/System/Library/PrivateFrameworks/DAAPKit.framework/Versions/A/DAAPKit
0x000000027673d000 	/usr/lib/swift/libswiftVideoToolbox.dylib
0x00000001b42b5000 	/System/Library/PrivateFrameworks/DeviceManagement.framework/Versions/A/DeviceManagement
0x00000001d6757000 	/System/Library/PrivateFrameworks/ScreenTimeUI.framework/Versions/A/ScreenTimeUI
0x00000001b645c000 	/System/Library/PrivateFrameworks/QuickLookNonBaseSystem.framework/Versions/A/QuickLookNonBaseSystem
0x00000001b6c2b000 	/System/Library/PrivateFrameworks/Catalyst.framework/Versions/A/Catalyst
0x0000000251faa000 	/System/Library/PrivateFrameworks/ManagedSettingsObjC.framework/Versions/A/ManagedSettingsObjC
0x00000001b8545000 	/System/Library/PrivateFrameworks/ScreenTimeCore.framework/Versions/A/ScreenTimeCore
0x00000001cac32000 	/System/Library/PrivateFrameworks/ScreenTimeServiceUI.framework/Versions/A/ScreenTimeServiceUI
0x00000001c3a26000 	/System/Library/PrivateFrameworks/ConfigurationEngineModel.framework/Versions/A/ConfigurationEngineModel
0x00000001c6746000 	/System/Library/PrivateFrameworks/UsageTracking.framework/Versions/A/UsageTracking
0x00000001f000b000 	/System/Library/Frameworks/DeviceActivity.framework/Versions/A/DeviceActivity
0x00000001c6716000 	/System/Library/PrivateFrameworks/KnowledgeMonitor.framework/Versions/A/KnowledgeMonitor
0x00000001dd26e000 	/System/Library/PrivateFrameworks/BluetoothManager.framework/Versions/A/BluetoothManager
0x00000001f1166000 	/System/Library/Frameworks/ManagedSettings.framework/Versions/A/ManagedSettings
0x0000000251fe3000 	/System/Library/PrivateFrameworks/ManagedSettingsSupport.framework/Versions/A/ManagedSettingsSupport
0x00000001dab6b000 	/System/Library/Frameworks/ReplayKit.framework/Versions/A/ReplayKit
0x00000001acb34000 	/System/Library/PrivateFrameworks/MarkupUI.framework/Versions/A/MarkupUI
0x00000001b6434000 	/System/Library/PrivateFrameworks/SidecarCore.framework/Versions/A/SidecarCore
0x00000001b8eb5000 	/System/Library/PrivateFrameworks/AnnotationKit.framework/Versions/A/AnnotationKit
0x00000001f5ac1000 	/System/Library/Frameworks/Translation.framework/Versions/A/Translation
0x00000001d2696000 	/System/Library/PrivateFrameworks/RevealCore.framework/Versions/A/RevealCore
0x00000001d268a000 	/System/Library/PrivateFrameworks/Reveal.framework/Versions/A/Reveal
0x0000000269d85000 	/System/Library/PrivateFrameworks/TranslationUIServices.framework/Versions/A/TranslationUIServices
0x00000001b765b000 	/System/Library/Frameworks/PencilKit.framework/Versions/A/PencilKit
0x00000001b7810000 	/System/Library/PrivateFrameworks/SidecarUI.framework/Versions/A/SidecarUI
0x00000001b7008000 	/System/Library/PrivateFrameworks/CoreHandwriting.framework/Versions/A/CoreHandwriting
0x000000018f3c7000 	/usr/lib/libmecabra.dylib
0x00000001b038f000 	/System/Library/PrivateFrameworks/Calculate.framework/Versions/A/Calculate
0x000000019d928000 	/usr/lib/libChineseTokenizer.dylib
0x00000001eb7ca000 	/System/Library/PrivateFrameworks/ScreenReaderCore.framework/Versions/A/ScreenReaderCore
0x0000000265eb5000 	/System/Library/PrivateFrameworks/StocksKit.framework/Versions/A/StocksKit
0x00000001af508000 	/System/Library/PrivateFrameworks/OAuth.framework/Versions/A/OAuth
0x0000000265b62000 	/System/Library/PrivateFrameworks/StocksCore.framework/Versions/A/StocksCore
0x0000000266bc6000 	/System/Library/PrivateFrameworks/TeaFoundation.framework/Versions/A/TeaFoundation
0x0000000266daf000 	/System/Library/PrivateFrameworks/TeaSettings.framework/Versions/A/TeaSettings
0x00000001e13b0000 	/System/Library/PrivateFrameworks/NewsCore.framework/Versions/A/NewsCore
0x0000000266b63000 	/System/Library/PrivateFrameworks/TeaDB.framework/Versions/A/TeaDB
0x00000001de057000 	/System/Library/PrivateFrameworks/RemoteConfiguration.framework/Versions/A/RemoteConfiguration
0x00000001e0fea000 	/System/Library/PrivateFrameworks/NewsTransport.framework/Versions/A/NewsTransport
0x00000001e13a0000 	/System/Library/PrivateFrameworks/NewsFoundation.framework/Versions/A/NewsFoundation
0x0000000255840000 	/System/Library/PrivateFrameworks/NewsURLBucket.framework/Versions/A/NewsURLBucket
0x00000001ba8d4000 	/System/Library/PrivateFrameworks/MobileInstallation.framework/Versions/A/MobileInstallation
0x0000000268dcc000 	/System/Library/PrivateFrameworks/TipKitCore.framework/Versions/A/TipKitCore
0x00000001bf66f000 	/System/Library/PrivateFrameworks/CoreCDPInternal.framework/Versions/A/CoreCDPInternal
0x00000001af45a000 	/System/Library/PrivateFrameworks/AccountsDaemon.framework/Versions/A/AccountsDaemon
0x000000025bf2f000 	/System/Library/PrivateFrameworks/RegulatoryDomain.framework/Versions/A/RegulatoryDomain
0x00000001d6f87000 	/System/Library/PrivateFrameworks/MachineSettings.framework/Versions/A/MachineSettings
0x00000001c9404000 	/System/Library/PrivateFrameworks/BezelServices.framework/Versions/A/BezelServices
0x00000001c13e9000 	/System/Library/PrivateFrameworks/SPOwner.framework/Versions/A/SPOwner
0x00000001ba70f000 	/System/Library/PrivateFrameworks/FMCore.framework/Versions/A/FMCore
0x000000027093c000 	/System/Library/PrivateFrameworks/iCloudQuota.framework/Versions/A/iCloudQuota
0x00000001afe8b000 	/System/Library/PrivateFrameworks/CoreRecognition.framework/Versions/A/CoreRecognition
0x00000001c94b9000 	/System/Library/PrivateFrameworks/InAppMessages.framework/Versions/A/InAppMessages
0x00000001ea514000 	/System/Library/PrivateFrameworks/JetUI.framework/Versions/A/JetUI
0x000000024ed46000 	/System/Library/PrivateFrameworks/JetPack.framework/Versions/A/JetPack
0x00000001c94b0000 	/System/Library/PrivateFrameworks/InAppMessagesCore.framework/Versions/A/InAppMessagesCore
0x0000000270034000 	/System/Library/PrivateFrameworks/_JetEngine_SwiftUI.framework/Versions/A/_JetEngine_SwiftUI
0x00000002664b3000 	/System/Library/PrivateFrameworks/Synapse.framework/Versions/A/Synapse
0x000000023a4cd000 	/System/Library/PrivateFrameworks/CSExattrCrypto.framework/Versions/A/CSExattrCrypto
0x00000001ab819000 	/System/Library/PrivateFrameworks/IMSharedUtilities.framework/Versions/A/IMSharedUtilities
0x00000001c47d4000 	/System/Library/Frameworks/InstantMessage.framework/Versions/A/InstantMessage
0x00000001bd255000 	/System/Library/PrivateFrameworks/IDSKVStore.framework/Versions/A/IDSKVStore
0x00000001bd095000 	/System/Library/PrivateFrameworks/IMDPersistence.framework/Versions/A/IMDPersistence
0x0000000276659000 	/usr/lib/swift/libswiftAppleArchive.dylib
0x000000026b4ba000 	/System/Library/PrivateFrameworks/UserSafety.framework/Versions/A/UserSafety
0x00000001dc4c0000 	/System/Library/PrivateFrameworks/BlastDoor.framework/Versions/A/BlastDoor
0x00000001f4599000 	/System/Library/Frameworks/SensitiveContentAnalysis.framework/Versions/A/SensitiveContentAnalysis
0x000000024fe2c000 	/System/Library/PrivateFrameworks/LinkPresentationStyleSheetParsing.framework/Versions/A/LinkPresentationStyleSheetParsing
0x00000001b6ab4000 	/System/Library/PrivateFrameworks/CoreSDB.framework/Versions/A/CoreSDB
0x00000002388a1000 	/System/Library/PrivateFrameworks/AskToCore.framework/Versions/A/AskToCore
0x00000001bb89e000 	/System/Library/PrivateFrameworks/StoreFoundation.framework/Versions/A/StoreFoundation
0x00000001ba709000 	/System/Library/PrivateFrameworks/ServerInformation.framework/Versions/A/ServerInformation
0x00000001ba17a000 	/System/Library/PrivateFrameworks/Install.framework/Frameworks/DistributionKit.framework/Versions/A/DistributionKit
0x00000001b3d71000 	/System/Library/PrivateFrameworks/PackageKit.framework/Versions/A/PackageKit
0x00000001ba19d000 	/System/Library/PrivateFrameworks/OSPersonalization.framework/Versions/A/OSPersonalization
0x00000001bbe0a000 	/System/Library/PrivateFrameworks/BridgeOSSoftwareUpdate.framework/Versions/A/BridgeOSSoftwareUpdate
0x00000001b6f30000 	/System/Library/PrivateFrameworks/StorageManagement.framework/Versions/A/StorageManagement
0x00000001ca7bb000 	/usr/lib/libauthinstall.dylib
0x00000001bbe13000 	/System/Library/PrivateFrameworks/InstallerDiagnostics.framework/Versions/A/InstallerDiagnostics
0x00000001cadee000 	/usr/lib/libcrypto.42.dylib
0x00000001bbdf8000 	/System/Library/PrivateFrameworks/GPUInfo.framework/Versions/A/GPUInfo
0x00000001c95b0000 	/System/Library/PrivateFrameworks/MobileActivationMacOS.framework/Versions/A/MobileActivationMacOS
0x0000000195926000 	/System/Library/Frameworks/Accounts.framework/Versions/A/Accounts
0x00000001bbe57000 	/System/Library/PrivateFrameworks/AOSKit.framework/Versions/A/AOSKit
0x000000019da58000 	/System/Library/PrivateFrameworks/AppSSOCore.framework/Versions/A/AppSSOCore
0x00000001a7b78000 	/System/Library/PrivateFrameworks/AppSupport.framework/Versions/A/AppSupport
0x00000001b5f3a000 	/System/Library/Frameworks/AVFoundation.framework/Versions/A/AVFoundation
0x00000001a83ee000 	/System/Library/PrivateFrameworks/DuetActivityScheduler.framework/Versions/A/DuetActivityScheduler
0x00000001b6a5b000 	/System/Library/PrivateFrameworks/FTServices.framework/Versions/A/FTServices
0x00000001c7bd5000 	/System/Library/PrivateFrameworks/NetworkServiceProxy.framework/Versions/A/NetworkServiceProxy
0x00000001a6065000 	/System/Library/PrivateFrameworks/Rapport.framework/Versions/A/Rapport
0x0000000266216000 	/System/Library/PrivateFrameworks/Symptoms.framework/Versions/A/Frameworks/SymptomAnalytics.framework/Versions/A/SymptomAnalytics
0x00000001a3c05000 	/usr/lib/libnetworkextension.dylib
0x00000001dd084000 	/System/Library/Frameworks/CryptoKit.framework/Versions/A/CryptoKit
0x00000001a838c000 	/System/Library/PrivateFrameworks/CryptoKitCBridging.framework/Versions/A/CryptoKitCBridging
0x00000001a5bdb000 	/System/Library/Frameworks/CryptoTokenKit.framework/Versions/A/CryptoTokenKit
0x00000001d12d8000 	/usr/lib/swift/libswiftCryptoTokenKit.dylib
0x00000001a5c3f000 	/System/Library/Frameworks/LocalAuthentication.framework/Versions/A/LocalAuthentication
0x0000000250001000 	/System/Library/PrivateFrameworks/LocalAuthenticationCore.framework/Versions/A/LocalAuthenticationCore
0x00000001a5c94000 	/System/Library/Frameworks/LocalAuthentication.framework/Support/SharedUtils.framework/Versions/A/SharedUtils
0x00000001a4c68000 	/System/Library/PrivateFrameworks/SymptomDiagnosticReporter.framework/Versions/A/SymptomDiagnosticReporter
0x000000023fbe3000 	/System/Library/PrivateFrameworks/CryptoKitPrivate.framework/Versions/A/CryptoKitPrivate
0x00000001a508d000 	/System/Library/PrivateFrameworks/GenerationalStorage.framework/Versions/A/GenerationalStorage
0x00000001a05ed000 	/System/Library/PrivateFrameworks/CacheDelete.framework/Versions/A/CacheDelete
0x00000001a84cb000 	/System/Library/Frameworks/QuickLookThumbnailing.framework/Versions/A/QuickLookThumbnailing
0x00000001a4ebf000 	/System/Library/Frameworks/FileProvider.framework/Versions/A/FileProvider
0x0000000193664000 	/System/Library/PrivateFrameworks/DesktopServicesPriv.framework/Versions/A/DesktopServicesPriv
0x00000001ab56b000 	/System/Library/PrivateFrameworks/AssistantServices.framework/Versions/A/AssistantServices
0x00000001a5e68000 	/System/Library/PrivateFrameworks/SAObjects.framework/Versions/A/SAObjects
0x00000001ab1a3000 	/System/Library/PrivateFrameworks/MediaRemote.framework/Versions/A/MediaRemote
0x0000000199295000 	/System/Library/Frameworks/CoreLocation.framework/Versions/A/CoreLocation
0x00000001bc2ae000 	/System/Library/PrivateFrameworks/SiriInstrumentation.framework/Versions/A/SiriInstrumentation
0x000000025e02a000 	/System/Library/PrivateFrameworks/SiriAnalytics.framework/Versions/A/SiriAnalytics
0x0000000263be0000 	/System/Library/PrivateFrameworks/SiriTTSService.framework/Versions/A/SiriTTSService
0x000000025e9e6000 	/System/Library/PrivateFrameworks/SiriCrossDeviceArbitration.framework/Versions/A/SiriCrossDeviceArbitration
0x00000001b9f47000 	/System/Library/PrivateFrameworks/FeedbackLogger.framework/Versions/A/FeedbackLogger
0x00000001a9401000 	/System/Library/PrivateFrameworks/ProactiveSupport.framework/Versions/A/ProactiveSupport
0x000000023904e000 	/System/Library/PrivateFrameworks/BiomeLibrary.framework/Versions/A/BiomeLibrary
0x00000001c490b000 	/System/Library/PrivateFrameworks/BiomeStreams.framework/Versions/A/BiomeStreams
0x000000025ea3a000 	/System/Library/PrivateFrameworks/SiriCrossDeviceArbitrationFeedback.framework/Versions/A/SiriCrossDeviceArbitrationFeedback
0x0000000248425000 	/System/Library/PrivateFrameworks/GenerativeModels.framework/Versions/A/GenerativeModels
0x00000001afcac000 	/System/Library/PrivateFrameworks/MediaServices.framework/Versions/A/MediaServices
0x00000001a10d7000 	/System/Library/PrivateFrameworks/IDS.framework/Versions/A/IDS
0x000000019de45000 	/System/Library/PrivateFrameworks/PersistentConnection.framework/Versions/A/PersistentConnection
0x000000019fd77000 	/System/Library/PrivateFrameworks/IMFoundation.framework/Versions/A/IMFoundation
0x00000001afe40000 	/System/Library/PrivateFrameworks/Marco.framework/Versions/A/Marco
0x00000001a12a4000 	/System/Library/PrivateFrameworks/IDSFoundation.framework/Versions/A/IDSFoundation
0x00000001959ab000 	/System/Library/PrivateFrameworks/CommonUtilities.framework/Versions/A/CommonUtilities
0x00000001acb60000 	/System/Library/PrivateFrameworks/Engram.framework/Versions/A/Engram
0x00000001acb00000 	/usr/lib/libtidy.A.dylib
0x000000019e182000 	/System/Library/PrivateFrameworks/Bom.framework/Versions/A/Bom
0x00000001a0149000 	/usr/lib/libParallelCompression.dylib
0x00000001c43f4000 	/System/Library/PrivateFrameworks/FTAWD.framework/Versions/A/FTAWD
0x00000001a1cd1000 	/System/Library/PrivateFrameworks/GeoServices.framework/Versions/A/GeoServices
0x000000019fdf1000 	/System/Library/PrivateFrameworks/LocationSupport.framework/Versions/A/LocationSupport
0x000000024864d000 	/System/Library/PrivateFrameworks/GeoServicesCore.framework/Versions/A/GeoServicesCore
0x00000001b0867000 	/System/Library/PrivateFrameworks/PhoneNumbers.framework/Versions/A/PhoneNumbers
0x00000002400eb000 	/System/Library/PrivateFrameworks/Dendrite.framework/Versions/A/Dendrite
0x00000002389c7000 	/System/Library/PrivateFrameworks/AtomicsInternal.framework/Versions/A/AtomicsInternal
0x00000001cac96000 	/System/Library/PrivateFrameworks/BiomeStorage.framework/Versions/A/BiomeStorage
0x000000024e625000 	/System/Library/PrivateFrameworks/IntelligencePlatformLibrary.framework/Versions/A/IntelligencePlatformLibrary
0x000000025a78d000 	/System/Library/PrivateFrameworks/PoirotSchematizer.framework/Versions/A/PoirotSchematizer
0x00000002396e8000 	/System/Library/PrivateFrameworks/BiomeSync.framework/Versions/A/BiomeSync
0x000000023902f000 	/System/Library/PrivateFrameworks/BiomeFlexibleStorage.framework/Versions/A/BiomeFlexibleStorage
0x00000001c1309000 	/System/Library/PrivateFrameworks/BiomeFoundation.framework/Versions/A/BiomeFoundation
0x0000000239013000 	/System/Library/PrivateFrameworks/BiomeDSL.framework/Versions/A/BiomeDSL
0x00000001cac39000 	/System/Library/PrivateFrameworks/BiomePubSub.framework/Versions/A/BiomePubSub
0x000000025a7fa000 	/System/Library/PrivateFrameworks/PoirotUDFs.framework/Versions/A/PoirotUDFs
0x000000025a75c000 	/System/Library/PrivateFrameworks/PoirotSQLite.framework/Versions/A/PoirotSQLite
0x00000001a7e80000 	/System/Library/PrivateFrameworks/InternationalTextSearch.framework/Versions/A/InternationalTextSearch
0x000000023aad4000 	/System/Library/PrivateFrameworks/CascadeSets.framework/Versions/A/CascadeSets
0x00000001bde4c000 	/usr/lib/libtailspin.dylib
0x00000001d0dd6000 	/System/Library/PrivateFrameworks/Osprey.framework/Versions/A/Osprey
0x000000026325f000 	/System/Library/PrivateFrameworks/SiriTTS.framework/Versions/A/SiriTTS
0x00000001b6b78000 	/System/Library/Frameworks/NaturalLanguage.framework/Versions/A/NaturalLanguage
0x0000000261f99000 	/System/Library/PrivateFrameworks/SiriPowerInstrumentation.framework/Versions/A/SiriPowerInstrumentation
0x00000001b799d000 	/System/Library/PrivateFrameworks/Trial.framework/Versions/A/Trial
0x00000001b791f000 	/System/Library/PrivateFrameworks/TrialProto.framework/Versions/A/TrialProto
0x000000026ad30000 	/System/Library/PrivateFrameworks/UnifiedAssetFramework.framework/Versions/A/UnifiedAssetFramework
0x00000001d2dac000 	/usr/lib/swift/libswiftAVFoundation.dylib
0x00000001bd052000 	/usr/lib/swift/libswiftCoreMIDI.dylib
0x00000001d12da000 	/usr/lib/swift/libswiftCoreMedia.dylib
0x00000001e1cd6000 	/usr/lib/swift/libswiftNaturalLanguage.dylib
0x0000000266b61000 	/System/Library/PrivateFrameworks/TailspinSymbolication.framework/Versions/A/TailspinSymbolication
0x000000023fdfa000 	/System/Library/PrivateFrameworks/Darwinup.framework/Versions/A/Darwinup
0x00000001c9bb1000 	/System/Library/PrivateFrameworks/SignpostSupport.framework/Versions/A/SignpostSupport
0x00000001b6a41000 	/System/Library/PrivateFrameworks/FeatureFlagsSupport.framework/Versions/A/FeatureFlagsSupport
0x00000001c9314000 	/System/Library/PrivateFrameworks/ktrace.framework/Versions/A/ktrace
0x00000001c9e31000 	/System/Library/PrivateFrameworks/SampleAnalysis.framework/Versions/A/SampleAnalysis
0x00000001d2672000 	/System/Library/PrivateFrameworks/kperfdata.framework/Versions/A/kperfdata
0x00000001a1bb2000 	/usr/lib/libdscsym.dylib
0x00000001d2b0a000 	/System/Library/PrivateFrameworks/BulkSymbolication.framework/Versions/A/BulkSymbolication
0x00000001a8517000 	/System/Library/PrivateFrameworks/Espresso.framework/Versions/A/Espresso
0x0000000197f3e000 	/System/Library/Frameworks/CoreML.framework/Versions/A/CoreML
0x00000001dffb0000 	/usr/lib/libedit.3.dylib
0x00000001ebb86000 	/System/Library/PrivateFrameworks/ANECompiler.framework/Versions/A/ANECompiler
0x00000001aa4fd000 	/System/Library/PrivateFrameworks/AppleNeuralEngine.framework/Versions/A/AppleNeuralEngine
0x00000001f1e25000 	/System/Library/Frameworks/MetalPerformanceShadersGraph.framework/Versions/A/MetalPerformanceShadersGraph
0x0000000250af9000 	/System/Library/PrivateFrameworks/MLCompilerServices.framework/Versions/A/MLCompilerServices
0x00000001a93d3000 	/System/Library/PrivateFrameworks/ANEServices.framework/Versions/A/ANEServices
0x00000001bbbcc000 	/usr/lib/libncurses.5.4.dylib
0x0000000191fb0000 	/usr/lib/libsandbox.1.dylib
0x000000019dbda000 	/usr/lib/libMatch.1.dylib
0x0000000250a9d000 	/System/Library/PrivateFrameworks/MLCompilerRuntime.framework/Versions/A/MLCompilerRuntime
0x000000019b9b0000 	/System/Library/Frameworks/MLCompute.framework/Versions/A/MLCompute
0x000000025094c000 	/System/Library/PrivateFrameworks/MLAssetIO.framework/Versions/A/MLAssetIO
0x000000027669b000 	/usr/lib/swift/libswiftMLCompute.dylib
0x00000001a57ce000 	/System/Library/PrivateFrameworks/AVFCore.framework/Versions/A/AVFCore
0x00000001ae59b000 	/System/Library/PrivateFrameworks/AVFCapture.framework/Versions/A/AVFCapture
0x000000023a1e9000 	/System/Library/PrivateFrameworks/CMImaging.framework/Versions/A/CMImaging
0x00000001ae7b3000 	/System/Library/PrivateFrameworks/Quagga.framework/Versions/A/Quagga
0x00000001ae8e6000 	/System/Library/PrivateFrameworks/CMCapture.framework/Versions/A/CMCapture
0x00000001a021d000 	/System/Library/Frameworks/CoreMediaIO.framework/Versions/A/CoreMediaIO
0x000000023a11f000 	/System/Library/PrivateFrameworks/CMCaptureDevice.framework/Versions/A/CMCaptureDevice
0x000000023af0f000 	/System/Library/PrivateFrameworks/CinematicFraming.framework/Versions/A/CinematicFraming
0x00000001b5b63000 	/System/Library/Frameworks/CoreMotion.framework/Versions/A/CoreMotion
0x00000001c488d000 	/System/Library/PrivateFrameworks/TimeSync.framework/Versions/A/TimeSync
0x0000000240683000 	/System/Library/PrivateFrameworks/DistributedSensing.framework/Versions/A/DistributedSensing
0x00000001c075c000 	/System/Library/PrivateFrameworks/MobileBluetooth.framework/Versions/A/MobileBluetooth
0x00000001c634f000 	/System/Library/PrivateFrameworks/IOKitten.framework/Versions/A/IOKitten
0x0000000190485000 	/System/Library/PrivateFrameworks/LanguageModeling.framework/Versions/A/LanguageModeling
0x0000000194fed000 	/System/Library/PrivateFrameworks/Montreal.framework/Versions/A/Montreal
0x000000019c2dd000 	/usr/lib/libcmph.dylib
0x00000002484e7000 	/System/Library/PrivateFrameworks/GenerativeModelsFoundation.framework/Versions/A/GenerativeModelsFoundation
0x00000002690f7000 	/System/Library/PrivateFrameworks/TokenGeneration.framework/Versions/A/TokenGeneration
0x00000002482be000 	/System/Library/PrivateFrameworks/GenerativeFunctions.framework/Versions/A/GenerativeFunctions
0x000000024830f000 	/System/Library/PrivateFrameworks/GenerativeFunctionsFoundation.framework/Versions/A/GenerativeFunctionsFoundation
0x00000002538a0000 	/System/Library/PrivateFrameworks/ModelCatalog.framework/Versions/A/ModelCatalog
0x000000025d927000 	/System/Library/PrivateFrameworks/SensitiveContentAnalysisML.framework/Versions/A/SensitiveContentAnalysisML
0x00000002483be000 	/System/Library/PrivateFrameworks/GenerativeFunctionsInstrumentation.framework/Versions/A/GenerativeFunctionsInstrumentation
0x000000025b81f000 	/System/Library/PrivateFrameworks/PromptKit.framework/Versions/A/PromptKit
0x000000025b349000 	/System/Library/PrivateFrameworks/ProactiveDaemonSupport.framework/Versions/A/ProactiveDaemonSupport
0x00000002692af000 	/System/Library/PrivateFrameworks/TokenGenerationCore.framework/Versions/A/TokenGenerationCore
0x000000026c3a7000 	/System/Library/PrivateFrameworks/VectorSearch.framework/Versions/A/VectorSearch
0x0000000253b65000 	/System/Library/PrivateFrameworks/ModelManagerServices.framework/Versions/A/ModelManagerServices
0x0000000237929000 	/System/Library/PrivateFrameworks/AppleFlatBuffers.framework/Versions/A/AppleFlatBuffers
0x00000001a7f4b000 	/System/Library/PrivateFrameworks/AppleAccount.framework/Versions/A/AppleAccount
0x00000001b0256000 	/System/Library/PrivateFrameworks/ProactiveEventTracker.framework/Versions/A/ProactiveEventTracker
0x0000000234523000 	/System/Library/PrivateFrameworks/AAAFoundation.framework/Versions/A/AAAFoundation
0x0000000197a3b000 	/System/Library/PrivateFrameworks/ApplePushService.framework/Versions/A/ApplePushService
0x000000019bdae000 	/System/Library/PrivateFrameworks/AuthKit.framework/Versions/A/AuthKit
0x000000023453f000 	/System/Library/PrivateFrameworks/AAAFoundationSwift.framework/Versions/A/AAAFoundationSwift
0x00000001a81a0000 	/System/Library/PrivateFrameworks/AppleIDSSOAuthentication.framework/Versions/A/AppleIDSSOAuthentication
0x00000001c3b7f000 	/usr/lib/swift/libswiftCompression.dylib
0x00000001cc205000 	/System/Library/PrivateFrameworks/DeviceIdentity.framework/Versions/A/DeviceIdentity
0x00000001a013b000 	/System/Library/PrivateFrameworks/MultiverseSupport.framework/Versions/A/MultiverseSupport
0x00000001a4d9b000 	/System/Library/PrivateFrameworks/DiskManagement.framework/Versions/A/DiskManagement
0x00000001a4ca7000 	/System/Library/PrivateFrameworks/AppleIDAuthSupport.framework/Versions/A/AppleIDAuthSupport
0x00000001a0639000 	/System/Library/PrivateFrameworks/KeychainCircle.framework/Versions/A/KeychainCircle
0x00000001b0869000 	/System/Library/PrivateFrameworks/URLFormatting.framework/Versions/A/URLFormatting
0x00000001a7ae4000 	/usr/lib/libcsfde.dylib
0x000000019dbe2000 	/usr/lib/libCoreStorage.dylib
0x00000001a19f8000 	/System/Library/PrivateFrameworks/ProtectedCloudStorage.framework/Versions/A/ProtectedCloudStorage
0x00000001a7adf000 	/System/Library/PrivateFrameworks/EFILogin.framework/Versions/A/EFILogin
0x00000001afb11000 	/System/Library/PrivateFrameworks/CloudServices.framework/Versions/A/CloudServices
0x00000001a50b4000 	/System/Library/PrivateFrameworks/OctagonTrust.framework/Versions/A/OctagonTrust
0x000000025dab2000 	/System/Library/PrivateFrameworks/SentencePieceInternal.framework/Versions/A/SentencePieceInternal
0x00000001a4033000 	/System/Library/Frameworks/Vision.framework/Versions/A/Vision
0x000000023f84e000 	/System/Library/PrivateFrameworks/CoreSceneUnderstanding.framework/Versions/A/CoreSceneUnderstanding
0x000000026cf32000 	/System/Library/PrivateFrameworks/VisionCore.framework/Versions/A/VisionCore
0x00000001bf74d000 	/System/Library/Frameworks/Vision.framework/libfaceCore.dylib
0x00000001c0247000 	/System/Library/PrivateFrameworks/Futhark.framework/Versions/A/Futhark
0x00000001c3947000 	/System/Library/PrivateFrameworks/InertiaCam.framework/Versions/A/InertiaCam
0x00000001bfffa000 	/System/Library/PrivateFrameworks/TextRecognition.framework/Versions/A/TextRecognition
0x000000019da78000 	/System/Library/PrivateFrameworks/CVNLP.framework/Versions/A/CVNLP
0x0000000247040000 	/System/Library/PrivateFrameworks/GRDBInternal.framework/Versions/A/GRDBInternal
0x00000001bd03c000 	/usr/lib/swift/libswiftCoreLocation.dylib
0x00000001a1538000 	/System/Library/PrivateFrameworks/Sharing.framework/Versions/A/Sharing
0x00000001a74a3000 	/System/Library/PrivateFrameworks/Apple80211.framework/Versions/A/Apple80211
0x000000019b36a000 	/System/Library/Frameworks/CoreWLAN.framework/Versions/A/CoreWLAN
0x00000001b6165000 	/System/Library/PrivateFrameworks/FindMyDevice.framework/Versions/A/FindMyDevice
0x00000001abc76000 	/System/Library/PrivateFrameworks/FMCoreLite.framework/Versions/A/FMCoreLite
0x00000001938cf000 	/System/Library/PrivateFrameworks/CoreDuet.framework/Versions/A/CoreDuet
0x00000001a6dfd000 	/System/Library/PrivateFrameworks/CoreDuetContext.framework/Versions/A/CoreDuetContext
0x0000000197aa3000 	/System/Library/Frameworks/CloudKit.framework/Versions/A/CloudKit
0x00000001a6e53000 	/System/Library/Frameworks/Intents.framework/Versions/A/Intents
0x00000001a957b000 	/System/Library/PrivateFrameworks/CoreDuetDaemonProtocol.framework/Versions/A/CoreDuetDaemonProtocol
0x00000001f4659000 	/System/Library/Frameworks/SharedWithYouCore.framework/Versions/A/SharedWithYouCore
0x00000001a8471000 	/System/Library/PrivateFrameworks/C2.framework/Versions/A/C2
0x000000023b2bd000 	/System/Library/PrivateFrameworks/CloudAssets.framework/Versions/A/CloudAssets
0x00000001a8468000 	/System/Library/Frameworks/PushKit.framework/Versions/A/PushKit
0x00000001aa26b000 	/System/Library/PrivateFrameworks/RTCReporting.framework/Versions/A/RTCReporting
0x00000001a8457000 	/System/Library/PrivateFrameworks/IntentsFoundation.framework/Versions/A/IntentsFoundation
0x00000001a0e60000 	/System/Library/Frameworks/NetworkExtension.framework/Versions/A/NetworkExtension
0x00000001bb74d000 	/System/Library/PrivateFrameworks/CaptiveNetwork.framework/Versions/A/CaptiveNetwork
0x00000001a79f0000 	/System/Library/PrivateFrameworks/EAP8021X.framework/Versions/A/EAP8021X
0x00000001c9dfd000 	/System/Library/PrivateFrameworks/UIKitServices.framework/Versions/A/UIKitServices
0x000000013d388000 	/System/Library/Extensions/AGXMetalG16G_B0.bundle/Contents/MacOS/AGXMetalG16G_B0
0x00000001afb5e000 	/System/Library/PrivateFrameworks/IOGPU.framework/Versions/A/IOGPU
0x000000012f094000 	/Library/Java/JavaVirtualMachines/temurin-25.jdk/Contents/Home/lib/libosxui.dylib
0x000000026711c000 	/System/Library/PrivateFrameworks/TextInputUI.framework/Versions/A/TextInputUI
0x0000000267140000 	/System/Library/PrivateFrameworks/TextInputUIMacHelper.framework/Versions/A/TextInputUIMacHelper
0x000000025cf46000 	/System/Library/PrivateFrameworks/Sage.framework/Versions/A/Sage

JVMTI agents: none


VM Arguments:
jvm_args: --enable-preview -XX:+ShowCodeDetailsInExceptionMessages 
java_command: pws.editor.PWSEditor
java_class_path (initial): /Users/lucapazzi/VSCode Projects/PWSEditor-3.0/out:/Users/lucapazzi/VSCode Projects/PWSEditor-3.0/lib/pdfbox-2.0.29.jar:/Users/lucapazzi/VSCode Projects/PWSEditor-3.0/lib/fontbox-2.0.29.jar:/Users/lucapazzi/VSCode Projects/PWSEditor-3.0/lib/pdfbox-graphics2d-0.6.0.jar:/Users/lucapazzi/VSCode Projects/PWSEditor-3.0/lib/graphics2d-3.0.3.jar:/Users/lucapazzi/VSCode Projects/PWSEditor-3.0/lib/commons-logging-1.2.jar
Launcher Type: SUN_STANDARD

[Global flags]
     intx CICompilerCount                          = 4                                         {product} {ergonomic}
     uint ConcGCThreads                            = 2                                         {product} {ergonomic}
     uint G1ConcRefinementThreads                  = 9                                         {product} {ergonomic}
   size_t G1HeapRegionSize                         = 4194304                                   {product} {ergonomic}
   size_t InitialHeapSize                          = 402653184                                 {product} {ergonomic}
   size_t MarkStackSize                            = 4194304                                   {product} {ergonomic}
   size_t MarkStackSizeMax                         = 536870912                                 {product} {ergonomic}
   size_t MaxHeapSize                              = 6442450944                                {product} {ergonomic}
   size_t MaxNewSize                               = 3862953984                                {product} {ergonomic}
   size_t MinHeapDeltaBytes                        = 4194304                                   {product} {ergonomic}
   size_t MinHeapSize                              = 8388608                                   {product} {ergonomic}
    uintx NonNMethodCodeHeapSize                   = 5832704                                {pd product} {ergonomic}
    uintx NonProfiledCodeHeapSize                  = 122929152                              {pd product} {ergonomic}
    uintx ProfiledCodeHeapSize                     = 122896384                              {pd product} {ergonomic}
    uintx ReservedCodeCacheSize                    = 251658240                              {pd product} {ergonomic}
     bool SegmentedCodeCache                       = true                                      {product} {ergonomic}
     bool ShowCodeDetailsInExceptionMessages       = true                                   {manageable} {command line}
   size_t SoftMaxHeapSize                          = 6442450944                             {manageable} {ergonomic}
     bool UseCompressedOops                        = true                           {product lp64_product} {ergonomic}
     bool UseG1GC                                  = true                                      {product} {ergonomic}
     bool UseNUMA                                  = false                                     {product} {ergonomic}
     bool UseNUMAInterleaving                      = false                                     {product} {ergonomic}

Logging:
Log output configuration:
 #0: stdout all=warning uptime,level,tags foldmultilines=false
 #1: stderr all=off uptime,level,tags foldmultilines=false

Release file:
IMPLEMENTOR="Eclipse Adoptium"
IMPLEMENTOR_VERSION="Temurin-25.0.1+8"
JAVA_RUNTIME_VERSION="25.0.1+8-LTS"
JAVA_VERSION="25.0.1"
JAVA_VERSION_DATE="2025-10-21"
LIBC="default"
MODULES="java.base java.compiler java.datatransfer java.xml java.prefs java.desktop java.instrument java.logging java.management java.security.sasl java.naming java.rmi java.management.rmi java.net.http java.scripting java.security.jgss java.transaction.xa java.sql java.sql.rowset java.xml.crypto java.se java.smartcardio jdk.accessibility jdk.internal.jvmstat jdk.attach jdk.charsets jdk.internal.opt jdk.zipfs jdk.compiler jdk.crypto.cryptoki jdk.crypto.ec jdk.dynalink jdk.internal.ed jdk.editpad jdk.internal.vm.ci jdk.graal.compiler jdk.graal.compiler.management jdk.hotspot.agent jdk.httpserver jdk.incubator.vector jdk.internal.le jdk.internal.md jdk.jartool jdk.javadoc jdk.jcmd jdk.management jdk.management.agent jdk.jconsole jdk.jdeps jdk.jdwp.agent jdk.jdi jdk.jfr jdk.jlink jdk.jpackage jdk.jshell jdk.jsobject jdk.jstatd jdk.localedata jdk.management.jfr jdk.naming.dns jdk.naming.rmi jdk.net jdk.nio.mapmode jdk.sctp jdk.security.auth jdk.security.jgss jdk.unsupported jdk.unsupported.desktop jdk.xml.dom"
OS_ARCH="aarch64"
OS_NAME="Darwin"
SOURCE=".:git:61d6a2c1b35e"
BUILD_SOURCE="git:839fa0b45d809157cffd3dc8515aad262a4a1776"
BUILD_SOURCE_REPO="https://github.com/adoptium/temurin-build.git"
SOURCE_REPO="https://github.com/adoptium/jdk25u.git"
FULL_VERSION="25.0.1+8-LTS"
SEMANTIC_VERSION="25.0.1+8"
BUILD_INFO="OS: macOS Version: 14.7.7 23H723"
JVM_VARIANT="Hotspot"
JVM_VERSION="25.0.1+8-LTS"
IMAGE_TYPE="JDK"

Environment Variables:
PATH=/Users/lucapazzi/Library/Application Support/Code/User/globalStorage/github.copilot-chat/debugCommand:/Users/lucapazzi/Library/Application Support/Code/User/globalStorage/github.copilot-chat/copilotCli:/opt/local/bin:/opt/local/sbin:/opt/homebrew/bin:/opt/homebrew/sbin:/usr/local/bin:/System/Cryptexes/App/usr/bin:/usr/bin:/bin:/usr/sbin:/sbin:/var/run/com.apple.security.cryptexd/codex.system/bootstrap/usr/local/bin:/var/run/com.apple.security.cryptexd/codex.system/bootstrap/usr/bin:/var/run/com.apple.security.cryptexd/codex.system/bootstrap/usr/appleinternal/bin:/opt/X11/bin:/Library/Apple/usr/bin:/Library/TeX/texbin:/Applications/VMware Fusion.app/Contents/Public:/usr/local/share/dotnet:~/.dotnet/tools:/Library/Frameworks/Mono.framework/Versions/Current/Commands:/Users/lucapazzi/Library/Application Support/Code/User/globalStorage/github.copilot-chat/debugCommand:/Users/lucapazzi/Library/Application Support/Code/User/globalStorage/github.copilot-chat/copilotCli:/opt/local/bin:/opt/local/sbin:/Users/lucapazzi/.vscode/extensions/vscjava.vscode-java-debug-0.58.5/bundled/scripts/noConfigScripts
SHELL=/bin/zsh
DISPLAY=/private/tmp/com.apple.launchd.A4gyk02ric/org.xquartz:0
LANG=en_US.UTF-8
TERM=xterm-256color
TMPDIR=/var/folders/cg/lgwyfrw50kd09wjwwr5h440h0000gn/T/

Active Locale:
LC_ALL=en_US.UTF-8
LC_COLLATE=en_US.UTF-8
LC_CTYPE=en_US.UTF-8
LC_MESSAGES=en_US.UTF-8
LC_MONETARY=en_US.UTF-8
LC_NUMERIC=en_US.UTF-8
LC_TIME=en_US.UTF-8

Signal Handlers:
   SIGSEGV: crash_handler in libjvm.dylib, mask=11100110000111110111111111111111, flags=SA_ONSTACK|SA_RESTART|SA_SIGINFO, unblocked
    SIGBUS: crash_handler in libjvm.dylib, mask=11100110000111110111111111111111, flags=SA_RESTART|SA_SIGINFO, unblocked
    SIGFPE: crash_handler in libjvm.dylib, mask=11100110000111110111111111111111, flags=SA_RESTART|SA_SIGINFO, unblocked
   SIGPIPE: javaSignalHandler in libjvm.dylib, mask=11100110000111110111111111111111, flags=SA_RESTART|SA_SIGINFO, blocked
   SIGXFSZ: javaSignalHandler in libjvm.dylib, mask=11100110000111110111111111111111, flags=SA_RESTART|SA_SIGINFO, blocked
    SIGILL: crash_handler in libjvm.dylib, mask=11100110000111110111111111111111, flags=SA_RESTART|SA_SIGINFO, unblocked
   SIGUSR2: SR_handler in libjvm.dylib, mask=00000000000000000000000000000000, flags=SA_RESTART|SA_SIGINFO, blocked
    SIGHUP: UserHandler in libjvm.dylib, mask=11100110000111110111111111111111, flags=SA_RESTART|SA_SIGINFO, blocked
    SIGINT: UserHandler in libjvm.dylib, mask=11100110000111110111111111111111, flags=SA_RESTART|SA_SIGINFO, blocked
   SIGTERM: UserHandler in libjvm.dylib, mask=11100110000111110111111111111111, flags=SA_RESTART|SA_SIGINFO, blocked
   SIGQUIT: UserHandler in libjvm.dylib, mask=11100110000111110111111111111111, flags=SA_RESTART|SA_SIGINFO, blocked
   SIGTRAP: crash_handler in libjvm.dylib, mask=11100110000111110111111111111111, flags=SA_RESTART|SA_SIGINFO, unblocked


Compilation memory statistics disabled.

Periodic native trim disabled

---------------  S Y S T E M  ---------------

OS:
uname: Darwin 24.6.0 Darwin Kernel Version 24.6.0: Wed Nov  5 21:34:00 PST 2025; root:xnu-11417.140.69.705.2~1/RELEASE_ARM64_T8132 arm64
OS uptime: 5 days 12:41 hours
rlimit (soft/hard): STACK 8176k/65520k , CORE 0k/infinity , NPROC 4000/6000 , NOFILE 1048576/infinity , AS infinity/infinity , CPU infinity/infinity , DATA infinity/infinity , FSIZE infinity/infinity , MEMLOCK infinity/infinity , RSS infinity/infinity
load average: 3.56 3.72 3.63

CPU: total 10 (initial active 10) 0x61:0x0:0x6f5129ac:0, fp, asimd, aes, pmull, sha1, sha256, crc32, lse, sha3, sha512
machdep.cpu.brand_string:Apple M4
hw.cachelinesize:128
hw.l1icachesize:131072
hw.l1dcachesize:65536
hw.l2cachesize:4194304

Memory: 16k page, physical 25165824k(149632k free), swap 0k(0k free)

vm_info: OpenJDK 64-Bit Server VM (25.0.1+8-LTS) for bsd-aarch64 JRE (25.0.1+8-LTS), built on 2025-10-21T00:00:00Z with clang Apple LLVM 15.0.0 (clang-1500.1.0.2.5)

END.
