#
# A fatal error has been detected by the Java Runtime Environment:
#
#  SIGBUS (0xa) at pc=0x000000004d55545a, pid=6472, tid=80415
#
# JRE version: OpenJDK Runtime Environment Temurin-25.0.1+8 (25.0.1+8) (build 25.0.1+8-LTS)
# Java VM: OpenJDK 64-Bit Server VM Temurin-25.0.1+8 (25.0.1+8-LTS, mixed mode, sharing, tiered, compressed oops, compressed class ptrs, g1 gc, bsd-aarch64)
# Problematic frame:
# C  [CoreVideo+0x2654]  CVHWTime::update(double, bool*, bool*)+0x6c
#
# No core dump will be written. Core dumps have been disabled. To enable core dumping, try "ulimit -c unlimited" before starting Java again
#
# If you would like to submit a bug report, please visit:
#   https://github.com/adoptium/adoptium-support/issues
#

---------------  S U M M A R Y ------------

Command Line: --enable-preview -XX:+ShowCodeDetailsInExceptionMessages pws.editor.PWSEditor

Host: "Mac16,1" arm64, 10 cores, 24G, Darwin 24.6.0, macOS 15.7.5 (24G624)
Time: Sun Apr 19 20:58:14 2026 CEST elapsed time: 103466.032904 seconds (1d 4h 44m 26s)

---------------  T H R E A D  ---------------

Current thread is native thread

Stack: [0x0000000170580000,0x0000000170603000],  sp=0x0000000170602ce0,  free space=523k
Native frames: (J=compiled Java code, j=interpreted, Vv=VM code, C=native code)
C  [CoreVideo+0x2654]  CVHWTime::update(double, bool*, bool*)+0x6c
C  [CoreVideo+0x24c8]  CVXTime::update()+0x38
C  [CoreVideo+0x21a0]  CVDisplayLink::runIOThread()+0xb8
C  [libsystem_pthread.dylib+0x6bc8]  _pthread_start+0x88

siginfo: si_signo: 10 (SIGBUS), si_code: 1 (BUS_ADRALN), si_addr: 0x000000004d55545a

Registers:
 x0=0x0000000176f42570  x1=0x0000000170602d60  x2=0x0000000170602d58  x3=0x0000000170602d68
 x4=0x00000e2100000000  x5=0x0001224700000000  x6=0x000000000000002c  x7=0x0000000000000000
 x8=0x000000004d55545a  x9=0x0000000176f4eb60 x10=0x0000000000000000 x11=0x0000000000000000
x12=0x0000000000000000 x13=0x0000000000000000 x14=0x0000000000000000 x15=0x0000000000000000
x16=0x0000000176f4eb60 x17=0x5463000176f4eb60 x18=0x0000000000000000 x19=0x0000000176f4eab8
x20=0x0000000170602dde x21=0x0000000170602ddf x22=0x0000000000000000 x23=0x0000000000000000
x24=0x0000000000000000 x25=0x0000000000000000 x26=0x0000000000000000 x27=0x0000000000000000
x28=0x0000000000000000  fp=0x0000000170602da0  lr=0x0000000196bf0658  sp=0x0000000170602ce0
pc=0x000000004d55545a cpsr=0x0000000080000800

Top of Stack: (sp=0x0000000170602ce0)
0x0000000170602ce0:   0000000000000000 0000000000000000   ................
0x0000000170602cf0:   0000000000000000 0000000000000004   ................
0x0000000170602d00:   0000000000000000 0000000000000000   ................
0x0000000170602d10:   0000000000000000 0000000000000000   ................
0x0000000170602d20:   0000000000000000 0000000000000000   ................
0x0000000170602d30:   0000000000000000 0000000000000004   ................
0x0000000170602d40:   00000001f8df58d8 0000000196c08e08   .X..............
0x0000000170602d50:   0000000000000000 0000000000000000   ................
0x0000000170602d60:   0000000000000000 0000000000000000   ................
0x0000000170602d70:   0000000000000000 0000000000000000   ................
0x0000000170602d80:   0000000000000000 0000000000000000   ................
0x0000000170602d90:   0000000000013a1f 0000000176f4eab0   .:.........v....
0x0000000170602da0:   0000000170602e10 0000000196bf04c8   ..`p............
0x0000000170602db0:   0000000170602de0 0000000196bef984   .-`p............
0x0000000170602dc0:   0000000176f4eab8 0000000000000000   ...v............
0x0000000170602dd0:   0000000000013a1f 0000000176f4eab0   .:.........v....
0x0000000170602de0:   0000000000000000 0000000000000000   ................
0x0000000170602df0:   0000000000000000 0000000000000000   ................
0x0000000170602e00:   0000000000013a1f 0000000138eb1220   .:...... ..8....
0x0000000170602e10:   0000000170602fc0 0000000196bf01a0   ./`p............
0x0000000170602e20:   0000000000000017 0000000000000000   ................
0x0000000170602e30:   0000000000000000 0000000000000000   ................
0x0000000170602e40:   0000000000000000 0000000000000000   ................
0x0000000170602e50:   0000000000000000 0000000000000000   ................
0x0000000170602e60:   0000000000000000 0000000000000000   ................
0x0000000170602e70:   0000000000000000 0000000000000000   ................
0x0000000170602e80:   00000002014044d0 0000194800000000   .D@.........H...
0x0000000170602e90:   000001f500001835 000001f500000014   5...............
0x0000000170602ea0:   000001f500000014 0000000000000014   ................
0x0000000170602eb0:   65682d006176616a 000000007265706c   java.-helper....
0x0000000170602ec0:   65682d006176616a 000000007265706c   java.-helper....
0x0000000170602ed0:   0000000000000000 0000000000000000   ................

Instructions: (pc=0x0000000196bf0654)
  0x0000000196bf0554:   68 3a 40 b9 88 02 08 4b 09 01 63 1e 08 18 69 1e
  0x0000000196bf0564:   e0 03 13 aa 00 41 60 1e 27 03 00 94 61 26 40 fd
  0x0000000196bf0574:   22 08 69 1e 48 00 71 9e 69 2e 40 f9 74 52 00 b9
  0x0000000196bf0584:   28 01 08 8b a9 02 08 cb 00 38 61 1e 02 10 6c 1e
  0x0000000196bf0594:   00 08 62 1e 29 fd 49 8b 20 28 60 1e 60 26 00 fd
  0x0000000196bf05a4:   08 05 89 8b 68 2e 00 f9 e8 13 00 fd f4 23 01 a9
  0x0000000196bf05b4:   e0 07 00 fd f3 03 00 f9 c1 02 00 f0 21 a0 09 91
  0x0000000196bf05c4:   a0 00 80 52 d1 61 00 94 e0 bb 40 39 fd 7b 46 a9
  0x0000000196bf05d4:   f4 4f 45 a9 f6 57 44 a9 e9 23 43 6d ff c3 01 91
  0x0000000196bf05e4:   ff 0f 5f d6 7f 23 03 d5 ff 43 03 d1 e9 23 09 6d
  0x0000000196bf05f4:   f6 57 0a a9 f4 4f 0b a9 fd 7b 0c a9 fd 03 03 91
  0x0000000196bf0604:   f4 03 02 aa f5 03 01 aa 08 40 60 1e f3 03 00 aa
  0x0000000196bf0614:   3f 00 00 39 5f 00 00 39 bf 7f 3c a9 bf 83 1b f8
  0x0000000196bf0624:   00 00 40 f9 10 00 40 f9 f1 03 00 aa d1 59 e8 f2
  0x0000000196bf0634:   30 1a c1 da 08 0e 4b f8 e9 03 10 aa a1 03 01 d1
  0x0000000196bf0644:   a2 23 01 d1 a3 e3 00 d1 f1 03 09 aa 71 8c ea f2
=>0x0000000196bf0654:   11 09 3f d7 a8 03 5c f8 69 12 40 f9 2a 01 08 cb
  0x0000000196bf0664:   0b 01 09 eb 6a 81 8a 9a ab 83 5b f8 6b 00 00 b4
  0x0000000196bf0674:   4c 05 4b 8b 8b 09 cb 9a 60 b2 46 29 6d 01 0c 8b
  0x0000000196bf0684:   ad 83 1c f8 0e 01 78 9e 6f 16 40 f9 61 42 41 a9
  0x0000000196bf0694:   71 32 40 b9 62 06 40 f9 ea 2f 06 a9 e0 0b 05 a9
  0x0000000196bf06a4:   ed 47 04 a9 f0 33 03 a9 e8 07 02 a9 ef 27 01 a9
  0x0000000196bf06b4:   c1 02 00 f0 21 cc 25 91 f3 3b 00 a9 80 00 80 52
  0x0000000196bf06c4:   92 61 00 94 69 16 40 f9 a2 07 7c a9 68 3a 40 b9
  0x0000000196bf06d4:   09 03 00 b4 3f 00 08 eb 81 00 00 54 69 12 40 f9
  0x0000000196bf06e4:   5f 00 09 eb c0 03 00 54 29 00 80 52 a9 02 00 39
  0x0000000196bf06f4:   28 00 08 eb e9 02 00 54 69 12 40 f9 2a 01 02 cb
  0x0000000196bf0704:   49 00 09 eb 29 81 8a 9a 28 09 c8 9a 69 06 40 f9
  0x0000000196bf0714:   2a 01 08 cb 08 01 09 eb 48 31 88 9a 1f 05 49 eb
  0x0000000196bf0724:   09 06 00 54 28 00 80 52 88 02 00 39 0a 00 00 14
  0x0000000196bf0734:   3f 00 08 eb 81 00 00 54 69 12 40 f9 5f 00 09 eb
  0x0000000196bf0744:   a0 fc ff 54 28 00 80 52 a8 02 00 39 02 00 00 14



---------------  P R O C E S S  ---------------

VM state: not at safepoint (normal execution)

VM Mutex/Monitor currently owned by a thread: None

Heap address: 0x0000000680000000, size: 6144 MB, Compressed Oops mode: Zero based, Oop shift amount: 3

CDS archive(s) mapped at: [0x00000fff00000000-0x00000fff00d94000-0x00000fff00d94000), size 14237696, SharedBaseAddress: 0x00000fff00000000, ArchiveRelocationMode: 1.
Compressed class space mapped at: 0x00000fff01000000-0x00000fff41000000, reserved size: 1073741824
UseCompressedClassPointers 1, UseCompactObjectHeaders 0
Narrow klass pointer bits 32, Max shift 3
Narrow klass base: 0x00000fff00000000, Narrow klass shift: 0
Encoding Range: [0x00000fff00000000 - 0x0000100000000000), (4294967296 bytes)
Klass Range:    [0x00000fff00004000 - 0x00000fff41000000), (1090502656 bytes)
Klass ID Range:  [16384 - 1090519033) (1090502649)
Protection zone: [0x00000fff00000000 - 0x00000fff00004000), (16384 bytes)

GC Precious Log:
<Skipped>

Heap:
 garbage-first heap   total reserved 6291456K, committed 397312K, used 205518K [0x0000000680000000, 0x0000000800000000)
  region size 4096K, 47 young (192512K), 1 survivors (4096K)

Heap Regions: E=young(eden), S=young(survivor), O=old, HS=humongous(starts), HC=humongous(continues), CS=collection set, F=free, TAMS=top-at-mark-start, PB=parsable bottom
|   0|0x0000000680000000, 0x0000000680400000, 0x0000000680400000|100%| O|  |TAMS 0x0000000680000000| PB 0x0000000680000000| Untracked |  0
|   1|0x0000000680400000, 0x0000000680800000, 0x0000000680800000|100%| O|  |TAMS 0x0000000680400000| PB 0x0000000680400000| Untracked |  0
|   2|0x0000000680800000, 0x0000000680c00000, 0x0000000680c00000|100%| O|  |TAMS 0x0000000680800000| PB 0x0000000680800000| Untracked |  0
|   3|0x0000000680c00000, 0x0000000681000000, 0x0000000681000000|100%| O|  |TAMS 0x0000000680c00000| PB 0x0000000680c00000| Untracked |  0
|   4|0x0000000681000000, 0x000000068118f880, 0x0000000681400000| 39%| O|  |TAMS 0x0000000681000000| PB 0x0000000681000000| Untracked |  0
|   5|0x0000000681400000, 0x0000000681400000, 0x0000000681800000|  0%| F|  |TAMS 0x0000000681400000| PB 0x0000000681400000| Untracked |  0
|   6|0x0000000681800000, 0x0000000681800000, 0x0000000681c00000|  0%| F|  |TAMS 0x0000000681800000| PB 0x0000000681800000| Untracked |  0
|   7|0x0000000681c00000, 0x0000000681c00000, 0x0000000682000000|  0%| F|  |TAMS 0x0000000681c00000| PB 0x0000000681c00000| Untracked |  0
|   8|0x0000000682000000, 0x0000000682000000, 0x0000000682400000|  0%| F|  |TAMS 0x0000000682000000| PB 0x0000000682000000| Untracked |  0
|   9|0x0000000682400000, 0x0000000682400000, 0x0000000682800000|  0%| F|  |TAMS 0x0000000682400000| PB 0x0000000682400000| Untracked |  0
|  10|0x0000000682800000, 0x0000000682800000, 0x0000000682c00000|  0%| F|  |TAMS 0x0000000682800000| PB 0x0000000682800000| Untracked |  0
|  11|0x0000000682c00000, 0x0000000682c00000, 0x0000000683000000|  0%| F|  |TAMS 0x0000000682c00000| PB 0x0000000682c00000| Untracked |  0
|  12|0x0000000683000000, 0x0000000683000000, 0x0000000683400000|  0%| F|  |TAMS 0x0000000683000000| PB 0x0000000683000000| Untracked |  0
|  13|0x0000000683400000, 0x0000000683400000, 0x0000000683800000|  0%| F|  |TAMS 0x0000000683400000| PB 0x0000000683400000| Untracked |  0
|  14|0x0000000683800000, 0x0000000683800000, 0x0000000683c00000|  0%| F|  |TAMS 0x0000000683800000| PB 0x0000000683800000| Untracked |  0
|  15|0x0000000683c00000, 0x0000000683c00000, 0x0000000684000000|  0%| F|  |TAMS 0x0000000683c00000| PB 0x0000000683c00000| Untracked |  0
|  16|0x0000000684000000, 0x0000000684000000, 0x0000000684400000|  0%| F|  |TAMS 0x0000000684000000| PB 0x0000000684000000| Untracked |  0
|  17|0x0000000684400000, 0x0000000684400000, 0x0000000684800000|  0%| F|  |TAMS 0x0000000684400000| PB 0x0000000684400000| Untracked |  0
|  18|0x0000000684800000, 0x0000000684800000, 0x0000000684c00000|  0%| F|  |TAMS 0x0000000684800000| PB 0x0000000684800000| Untracked |  0
|  19|0x0000000684c00000, 0x0000000684c00000, 0x0000000685000000|  0%| F|  |TAMS 0x0000000684c00000| PB 0x0000000684c00000| Untracked |  0
|  20|0x0000000685000000, 0x0000000685000000, 0x0000000685400000|  0%| F|  |TAMS 0x0000000685000000| PB 0x0000000685000000| Untracked |  0
|  21|0x0000000685400000, 0x0000000685400000, 0x0000000685800000|  0%| F|  |TAMS 0x0000000685400000| PB 0x0000000685400000| Untracked |  0
|  22|0x0000000685800000, 0x0000000685800000, 0x0000000685c00000|  0%| F|  |TAMS 0x0000000685800000| PB 0x0000000685800000| Untracked |  0
|  23|0x0000000685c00000, 0x0000000685c00000, 0x0000000686000000|  0%| F|  |TAMS 0x0000000685c00000| PB 0x0000000685c00000| Untracked |  0
|  24|0x0000000686000000, 0x0000000686000000, 0x0000000686400000|  0%| F|  |TAMS 0x0000000686000000| PB 0x0000000686000000| Untracked |  0
|  25|0x0000000686400000, 0x0000000686400000, 0x0000000686800000|  0%| F|  |TAMS 0x0000000686400000| PB 0x0000000686400000| Untracked |  0
|  26|0x0000000686800000, 0x0000000686800000, 0x0000000686c00000|  0%| F|  |TAMS 0x0000000686800000| PB 0x0000000686800000| Untracked |  0
|  27|0x0000000686c00000, 0x0000000686c00000, 0x0000000687000000|  0%| F|  |TAMS 0x0000000686c00000| PB 0x0000000686c00000| Untracked |  0
|  28|0x0000000687000000, 0x0000000687000000, 0x0000000687400000|  0%| F|  |TAMS 0x0000000687000000| PB 0x0000000687000000| Untracked |  0
|  29|0x0000000687400000, 0x0000000687400000, 0x0000000687800000|  0%| F|  |TAMS 0x0000000687400000| PB 0x0000000687400000| Untracked |  0
|  30|0x0000000687800000, 0x0000000687800000, 0x0000000687c00000|  0%| F|  |TAMS 0x0000000687800000| PB 0x0000000687800000| Untracked |  0
|  31|0x0000000687c00000, 0x0000000687c00000, 0x0000000688000000|  0%| F|  |TAMS 0x0000000687c00000| PB 0x0000000687c00000| Untracked |  0
|  32|0x0000000688000000, 0x0000000688000000, 0x0000000688400000|  0%| F|  |TAMS 0x0000000688000000| PB 0x0000000688000000| Untracked |  0
|  33|0x0000000688400000, 0x0000000688400000, 0x0000000688800000|  0%| F|  |TAMS 0x0000000688400000| PB 0x0000000688400000| Untracked |  0
|  34|0x0000000688800000, 0x0000000688800000, 0x0000000688c00000|  0%| F|  |TAMS 0x0000000688800000| PB 0x0000000688800000| Untracked |  0
|  35|0x0000000688c00000, 0x0000000688c00000, 0x0000000689000000|  0%| F|  |TAMS 0x0000000688c00000| PB 0x0000000688c00000| Untracked |  0
|  36|0x0000000689000000, 0x0000000689000000, 0x0000000689400000|  0%| F|  |TAMS 0x0000000689000000| PB 0x0000000689000000| Untracked |  0
|  37|0x0000000689400000, 0x0000000689400000, 0x0000000689800000|  0%| F|  |TAMS 0x0000000689400000| PB 0x0000000689400000| Untracked |  0
|  38|0x0000000689800000, 0x0000000689804890, 0x0000000689c00000|  0%| S|CS|TAMS 0x0000000689800000| PB 0x0000000689800000| Complete |  0
|  39|0x0000000689c00000, 0x0000000689c00000, 0x000000068a000000|  0%| F|  |TAMS 0x0000000689c00000| PB 0x0000000689c00000| Untracked |  0
|  40|0x000000068a000000, 0x000000068a000000, 0x000000068a400000|  0%| F|  |TAMS 0x000000068a000000| PB 0x000000068a000000| Untracked |  0
|  41|0x000000068a400000, 0x000000068a400000, 0x000000068a800000|  0%| F|  |TAMS 0x000000068a400000| PB 0x000000068a400000| Untracked |  0
|  42|0x000000068a800000, 0x000000068a800000, 0x000000068ac00000|  0%| F|  |TAMS 0x000000068a800000| PB 0x000000068a800000| Untracked |  0
|  43|0x000000068ac00000, 0x000000068ac00000, 0x000000068b000000|  0%| F|  |TAMS 0x000000068ac00000| PB 0x000000068ac00000| Untracked |  0
|  44|0x000000068b000000, 0x000000068b000000, 0x000000068b400000|  0%| F|  |TAMS 0x000000068b000000| PB 0x000000068b000000| Untracked |  0
|  45|0x000000068b400000, 0x000000068b400000, 0x000000068b800000|  0%| F|  |TAMS 0x000000068b400000| PB 0x000000068b400000| Untracked |  0
|  46|0x000000068b800000, 0x000000068b800000, 0x000000068bc00000|  0%| F|  |TAMS 0x000000068b800000| PB 0x000000068b800000| Untracked |  0
|  47|0x000000068bc00000, 0x000000068bc00000, 0x000000068c000000|  0%| F|  |TAMS 0x000000068bc00000| PB 0x000000068bc00000| Untracked |  0
|  48|0x000000068c000000, 0x000000068c000000, 0x000000068c400000|  0%| F|  |TAMS 0x000000068c000000| PB 0x000000068c000000| Untracked |  0
|  49|0x000000068c400000, 0x000000068c400000, 0x000000068c800000|  0%| F|  |TAMS 0x000000068c400000| PB 0x000000068c400000| Untracked |  0
|  50|0x000000068c800000, 0x000000068ca00000, 0x000000068cc00000| 50%| E|  |TAMS 0x000000068c800000| PB 0x000000068c800000| Complete |  0
|  51|0x000000068cc00000, 0x000000068d000000, 0x000000068d000000|100%| E|CS|TAMS 0x000000068cc00000| PB 0x000000068cc00000| Complete |  0
|  52|0x000000068d000000, 0x000000068d400000, 0x000000068d400000|100%| E|CS|TAMS 0x000000068d000000| PB 0x000000068d000000| Complete |  0
|  53|0x000000068d400000, 0x000000068d800000, 0x000000068d800000|100%| E|CS|TAMS 0x000000068d400000| PB 0x000000068d400000| Complete |  0
|  54|0x000000068d800000, 0x000000068dc00000, 0x000000068dc00000|100%| E|CS|TAMS 0x000000068d800000| PB 0x000000068d800000| Complete |  0
|  55|0x000000068dc00000, 0x000000068e000000, 0x000000068e000000|100%| E|CS|TAMS 0x000000068dc00000| PB 0x000000068dc00000| Complete |  0
|  56|0x000000068e000000, 0x000000068e400000, 0x000000068e400000|100%| E|CS|TAMS 0x000000068e000000| PB 0x000000068e000000| Complete |  0
|  57|0x000000068e400000, 0x000000068e800000, 0x000000068e800000|100%| E|CS|TAMS 0x000000068e400000| PB 0x000000068e400000| Complete |  0
|  58|0x000000068e800000, 0x000000068ec00000, 0x000000068ec00000|100%| E|CS|TAMS 0x000000068e800000| PB 0x000000068e800000| Complete |  0
|  59|0x000000068ec00000, 0x000000068f000000, 0x000000068f000000|100%| E|CS|TAMS 0x000000068ec00000| PB 0x000000068ec00000| Complete |  0
|  60|0x000000068f000000, 0x000000068f400000, 0x000000068f400000|100%| E|CS|TAMS 0x000000068f000000| PB 0x000000068f000000| Complete |  0
|  61|0x000000068f400000, 0x000000068f800000, 0x000000068f800000|100%| E|CS|TAMS 0x000000068f400000| PB 0x000000068f400000| Complete |  0
|  62|0x000000068f800000, 0x000000068fc00000, 0x000000068fc00000|100%| E|CS|TAMS 0x000000068f800000| PB 0x000000068f800000| Complete |  0
|  63|0x000000068fc00000, 0x0000000690000000, 0x0000000690000000|100%| E|CS|TAMS 0x000000068fc00000| PB 0x000000068fc00000| Complete |  0
|  64|0x0000000690000000, 0x0000000690400000, 0x0000000690400000|100%| E|CS|TAMS 0x0000000690000000| PB 0x0000000690000000| Complete |  0
|  65|0x0000000690400000, 0x0000000690800000, 0x0000000690800000|100%| E|CS|TAMS 0x0000000690400000| PB 0x0000000690400000| Complete |  0
|  66|0x0000000690800000, 0x0000000690c00000, 0x0000000690c00000|100%| E|CS|TAMS 0x0000000690800000| PB 0x0000000690800000| Complete |  0
|  67|0x0000000690c00000, 0x0000000691000000, 0x0000000691000000|100%| E|CS|TAMS 0x0000000690c00000| PB 0x0000000690c00000| Complete |  0
|  68|0x0000000691000000, 0x0000000691400000, 0x0000000691400000|100%| E|CS|TAMS 0x0000000691000000| PB 0x0000000691000000| Complete |  0
|  69|0x0000000691400000, 0x0000000691800000, 0x0000000691800000|100%| E|CS|TAMS 0x0000000691400000| PB 0x0000000691400000| Complete |  0
|  70|0x0000000691800000, 0x0000000691c00000, 0x0000000691c00000|100%| E|CS|TAMS 0x0000000691800000| PB 0x0000000691800000| Complete |  0
|  71|0x0000000691c00000, 0x0000000692000000, 0x0000000692000000|100%| E|CS|TAMS 0x0000000691c00000| PB 0x0000000691c00000| Complete |  0
|  72|0x0000000692000000, 0x0000000692400000, 0x0000000692400000|100%| E|CS|TAMS 0x0000000692000000| PB 0x0000000692000000| Complete |  0
|  73|0x0000000692400000, 0x0000000692800000, 0x0000000692800000|100%| E|CS|TAMS 0x0000000692400000| PB 0x0000000692400000| Complete |  0
|  74|0x0000000692800000, 0x0000000692c00000, 0x0000000692c00000|100%| E|CS|TAMS 0x0000000692800000| PB 0x0000000692800000| Complete |  0
|  75|0x0000000692c00000, 0x0000000693000000, 0x0000000693000000|100%| E|CS|TAMS 0x0000000692c00000| PB 0x0000000692c00000| Complete |  0
|  76|0x0000000693000000, 0x0000000693400000, 0x0000000693400000|100%| E|CS|TAMS 0x0000000693000000| PB 0x0000000693000000| Complete |  0
|  77|0x0000000693400000, 0x0000000693800000, 0x0000000693800000|100%| E|CS|TAMS 0x0000000693400000| PB 0x0000000693400000| Complete |  0
|  78|0x0000000693800000, 0x0000000693c00000, 0x0000000693c00000|100%| E|CS|TAMS 0x0000000693800000| PB 0x0000000693800000| Complete |  0
|  79|0x0000000693c00000, 0x0000000694000000, 0x0000000694000000|100%| E|CS|TAMS 0x0000000693c00000| PB 0x0000000693c00000| Complete |  0
|  80|0x0000000694000000, 0x0000000694400000, 0x0000000694400000|100%| E|CS|TAMS 0x0000000694000000| PB 0x0000000694000000| Complete |  0
|  81|0x0000000694400000, 0x0000000694800000, 0x0000000694800000|100%| E|CS|TAMS 0x0000000694400000| PB 0x0000000694400000| Complete |  0
|  82|0x0000000694800000, 0x0000000694c00000, 0x0000000694c00000|100%| E|CS|TAMS 0x0000000694800000| PB 0x0000000694800000| Complete |  0
|  83|0x0000000694c00000, 0x0000000695000000, 0x0000000695000000|100%| E|CS|TAMS 0x0000000694c00000| PB 0x0000000694c00000| Complete |  0
|  84|0x0000000695000000, 0x0000000695400000, 0x0000000695400000|100%| E|CS|TAMS 0x0000000695000000| PB 0x0000000695000000| Complete |  0
|  85|0x0000000695400000, 0x0000000695800000, 0x0000000695800000|100%| E|CS|TAMS 0x0000000695400000| PB 0x0000000695400000| Complete |  0
|  86|0x0000000695800000, 0x0000000695c00000, 0x0000000695c00000|100%| E|CS|TAMS 0x0000000695800000| PB 0x0000000695800000| Complete |  0
|  87|0x0000000695c00000, 0x0000000696000000, 0x0000000696000000|100%| E|CS|TAMS 0x0000000695c00000| PB 0x0000000695c00000| Complete |  0
|  88|0x0000000696000000, 0x0000000696400000, 0x0000000696400000|100%| E|CS|TAMS 0x0000000696000000| PB 0x0000000696000000| Complete |  0
|  89|0x0000000696400000, 0x0000000696800000, 0x0000000696800000|100%| E|CS|TAMS 0x0000000696400000| PB 0x0000000696400000| Complete |  0
|  90|0x0000000696800000, 0x0000000696c00000, 0x0000000696c00000|100%| E|CS|TAMS 0x0000000696800000| PB 0x0000000696800000| Complete |  0
|  91|0x0000000696c00000, 0x0000000697000000, 0x0000000697000000|100%| E|CS|TAMS 0x0000000696c00000| PB 0x0000000696c00000| Complete |  0
|  92|0x0000000697000000, 0x0000000697400000, 0x0000000697400000|100%| E|CS|TAMS 0x0000000697000000| PB 0x0000000697000000| Complete |  0
|  93|0x0000000697400000, 0x0000000697800000, 0x0000000697800000|100%| E|CS|TAMS 0x0000000697400000| PB 0x0000000697400000| Complete |  0
|  94|0x0000000697800000, 0x0000000697c00000, 0x0000000697c00000|100%| E|CS|TAMS 0x0000000697800000| PB 0x0000000697800000| Complete |  0
|  95|0x0000000697c00000, 0x0000000698000000, 0x0000000698000000|100%| E|CS|TAMS 0x0000000697c00000| PB 0x0000000697c00000| Complete |  0
|1535|0x00000007ffc00000, 0x00000007ffd1f930, 0x0000000800000000| 28%| O|  |TAMS 0x00000007ffc00000| PB 0x00000007ffc00000| Untracked |  0

Card table byte_map: [0x0000000123f4c000,0x0000000124b4c000] _byte_map_base: 0x0000000120b4c000

Marking Bits: (CMBitMap*) 0x000000013a009c10
 Bits: [0x0000000124b4c000, 0x000000012ab4c000)

Polling page: 0x0000000104ce0000

Metaspace:
Metaspace        used 19205K, committed 19520K, reserved 1114112K
 class space     used 1797K, committed 1920K, reserved 1048576K

Usage:
  Non-class:     17.00 MB used.
      Class:      1.76 MB used.
       Both:     18.76 MB used.

Virtual space:
  Non-class space:       64.00 MB reserved,      17.19 MB ( 27%) committed,  1 nodes.
      Class space:        1.00 GB reserved,       1.88 MB ( <1%) committed,  1 nodes.
             Both:        1.06 GB reserved,      19.06 MB (  2%) committed. 

Chunk freelists:
   Non-Class:  14.79 MB
       Class:  14.07 MB
        Both:  28.86 MB

MaxMetaspaceSize: unlimited
CompressedClassSpaceSize: 1.00 GB
Initial GC threshold: 21.00 MB
Current GC threshold: 21.00 MB
CDS: on
 - commit_granule_bytes: 65536.
 - commit_granule_words: 8192.
 - virtual_space_node_default_size: 8388608.
 - enlarge_chunks_in_place: 1.
UseCompressedClassPointers 1, UseCompactObjectHeaders 0
Narrow klass pointer bits 32, Max shift 3
Narrow klass base: 0x00000fff00000000, Narrow klass shift: 0
Encoding Range: [0x00000fff00000000 - 0x0000100000000000), (4294967296 bytes)
Klass Range:    [0x00000fff00004000 - 0x00000fff41000000), (1090502656 bytes)
Klass ID Range:  [16384 - 1090519033) (1090502649)
Protection zone: [0x00000fff00000000 - 0x00000fff00004000), (16384 bytes)


Internal statistics:

num_allocs_failed_limit: 0.
num_arena_births: 212.
num_arena_deaths: 0.
num_vsnodes_births: 2.
num_vsnodes_deaths: 0.
num_space_committed: 305.
num_space_uncommitted: 0.
num_chunks_returned_to_freelist: 0.
num_chunks_taken_from_freelist: 348.
num_chunk_merges: 0.
num_chunk_splits: 212.
num_chunks_enlarged: 129.
num_inconsistent_stats: 0.

CodeHeap 'non-profiled nmethods': size=120048Kb used=5334Kb max_used=5334Kb free=114714Kb
 bounds [0x000000011ca10000, 0x000000011cf50000, 0x0000000123f4c000]
CodeHeap 'profiled nmethods': size=120016Kb used=14151Kb max_used=14151Kb free=105864Kb
 bounds [0x0000000114f4c000, 0x0000000115d2c000, 0x000000011c480000]
CodeHeap 'non-nmethods': size=5696Kb used=1568Kb max_used=1730Kb free=4127Kb
 bounds [0x000000011c480000, 0x000000011c6f0000, 0x000000011ca10000]
CodeCache: size=245760Kb, used=21053Kb, max_used=21215Kb, free=224705Kb
 total_blobs=8570, nmethods=7756, adapters=719, full_count=0
Compilation: enabled, stopped_count=0, restarted_count=0

Compilation events (20 events):
Event: 2974.046 Thread 0x0000000139818a00 18708       1       javax.swing.JList::getCellRenderer (5 bytes)
Event: 2974.046 Thread 0x0000000139818a00 nmethod 18708 0x000000011cf40e48 code [0x000000011cf40f40, 0x000000011cf41020]
Event: 15301.988 Thread 0x0000000139818a00 1545051  s    3       jdk.internal.ref.CleanerImpl$CleanableList::isEmpty (16 bytes)
Event: 15301.988 Thread 0x0000000139818a00 nmethod 1545051 0x0000000115d1ab48 code [0x0000000115d1ac40, 0x0000000115d1aef8]
Event: 15301.988 Thread 0x0000000139818a00 1545052       3       jdk.internal.misc.InnocuousThread::eraseThreadLocals (23 bytes)
Event: 15301.988 Thread 0x0000000139818a00 nmethod 1545052 0x0000000115d1af08 code [0x0000000115d1b000, 0x0000000115d1b1d0]
Event: 15301.988 Thread 0x0000000139818a00 1545053   !   3       java.lang.ref.ReferenceQueue::remove (49 bytes)
Event: 15301.988 Thread 0x0000000139818a00 nmethod 1545053 0x0000000115d1b208 code [0x0000000115d1b300, 0x0000000115d1bc78]
Event: 15301.988 Thread 0x0000000139818a00 1545054       3       java.lang.ref.ReferenceQueue::remove0 (67 bytes)
Event: 15301.988 Thread 0x0000000139818a00 nmethod 1545054 0x0000000115d1bc88 code [0x0000000115d1bd80, 0x0000000115d1c238]
Event: 69087.557 Thread 0x0000000139818000 8229536   !   4       java.lang.ref.Reference::processPendingReferences (118 bytes)
Event: 69087.560 Thread 0x0000000139818000 nmethod 8229536 0x000000011cf41048 code [0x000000011cf41140, 0x000000011cf41d60]
Event: 72094.520 Thread 0x0000000139818a00 8603549       3       sun.java2d.pipe.DrawImage::blitSurfaceData (258 bytes)
Event: 72094.520 Thread 0x0000000139818a00 nmethod 8603549 0x0000000115d1c248 code [0x0000000115d1c340, 0x0000000115d1dc30]
Event: 72094.707 Thread 0x0000000139818000 8603573       4       sun.java2d.loops.Blit::getFromCache (102 bytes)
Event: 72094.710 Thread 0x0000000139818000 nmethod 8603573 0x000000011cf41dc8 code [0x000000011cf41ec0, 0x000000011cf427e8]
Event: 72095.780 Thread 0x0000000139818000 8603707       4       sun.java2d.pipe.DrawImage::blitSurfaceData (258 bytes)
Event: 72095.809 Thread 0x0000000139818000 nmethod 8603707 0x000000011cf42808 code [0x000000011cf42900, 0x000000011cf454e8]
Event: 76750.872 Thread 0x0000000139818000 9184110       4       jdk.internal.misc.InnocuousThread::eraseThreadLocals (23 bytes)
Event: 76750.873 Thread 0x0000000139818000 nmethod 9184110 0x000000011cf45588 code [0x000000011cf45680, 0x000000011cf457d0]

GC Heap Usage History (20 events):
Event: 103435.731 {heap Before GC invocations=35619 (full 0):
 garbage-first heap   total reserved 6291456K, committed 397312K, used 248516K [0x0000000680000000, 0x0000000800000000)
  region size 4096K, 57 young (233472K), 1 survivors (4096K)
}
Event: 103435.731 {heap After GC invocations=35620 (full 0):
 garbage-first heap   total reserved 6291456K, committed 397312K, used 19150K [0x0000000680000000, 0x0000000800000000)
  region size 4096K, 1 young (4096K), 1 survivors (4096K)
}
Event: 103438.766 {heap Before GC invocations=35620 (full 0):
 garbage-first heap   total reserved 6291456K, committed 397312K, used 248526K [0x0000000680000000, 0x0000000800000000)
  region size 4096K, 57 young (233472K), 1 survivors (4096K)
}
Event: 103438.767 {heap After GC invocations=35621 (full 0):
 garbage-first heap   total reserved 6291456K, committed 397312K, used 19148K [0x0000000680000000, 0x0000000800000000)
  region size 4096K, 1 young (4096K), 1 survivors (4096K)
}
Event: 103441.873 {heap Before GC invocations=35621 (full 0):
 garbage-first heap   total reserved 6291456K, committed 397312K, used 248524K [0x0000000680000000, 0x0000000800000000)
  region size 4096K, 57 young (233472K), 1 survivors (4096K)
}
Event: 103441.873 {heap After GC invocations=35622 (full 0):
 garbage-first heap   total reserved 6291456K, committed 397312K, used 19140K [0x0000000680000000, 0x0000000800000000)
  region size 4096K, 1 young (4096K), 1 survivors (4096K)
}
Event: 103444.979 {heap Before GC invocations=35622 (full 0):
 garbage-first heap   total reserved 6291456K, committed 397312K, used 248516K [0x0000000680000000, 0x0000000800000000)
  region size 4096K, 57 young (233472K), 1 survivors (4096K)
}
Event: 103444.979 {heap After GC invocations=35623 (full 0):
 garbage-first heap   total reserved 6291456K, committed 397312K, used 19148K [0x0000000680000000, 0x0000000800000000)
  region size 4096K, 1 young (4096K), 1 survivors (4096K)
}
Event: 103448.085 {heap Before GC invocations=35623 (full 0):
 garbage-first heap   total reserved 6291456K, committed 397312K, used 248524K [0x0000000680000000, 0x0000000800000000)
  region size 4096K, 57 young (233472K), 1 survivors (4096K)
}
Event: 103448.085 {heap After GC invocations=35624 (full 0):
 garbage-first heap   total reserved 6291456K, committed 397312K, used 19148K [0x0000000680000000, 0x0000000800000000)
  region size 4096K, 1 young (4096K), 1 survivors (4096K)
}
Event: 103451.196 {heap Before GC invocations=35624 (full 0):
 garbage-first heap   total reserved 6291456K, committed 397312K, used 248524K [0x0000000680000000, 0x0000000800000000)
  region size 4096K, 57 young (233472K), 1 survivors (4096K)
}
Event: 103451.196 {heap After GC invocations=35625 (full 0):
 garbage-first heap   total reserved 6291456K, committed 397312K, used 19148K [0x0000000680000000, 0x0000000800000000)
  region size 4096K, 1 young (4096K), 1 survivors (4096K)
}
Event: 103454.317 {heap Before GC invocations=35625 (full 0):
 garbage-first heap   total reserved 6291456K, committed 397312K, used 248524K [0x0000000680000000, 0x0000000800000000)
  region size 4096K, 57 young (233472K), 1 survivors (4096K)
}
Event: 103454.318 {heap After GC invocations=35626 (full 0):
 garbage-first heap   total reserved 6291456K, committed 397312K, used 19146K [0x0000000680000000, 0x0000000800000000)
  region size 4096K, 1 young (4096K), 1 survivors (4096K)
}
Event: 103457.430 {heap Before GC invocations=35626 (full 0):
 garbage-first heap   total reserved 6291456K, committed 397312K, used 248522K [0x0000000680000000, 0x0000000800000000)
  region size 4096K, 57 young (233472K), 1 survivors (4096K)
}
Event: 103457.430 {heap After GC invocations=35627 (full 0):
 garbage-first heap   total reserved 6291456K, committed 397312K, used 19148K [0x0000000680000000, 0x0000000800000000)
  region size 4096K, 1 young (4096K), 1 survivors (4096K)
}
Event: 103460.553 {heap Before GC invocations=35627 (full 0):
 garbage-first heap   total reserved 6291456K, committed 397312K, used 248524K [0x0000000680000000, 0x0000000800000000)
  region size 4096K, 57 young (233472K), 1 survivors (4096K)
}
Event: 103460.554 {heap After GC invocations=35628 (full 0):
 garbage-first heap   total reserved 6291456K, committed 397312K, used 19148K [0x0000000680000000, 0x0000000800000000)
  region size 4096K, 1 young (4096K), 1 survivors (4096K)
}
Event: 103463.665 {heap Before GC invocations=35628 (full 0):
 garbage-first heap   total reserved 6291456K, committed 397312K, used 248524K [0x0000000680000000, 0x0000000800000000)
  region size 4096K, 57 young (233472K), 1 survivors (4096K)
}
Event: 103463.666 {heap After GC invocations=35629 (full 0):
 garbage-first heap   total reserved 6291456K, committed 397312K, used 19150K [0x0000000680000000, 0x0000000800000000)
  region size 4096K, 1 young (4096K), 1 survivors (4096K)
}

Metaspace Usage History (20 events):
Event: 103435.731 {metaspace Before GC invocations=35619 (full 0):
 Metaspace       used 19205K, committed 19520K, reserved 1114112K
  class space    used 1797K, committed 1920K, reserved 1048576K
}
Event: 103435.731 {metaspace After GC invocations=35620 (full 0):
 Metaspace       used 19205K, committed 19520K, reserved 1114112K
  class space    used 1797K, committed 1920K, reserved 1048576K
}
Event: 103438.766 {metaspace Before GC invocations=35620 (full 0):
 Metaspace       used 19205K, committed 19520K, reserved 1114112K
  class space    used 1797K, committed 1920K, reserved 1048576K
}
Event: 103438.767 {metaspace After GC invocations=35621 (full 0):
 Metaspace       used 19205K, committed 19520K, reserved 1114112K
  class space    used 1797K, committed 1920K, reserved 1048576K
}
Event: 103441.873 {metaspace Before GC invocations=35621 (full 0):
 Metaspace       used 19205K, committed 19520K, reserved 1114112K
  class space    used 1797K, committed 1920K, reserved 1048576K
}
Event: 103441.873 {metaspace After GC invocations=35622 (full 0):
 Metaspace       used 19205K, committed 19520K, reserved 1114112K
  class space    used 1797K, committed 1920K, reserved 1048576K
}
Event: 103444.979 {metaspace Before GC invocations=35622 (full 0):
 Metaspace       used 19205K, committed 19520K, reserved 1114112K
  class space    used 1797K, committed 1920K, reserved 1048576K
}
Event: 103444.979 {metaspace After GC invocations=35623 (full 0):
 Metaspace       used 19205K, committed 19520K, reserved 1114112K
  class space    used 1797K, committed 1920K, reserved 1048576K
}
Event: 103448.085 {metaspace Before GC invocations=35623 (full 0):
 Metaspace       used 19205K, committed 19520K, reserved 1114112K
  class space    used 1797K, committed 1920K, reserved 1048576K
}
Event: 103448.086 {metaspace After GC invocations=35624 (full 0):
 Metaspace       used 19205K, committed 19520K, reserved 1114112K
  class space    used 1797K, committed 1920K, reserved 1048576K
}
Event: 103451.196 {metaspace Before GC invocations=35624 (full 0):
 Metaspace       used 19205K, committed 19520K, reserved 1114112K
  class space    used 1797K, committed 1920K, reserved 1048576K
}
Event: 103451.196 {metaspace After GC invocations=35625 (full 0):
 Metaspace       used 19205K, committed 19520K, reserved 1114112K
  class space    used 1797K, committed 1920K, reserved 1048576K
}
Event: 103454.317 {metaspace Before GC invocations=35625 (full 0):
 Metaspace       used 19205K, committed 19520K, reserved 1114112K
  class space    used 1797K, committed 1920K, reserved 1048576K
}
Event: 103454.318 {metaspace After GC invocations=35626 (full 0):
 Metaspace       used 19205K, committed 19520K, reserved 1114112K
  class space    used 1797K, committed 1920K, reserved 1048576K
}
Event: 103457.430 {metaspace Before GC invocations=35626 (full 0):
 Metaspace       used 19205K, committed 19520K, reserved 1114112K
  class space    used 1797K, committed 1920K, reserved 1048576K
}
Event: 103457.430 {metaspace After GC invocations=35627 (full 0):
 Metaspace       used 19205K, committed 19520K, reserved 1114112K
  class space    used 1797K, committed 1920K, reserved 1048576K
}
Event: 103460.553 {metaspace Before GC invocations=35627 (full 0):
 Metaspace       used 19205K, committed 19520K, reserved 1114112K
  class space    used 1797K, committed 1920K, reserved 1048576K
}
Event: 103460.554 {metaspace After GC invocations=35628 (full 0):
 Metaspace       used 19205K, committed 19520K, reserved 1114112K
  class space    used 1797K, committed 1920K, reserved 1048576K
}
Event: 103463.665 {metaspace Before GC invocations=35628 (full 0):
 Metaspace       used 19205K, committed 19520K, reserved 1114112K
  class space    used 1797K, committed 1920K, reserved 1048576K
}
Event: 103463.666 {metaspace After GC invocations=35629 (full 0):
 Metaspace       used 19205K, committed 19520K, reserved 1114112K
  class space    used 1797K, committed 1920K, reserved 1048576K
}

Dll operation events (9 events):
Event: 0.003 Loaded shared library /Library/Java/JavaVirtualMachines/temurin-25.jdk/Contents/Home/lib/libjava.dylib
Event: 0.021 Loaded shared library /Library/Java/JavaVirtualMachines/temurin-25.jdk/Contents/Home/lib/libnio.dylib
Event: 0.021 Loaded shared library /Library/Java/JavaVirtualMachines/temurin-25.jdk/Contents/Home/lib/libjimage.dylib
Event: 0.024 Loaded shared library /Library/Java/JavaVirtualMachines/temurin-25.jdk/Contents/Home/lib/libzip.dylib
Event: 0.032 Loaded shared library /Library/Java/JavaVirtualMachines/temurin-25.jdk/Contents/Home/lib/libawt.dylib
Event: 0.038 Loaded shared library /Library/Java/JavaVirtualMachines/temurin-25.jdk/Contents/Home/lib/libawt_lwawt.dylib
Event: 0.063 Loaded shared library /Library/Java/JavaVirtualMachines/temurin-25.jdk/Contents/Home/lib/libfontmanager.dylib
Event: 0.208 Loaded shared library /Library/Java/JavaVirtualMachines/temurin-25.jdk/Contents/Home/lib/libosxui.dylib
Event: 2517.858 Loaded shared library /Library/Java/JavaVirtualMachines/temurin-25.jdk/Contents/Home/lib/libnet.dylib

Deoptimization events (20 events):
Event: 2917.328 Thread 0x0000000139816200 Uncommon trap: trap_request=0xffffffde fr.pc=0x000000011cedd11c relative=0x000000000000945c
Event: 2917.328 Thread 0x0000000139816200 Uncommon trap: reason=class_check action=maybe_recompile pc=0x000000011cedd11c method=pws.editor.annotation.StateSemanticsAnnotation.paintComponent(Ljava/awt/Graphics;)V @ 1019 c2
Event: 2917.328 Thread 0x0000000139816200 DEOPT PACKING pc=0x000000011cedd11c sp=0x000000016dbce270
Event: 2917.328 Thread 0x0000000139816200 DEOPT UNPACKING pc=0x000000011c5932dc sp=0x000000016dbce090 mode 2
Event: 2917.328 Thread 0x0000000139816200 Uncommon trap: trap_request=0xffffffde fr.pc=0x000000011cee4eb0 relative=0x0000000000001530
Event: 2917.328 Thread 0x0000000139816200 Uncommon trap: reason=class_check action=maybe_recompile pc=0x000000011cee4eb0 method=pws.editor.annotation.StateSemanticsAnnotation.computeStatusIssues(Lpws/PWSState;Lpws/PWSStateMachine;)Ljava/util/List; @ 235 c2
Event: 2917.328 Thread 0x0000000139816200 DEOPT PACKING pc=0x000000011cee4eb0 sp=0x000000016dbce010
Event: 2917.328 Thread 0x0000000139816200 DEOPT UNPACKING pc=0x000000011c5932dc sp=0x000000016dbcdf60 mode 2
Event: 2917.330 Thread 0x0000000139816200 Uncommon trap: trap_request=0xffffffde fr.pc=0x000000011cedd11c relative=0x000000000000945c
Event: 2917.330 Thread 0x0000000139816200 Uncommon trap: reason=class_check action=maybe_recompile pc=0x000000011cedd11c method=pws.editor.annotation.StateSemanticsAnnotation.paintComponent(Ljava/awt/Graphics;)V @ 1019 c2
Event: 2917.330 Thread 0x0000000139816200 DEOPT PACKING pc=0x000000011cedd11c sp=0x000000016dbce270
Event: 2917.330 Thread 0x0000000139816200 DEOPT UNPACKING pc=0x000000011c5932dc sp=0x000000016dbce090 mode 2
Event: 2917.333 Thread 0x0000000139816200 Uncommon trap: trap_request=0xffffffde fr.pc=0x000000011cedd11c relative=0x000000000000945c
Event: 2917.333 Thread 0x0000000139816200 Uncommon trap: reason=class_check action=maybe_recompile pc=0x000000011cedd11c method=pws.editor.annotation.StateSemanticsAnnotation.paintComponent(Ljava/awt/Graphics;)V @ 1019 c2
Event: 2917.333 Thread 0x0000000139816200 DEOPT PACKING pc=0x000000011cedd11c sp=0x000000016dbce270
Event: 2917.333 Thread 0x0000000139816200 DEOPT UNPACKING pc=0x000000011c5932dc sp=0x000000016dbce090 mode 2
Event: 72094.514 Thread 0x0000000139816200 Uncommon trap: trap_request=0xffffff45 fr.pc=0x000000011cc31cf8 relative=0x0000000000001cb8
Event: 72094.515 Thread 0x0000000139816200 Uncommon trap: reason=unstable_if action=reinterpret pc=0x000000011cc31cf8 method=jdk.internal.misc.Unsafe.getAndBitwiseAndInt(Ljava/lang/Object;JI)I @ 21 c2
Event: 72094.515 Thread 0x0000000139816200 DEOPT PACKING pc=0x000000011cc31cf8 sp=0x000000016dbce1c0
Event: 72094.515 Thread 0x0000000139816200 DEOPT UNPACKING pc=0x000000011c5932dc sp=0x000000016dbcdc10 mode 2

Classes loaded (20 events):
Event: 2517.865 Loading class java/lang/FdLibm$Atan
Event: 2517.865 Loading class java/lang/FdLibm$Atan done
Event: 2526.118 Loading class java/awt/geom/FlatteningPathIterator
Event: 2526.118 Loading class java/awt/geom/FlatteningPathIterator done
Event: 2570.309 Loading class com/apple/laf/AquaImageFactory$2
Event: 2570.309 Loading class com/apple/laf/AquaImageFactory$2 done
Event: 2639.790 Loading class java/awt/Polygon
Event: 2639.790 Loading class java/awt/Polygon done
Event: 2778.066 Loading class sun/font/CStrike$GlyphAdvanceCache$SparseBitShiftingTwoLayerArray
Event: 2778.066 Loading class sun/font/CStrike$GlyphAdvanceCache$SparseBitShiftingTwoLayerArray done
Event: 2830.625 Loading class java/util/IdentityHashMap$EntrySet
Event: 2830.625 Loading class java/util/IdentityHashMap$EntrySet done
Event: 2830.625 Loading class java/util/IdentityHashMap$EntryIterator
Event: 2830.626 Loading class java/util/IdentityHashMap$EntryIterator done
Event: 2830.626 Loading class java/util/IdentityHashMap$EntryIterator$Entry
Event: 2830.626 Loading class java/util/IdentityHashMap$EntryIterator$Entry done
Event: 2841.707 Loading class java/util/ArrayList$SubList$1
Event: 2841.707 Loading class java/util/ArrayList$SubList$1 done
Event: 2876.124 Loading class sun/font/CStrike$GlyphInfoCache$SparseBitShiftingTwoLayerArray
Event: 2876.124 Loading class sun/font/CStrike$GlyphInfoCache$SparseBitShiftingTwoLayerArray done

Classes unloaded (0 events):
No events

Classes redefined (0 events):
No events

Internal exceptions (20 events):
Event: 0.288 Thread 0x0000000139816200 Exception <a 'java/lang/NoSuchMethodError'{0x0000000697242d68}: 'java.lang.Object java.lang.invoke.Invokers$Holder.linkToTargetMethod(int, int, int, int, java.lang.Object)'> (0x0000000697242d68) 
thrown [src/hotspot/share/interpreter/linkResolver.cpp, line 804]
Event: 0.294 Thread 0x0000000138841a00 Exception <a 'java/lang/NoSuchMethodError'{0x0000000697956b38}: 'void java.lang.invoke.DirectMethodHandle$Holder.invokeSpecial(java.lang.Object, java.lang.Object, long)'> (0x0000000697956b38) 
thrown [src/hotspot/share/interpreter/linkResolver.cpp, line 804]
Event: 0.332 Thread 0x0000000138841a00 Exception <a 'java/lang/NoSuchMethodError'{0x000000069797eef8}: 'void java.lang.invoke.DirectMethodHandle$Holder.invokeStatic(java.lang.Object, long)'> (0x000000069797eef8) 
thrown [src/hotspot/share/interpreter/linkResolver.cpp, line 804]
Event: 0.343 Thread 0x0000000139816200 Exception <a 'java/lang/NoSuchMethodError'{0x000000069729c0c0}: 'java.lang.Object java.lang.invoke.DirectMethodHandle$Holder.newInvokeSpecial(java.lang.Object, int, java.lang.Object)'> (0x000000069729c0c0) 
thrown [src/hotspot/share/interpreter/linkResolver.cpp, line 804]
Event: 0.691 Thread 0x0000000139816200 Exception <a 'java/lang/NoSuchMethodError'{0x0000000696ca1768}: 'void java.lang.invoke.DirectMethodHandle$Holder.invokeStatic(java.lang.Object, long, long)'> (0x0000000696ca1768) 
thrown [src/hotspot/share/interpreter/linkResolver.cpp, line 804]
Event: 0.691 Thread 0x0000000139816200 Exception <a 'java/lang/NoSuchMethodError'{0x0000000696cb0600}: 'java.lang.Object java.lang.invoke.DirectMethodHandle$Holder.newInvokeSpecial(java.lang.Object, long)'> (0x0000000696cb0600) 
thrown [src/hotspot/share/interpreter/linkResolver.cpp, line 804]
Event: 46.870 Thread 0x0000000139816200 Exception <a 'java/lang/NoSuchMethodError'{0x0000000696f58c48}: 'java.lang.Object java.lang.invoke.DirectMethodHandle$Holder.newInvokeSpecial(java.lang.Object, float)'> (0x0000000696f58c48) 
thrown [src/hotspot/share/interpreter/linkResolver.cpp, line 804]
Event: 55.561 Thread 0x0000000139816200 Exception <a 'java/lang/NoSuchMethodError'{0x0000000696a812b8}: 'void java.lang.invoke.DirectMethodHandle$Holder.invokeStatic(java.lang.Object, java.lang.Object, java.lang.Object)'> (0x0000000696a812b8) 
thrown [src/hotspot/share/interpreter/linkResolver.cpp, line 804]
Event: 55.605 Thread 0x0000000139816200 Exception <a 'java/lang/NullPointerException'{0x0000000696b450b0}> (0x0000000696b450b0) 
thrown [src/hotspot/share/prims/jni.cpp, line 534]
Event: 55.641 Thread 0x0000000139816200 Exception <a 'java/lang/NoSuchMethodError'{0x0000000696b77ad0}: 'int java.lang.invoke.DirectMethodHandle$Holder.invokeStatic(java.lang.Object)'> (0x0000000696b77ad0) 
thrown [src/hotspot/share/interpreter/linkResolver.cpp, line 804]
Event: 137.833 Thread 0x0000000139816200 Implicit null exception at 0x000000011cb63c64 to 0x000000011cb63d84
Event: 170.475 Thread 0x0000000139816200 Implicit null exception at 0x000000011cb4714c to 0x000000011cb47570
Event: 170.475 Thread 0x0000000139816200 Implicit null exception at 0x000000011cb528c8 to 0x000000011cb53a80
Event: 186.937 Thread 0x0000000139816200 Exception <a 'java/lang/NoSuchMethodError'{0x000000068cbeaf48}: 'int java.lang.invoke.DelegatingMethodHandle$Holder.reinvoke_L(java.lang.Object, java.lang.Object, java.lang.Object, long)'> (0x000000068cbeaf48) 
thrown [src/hotspot/share/interpreter/linkResolver.cpp, line 804]
Event: 186.940 Thread 0x0000000139816200 Exception <a 'java/lang/NoSuchMethodError'{0x000000068c403860}: 'java.lang.Object java.lang.invoke.DirectMethodHandle$Holder.invokeStatic(java.lang.Object, java.lang.Object, java.lang.Object, java.lang.Object, long)'> (0x000000068c403860) 
thrown [src/hotspot/share/interpreter/linkResolver.cpp, line 804]
Event: 2503.737 Thread 0x0000000139816200 Exception <a 'java/lang/NoSuchMethodError'{0x000000069330dec8}: 'void java.lang.invoke.DirectMethodHandle$Holder.invokeSpecial(java.lang.Object, java.lang.Object, java.lang.Object, java.lang.Object, java.lang.Object)'> (0x000000069330dec8) 
thrown [src/hotspot/share/interpreter/linkResolver.cpp, line 804]
Event: 2672.315 Thread 0x0000000138841a00 Implicit null exception at 0x000000011ccfb230 to 0x000000011ccfcf60
Event: 2778.057 Thread 0x0000000139816200 Exception <a 'java/lang/NoSuchMethodError'{0x000000068ff1d250}: 'int java.lang.invoke.DirectMethodHandle$Holder.invokeStatic(java.lang.Object, java.lang.Object, java.lang.Object, java.lang.Object)'> (0x000000068ff1d250) 
thrown [src/hotspot/share/interpreter/linkResolver.cpp, line 804]
Event: 2881.495 Thread 0x0000000139816200 Implicit null exception at 0x000000011cde7044 to 0x000000011cde7be8
Event: 2881.496 Thread 0x0000000139816200 Implicit null exception at 0x000000011cdc368c to 0x000000011cdc46b4

VM Operations (20 events):
Event: 103435.731 Executing safepoint VM operation: G1CollectForAllocation (G1 Evacuation Pause)
Event: 103435.731 Executing safepoint VM operation: G1CollectForAllocation (G1 Evacuation Pause) done
Event: 103438.766 Executing safepoint VM operation: G1CollectForAllocation (G1 Evacuation Pause)
Event: 103438.767 Executing safepoint VM operation: G1CollectForAllocation (G1 Evacuation Pause) done
Event: 103441.873 Executing safepoint VM operation: G1CollectForAllocation (G1 Evacuation Pause)
Event: 103441.873 Executing safepoint VM operation: G1CollectForAllocation (G1 Evacuation Pause) done
Event: 103444.979 Executing safepoint VM operation: G1CollectForAllocation (G1 Evacuation Pause)
Event: 103444.979 Executing safepoint VM operation: G1CollectForAllocation (G1 Evacuation Pause) done
Event: 103448.085 Executing safepoint VM operation: G1CollectForAllocation (G1 Evacuation Pause)
Event: 103448.086 Executing safepoint VM operation: G1CollectForAllocation (G1 Evacuation Pause) done
Event: 103451.196 Executing safepoint VM operation: G1CollectForAllocation (G1 Evacuation Pause)
Event: 103451.196 Executing safepoint VM operation: G1CollectForAllocation (G1 Evacuation Pause) done
Event: 103454.317 Executing safepoint VM operation: G1CollectForAllocation (G1 Evacuation Pause)
Event: 103454.318 Executing safepoint VM operation: G1CollectForAllocation (G1 Evacuation Pause) done
Event: 103457.430 Executing safepoint VM operation: G1CollectForAllocation (G1 Evacuation Pause)
Event: 103457.430 Executing safepoint VM operation: G1CollectForAllocation (G1 Evacuation Pause) done
Event: 103460.553 Executing safepoint VM operation: G1CollectForAllocation (G1 Evacuation Pause)
Event: 103460.554 Executing safepoint VM operation: G1CollectForAllocation (G1 Evacuation Pause) done
Event: 103463.665 Executing safepoint VM operation: G1CollectForAllocation (G1 Evacuation Pause)
Event: 103463.666 Executing safepoint VM operation: G1CollectForAllocation (G1 Evacuation Pause) done

Memory protections (20 events):
Event: 170.403 Protecting memory [0x0000000170330000,0x000000017033c000] with protection modes 0
Event: 170.480 Protecting memory [0x0000000170fe8000,0x0000000170ff4000] with protection modes 0
Event: 170.939 Protecting memory [0x0000000170fe8000,0x0000000170ff4000] with protection modes 3
Event: 182.090 Protecting memory [0x0000000173448000,0x0000000173454000] with protection modes 0
Event: 182.387 Protecting memory [0x0000000173448000,0x0000000173454000] with protection modes 3
Event: 185.814 Protecting memory [0x0000000170fbc000,0x0000000170fc8000] with protection modes 0
Event: 186.163 Protecting memory [0x0000000170fbc000,0x0000000170fc8000] with protection modes 3
Event: 186.872 Protecting memory [0x0000000170904000,0x0000000170910000] with protection modes 0
Event: 193.181 Protecting memory [0x0000000175c68000,0x0000000175c74000] with protection modes 0
Event: 217.802 Protecting memory [0x0000000171270000,0x000000017127c000] with protection modes 0
Event: 219.642 Protecting memory [0x0000000170df8000,0x0000000170e04000] with protection modes 0
Event: 224.651 Protecting memory [0x0000000170df8000,0x0000000170e04000] with protection modes 3
Event: 230.454 Protecting memory [0x00000001765f4000,0x0000000176600000] with protection modes 0
Event: 233.567 Protecting memory [0x000000017147c000,0x0000000171488000] with protection modes 0
Event: 240.986 Protecting memory [0x0000000170b10000,0x0000000170b1c000] with protection modes 0
Event: 2517.865 Protecting memory [0x0000000171708000,0x0000000171714000] with protection modes 0
Event: 2778.112 Protecting memory [0x0000000176904000,0x0000000176910000] with protection modes 0
Event: 2780.243 Protecting memory [0x0000000176904000,0x0000000176910000] with protection modes 3
Event: 2917.493 Protecting memory [0x000000033807c000,0x0000000338088000] with protection modes 0
Event: 2917.755 Protecting memory [0x000000033807c000,0x0000000338088000] with protection modes 3

Nmethod flushes (0 events):
No events

Events (20 events):
Event: 170.403 Thread 0x0000000139816200 Thread added: 0x00000001399c1e00
Event: 170.480 Thread 0x0000000139818a00 Thread added: 0x00000003a5b18800
Event: 170.939 Thread 0x00000003a5b18800 Thread exited: 0x00000003a5b18800
Event: 182.090 Thread 0x0000000139818a00 Thread added: 0x00000003a5a6dc00
Event: 182.387 Thread 0x00000003a5a6dc00 Thread exited: 0x00000003a5a6dc00
Event: 185.814 Thread 0x0000000139818a00 Thread added: 0x00000003a5ac0600
Event: 186.163 Thread 0x00000003a5ac0600 Thread exited: 0x00000003a5ac0600
Event: 186.872 Thread 0x0000000139816200 Thread added: 0x000000013a430000
Event: 193.181 Thread 0x0000000139816200 Thread added: 0x00000003a5ad2e00
Event: 217.802 Thread 0x0000000139816200 Thread added: 0x000000013a5ca800
Event: 219.642 Thread 0x0000000139818a00 Thread added: 0x0000000138f2e800
Event: 224.651 Thread 0x0000000138f2e800 Thread exited: 0x0000000138f2e800
Event: 230.454 Thread 0x0000000139816200 Thread added: 0x000000012d09ce00
Event: 233.567 Thread 0x0000000139816200 Thread added: 0x000000013999b200
Event: 240.986 Thread 0x0000000139816200 Thread added: 0x00000003a5e5f200
Event: 2517.865 Thread 0x0000000139816200 Thread added: 0x00000003bc476a00
Event: 2778.112 Thread 0x0000000139818000 Thread added: 0x00000003bca28600
Event: 2780.243 Thread 0x00000003bca28600 Thread exited: 0x00000003bca28600
Event: 2917.493 Thread 0x0000000139818a00 Thread added: 0x0000000138cda000
Event: 2917.755 Thread 0x0000000138cda000 Thread exited: 0x0000000138cda000


Dynamic libraries:
0x0000000104c94000 	/Library/Java/JavaVirtualMachines/temurin-25.jdk/Contents/Home/lib/libjli.dylib
0x00000001a7096000 	/System/Library/Frameworks/ApplicationServices.framework/Versions/A/ApplicationServices
0x00000001937ae000 	/System/Library/Frameworks/CoreGraphics.framework/Versions/A/CoreGraphics
0x000000018fd2d000 	/System/Library/Frameworks/CoreText.framework/Versions/A/CoreText
0x0000000199076000 	/System/Library/Frameworks/ImageIO.framework/Versions/A/ImageIO
0x0000000193edf000 	/System/Library/Frameworks/ColorSync.framework/Versions/A/ColorSync
0x000000019f2d9000 	/System/Library/Frameworks/ApplicationServices.framework/Versions/A/Frameworks/ATS.framework/Versions/A/ATS
0x00000001a2ed4000 	/System/Library/Frameworks/CoreServices.framework/Versions/A/CoreServices
0x0000000194095000 	/System/Library/Frameworks/ApplicationServices.framework/Versions/A/Frameworks/HIServices.framework/Versions/A/HIServices
0x000000019db92000 	/System/Library/Frameworks/ApplicationServices.framework/Versions/A/Frameworks/PrintCore.framework/Versions/A/PrintCore
0x000000019f696000 	/System/Library/Frameworks/ApplicationServices.framework/Versions/A/Frameworks/QD.framework/Versions/A/QD
0x000000019f68d000 	/System/Library/Frameworks/ApplicationServices.framework/Versions/A/Frameworks/ColorSyncLegacy.framework/Versions/A/ColorSyncLegacy
0x000000019f2ab000 	/System/Library/Frameworks/ApplicationServices.framework/Versions/A/Frameworks/SpeechSynthesis.framework/Versions/A/SpeechSynthesis
0x000000019b4b0000 	/usr/lib/libSystem.B.dylib
0x0000000193287000 	/System/Library/PrivateFrameworks/SkyLight.framework/Versions/A/SkyLight
0x000000019496a000 	/System/Library/PrivateFrameworks/ProtocolBuffer.framework/Versions/A/ProtocolBuffer
0x000000019b4b5000 	/System/Library/PrivateFrameworks/SoftLinking.framework/Versions/A/SoftLinking
0x0000000190a84000 	/usr/lib/libicucore.A.dylib
0x0000000195e5d000 	/System/Library/PrivateFrameworks/CoreAnalytics.framework/Versions/A/CoreAnalytics
0x0000000198a46000 	/System/Library/PrivateFrameworks/FontServices.framework/libFontParser.dylib
0x00000001a3180000 	/System/Library/Frameworks/Accelerate.framework/Versions/A/Accelerate
0x000000019862c000 	/System/Library/Frameworks/IOSurface.framework/Versions/A/IOSurface
0x0000000196b04000 	/usr/lib/libxml2.2.dylib
0x0000000192deb000 	/System/Library/Frameworks/CFNetwork.framework/Versions/A/CFNetwork
0x000000018d2be000 	/System/Library/Frameworks/CoreFoundation.framework/Versions/A/CoreFoundation
0x000000018e8af000 	/System/Library/Frameworks/Foundation.framework/Versions/C/Foundation
0x000000019b3fa000 	/usr/lib/libz.1.dylib
0x000000018ce54000 	/usr/lib/libobjc.A.dylib
0x000000018d162000 	/usr/lib/libc++.1.dylib
0x000000019067f000 	/System/Library/Frameworks/Security.framework/Versions/A/Security
0x000000023b292000 	/System/Library/PrivateFrameworks/CollectionsInternal.framework/Versions/A/CollectionsInternal
0x000000019ea1e000 	/usr/lib/swift/libswiftCore.dylib
0x00000001b61c3000 	/usr/lib/swift/libswiftCoreFoundation.dylib
0x00000001b352c000 	/usr/lib/swift/libswiftDarwin.dylib
0x00000001a49cd000 	/usr/lib/swift/libswiftDispatch.dylib
0x00000001b621e000 	/usr/lib/swift/libswiftIOKit.dylib
0x00000001a7650000 	/usr/lib/swift/libswiftObjectiveC.dylib
0x00000001b61d5000 	/usr/lib/swift/libswiftXPC.dylib
0x00000002759ae000 	/usr/lib/swift/libswift_Builtin_float.dylib
0x0000000275ba3000 	/usr/lib/swift/libswift_errno.dylib
0x0000000275ba5000 	/usr/lib/swift/libswift_math.dylib
0x0000000275ba8000 	/usr/lib/swift/libswift_signal.dylib
0x0000000275ba9000 	/usr/lib/swift/libswift_stdio.dylib
0x0000000275baa000 	/usr/lib/swift/libswift_time.dylib
0x0000000275bab000 	/usr/lib/swift/libswiftsys_time.dylib
0x0000000275bac000 	/usr/lib/swift/libswiftunistd.dylib
0x0000000194cbb000 	/System/Library/PrivateFrameworks/RunningBoardServices.framework/Versions/A/RunningBoardServices
0x00000001931d2000 	/usr/lib/libMobileGestalt.dylib
0x0000000193264000 	/System/Library/PrivateFrameworks/TCC.framework/Versions/A/TCC
0x00000001aa37e000 	/System/Library/PrivateFrameworks/IOSurfaceAccelerator.framework/Versions/A/IOSurfaceAccelerator
0x000000019d546000 	/System/Library/PrivateFrameworks/WatchdogClient.framework/Versions/A/WatchdogClient
0x000000019b6de000 	/usr/lib/libcompression.dylib
0x0000000195e8e000 	/usr/lib/libDiagnosticMessagesClient.dylib
0x000000018e512000 	/System/Library/Frameworks/SystemConfiguration.framework/Versions/A/SystemConfiguration
0x000000018f854000 	/System/Library/Frameworks/CoreDisplay.framework/Versions/A/CoreDisplay
0x000000019a570000 	/System/Library/PrivateFrameworks/IOMobileFramebuffer.framework/Versions/A/IOMobileFramebuffer
0x00000001988ea000 	/System/Library/Frameworks/CoreMedia.framework/Versions/A/CoreMedia
0x0000000198645000 	/System/Library/PrivateFrameworks/IOAccelerator.framework/Versions/A/IOAccelerator
0x00000001910cf000 	/System/Library/Frameworks/IOKit.framework/Versions/A/IOKit
0x000000019864f000 	/System/Library/Frameworks/Metal.framework/Versions/A/Metal
0x0000000196bee000 	/System/Library/Frameworks/CoreVideo.framework/Versions/A/CoreVideo
0x000000019b6d6000 	/System/Library/Frameworks/MetalPerformanceShaders.framework/Versions/A/MetalPerformanceShaders
0x000000019d548000 	/System/Library/PrivateFrameworks/MultitouchSupport.framework/Versions/A/MultitouchSupport
0x0000000196396000 	/System/Library/Frameworks/QuartzCore.framework/Versions/A/QuartzCore
0x000000019a89c000 	/usr/lib/libbsm.0.dylib
0x000000025a47f000 	/System/Library/PrivateFrameworks/ProDisplayLibrary.framework/Versions/A/ProDisplayLibrary
0x000000019d58e000 	/System/Library/Frameworks/VideoToolbox.framework/Versions/A/VideoToolbox
0x00000001c2d8e000 	/usr/lib/swift/libswiftMetal.dylib
0x00000001d1d34000 	/usr/lib/swift/libswiftOSLog.dylib
0x00000001c8130000 	/usr/lib/swift/libswiftQuartzCore.dylib
0x00000001cc78c000 	/usr/lib/swift/libswiftUniformTypeIdentifiers.dylib
0x00000001a7654000 	/usr/lib/swift/libswiftos.dylib
0x00000001b9a77000 	/usr/lib/swift/libswiftsimd.dylib
0x0000000196c8f000 	/System/Library/PrivateFrameworks/UserManagement.framework/Versions/A/UserManagement
0x0000000194bd6000 	/System/Library/PrivateFrameworks/BaseBoard.framework/Versions/A/BaseBoard
0x0000000196a7e000 	/System/Library/Frameworks/CoreServices.framework/Versions/A/Frameworks/FSEvents.framework/Versions/A/FSEvents
0x0000000190d5b000 	/System/Library/Frameworks/CoreServices.framework/Versions/A/Frameworks/CarbonCore.framework/Versions/A/CarbonCore
0x0000000195ef1000 	/System/Library/Frameworks/CoreServices.framework/Versions/A/Frameworks/Metadata.framework/Versions/A/Metadata
0x000000019af92000 	/System/Library/Frameworks/CoreServices.framework/Versions/A/Frameworks/OSServices.framework/Versions/A/OSServices
0x000000019b5ff000 	/System/Library/Frameworks/CoreServices.framework/Versions/A/Frameworks/SearchKit.framework/Versions/A/SearchKit
0x0000000194d24000 	/System/Library/Frameworks/CoreServices.framework/Versions/A/Frameworks/AE.framework/Versions/A/AE
0x000000018d7fd000 	/System/Library/Frameworks/CoreServices.framework/Versions/A/Frameworks/LaunchServices.framework/Versions/A/LaunchServices
0x000000019ca16000 	/System/Library/Frameworks/CoreServices.framework/Versions/A/Frameworks/DictionaryServices.framework/Versions/A/DictionaryServices
0x0000000196a8c000 	/System/Library/Frameworks/CoreServices.framework/Versions/A/Frameworks/SharedFileList.framework/Versions/A/SharedFileList
0x000000019b695000 	/usr/lib/libapple_nghttp2.dylib
0x0000000194985000 	/usr/lib/libsqlite3.dylib
0x000000019f6cc000 	/System/Library/Frameworks/GSS.framework/Versions/A/GSS
0x000000019dca9000 	/System/Library/PrivateFrameworks/InternationalSupport.framework/Versions/A/InternationalSupport
0x00000001931d0000 	/usr/lib/libenergytrace.dylib
0x0000000194db3000 	/System/Library/Frameworks/Network.framework/Versions/A/Network
0x000000019104e000 	/System/Library/PrivateFrameworks/CoreServicesInternal.framework/Versions/A/CoreServicesInternal
0x000000019b47d000 	/usr/lib/liboah.dylib
0x000000019b4b2000 	/usr/lib/libfakelink.dylib
0x000000018d1ef000 	/usr/lib/libc++abi.dylib
0x00000002748b8000 	/usr/lib/libRosetta.dylib
0x0000000196aba000 	/System/Library/PrivateFrameworks/CoreAutoLayout.framework/Versions/A/CoreAutoLayout
0x0000000195f7c000 	/System/Library/Frameworks/DiskArbitration.framework/Versions/A/DiskArbitration
0x000000019b507000 	/usr/lib/libarchive.2.dylib
0x0000000199878000 	/usr/lib/liblangid.dylib
0x00000001a0dcf000 	/System/Library/Frameworks/Combine.framework/Versions/A/Combine
0x000000025b141000 	/System/Library/PrivateFrameworks/ReflectionInternal.framework/Versions/A/ReflectionInternal
0x000000025be18000 	/System/Library/PrivateFrameworks/RuntimeInternal.framework/Versions/A/RuntimeInternal
0x000000027593f000 	/usr/lib/swift/libswiftSystem.dylib
0x00000002759b1000 	/usr/lib/swift/libswift_Concurrency.dylib
0x0000000275b10000 	/usr/lib/swift/libswift_StringProcessing.dylib
0x000000019b4aa000 	/usr/lib/system/libcache.dylib
0x000000019b465000 	/usr/lib/system/libcommonCrypto.dylib
0x000000019b490000 	/usr/lib/system/libcompiler_rt.dylib
0x000000019b485000 	/usr/lib/system/libcopyfile.dylib
0x000000018cfaf000 	/usr/lib/system/libcorecrypto.dylib
0x000000018d096000 	/usr/lib/system/libdispatch.dylib
0x000000018d256000 	/usr/lib/system/libdyld.dylib
0x000000019b4a0000 	/usr/lib/system/libkeymgr.dylib
0x000000019b448000 	/usr/lib/system/libmacho.dylib
0x000000019a875000 	/usr/lib/system/libquarantine.dylib
0x000000019b49d000 	/usr/lib/system/libremovefile.dylib
0x000000019324c000 	/usr/lib/system/libsystem_asl.dylib
0x000000018cf44000 	/usr/lib/system/libsystem_blocks.dylib
0x000000018d0e0000 	/usr/lib/system/libsystem_c.dylib
0x000000019b494000 	/usr/lib/system/libsystem_collections.dylib
0x0000000199865000 	/usr/lib/system/libsystem_configuration.dylib
0x00000001985fb000 	/usr/lib/system/libsystem_containermanager.dylib
0x000000019af8b000 	/usr/lib/system/libsystem_coreservices.dylib
0x0000000190d50000 	/usr/lib/system/libsystem_darwin.dylib
0x0000000275ce3000 	/usr/lib/system/libsystem_darwindirectory.dylib
0x000000019b4a1000 	/usr/lib/system/libsystem_dnssd.dylib
0x0000000275ce7000 	/usr/lib/system/libsystem_eligibility.dylib
0x000000018d0dd000 	/usr/lib/system/libsystem_featureflags.dylib
0x000000018d28e000 	/usr/lib/system/libsystem_info.dylib
0x000000019b409000 	/usr/lib/system/libsystem_m.dylib
0x000000018d04e000 	/usr/lib/system/libsystem_malloc.dylib
0x00000001931b5000 	/usr/lib/system/libsystem_networkextension.dylib
0x00000001911b2000 	/usr/lib/system/libsystem_notify.dylib
0x000000019986a000 	/usr/lib/system/libsystem_sandbox.dylib
0x0000000275cef000 	/usr/lib/system/libsystem_sanitizers.dylib
0x000000019b499000 	/usr/lib/system/libsystem_secinit.dylib
0x000000018d20d000 	/usr/lib/system/libsystem_kernel.dylib
0x000000018d286000 	/usr/lib/system/libsystem_platform.dylib
0x000000018d249000 	/usr/lib/system/libsystem_pthread.dylib
0x0000000194daa000 	/usr/lib/system/libsystem_symptoms.dylib
0x000000018cf93000 	/usr/lib/system/libsystem_trace.dylib
0x000000019b473000 	/usr/lib/system/libunwind.dylib
0x000000018cf48000 	/usr/lib/system/libxpc.dylib
0x000000019a83b000 	/System/Library/PrivateFrameworks/BackgroundTaskManagement.framework/Versions/A/BackgroundTaskManagement
0x00000002370f9000 	/System/Library/PrivateFrameworks/AppleKeyStore.framework/Versions/A/AppleKeyStore
0x0000000274710000 	/usr/lib/libCoreEntitlements.dylib
0x00000002520e6000 	/System/Library/PrivateFrameworks/MessageSecurity.framework/Versions/A/MessageSecurity
0x000000019af72000 	/System/Library/PrivateFrameworks/AppleFSCompression.framework/Versions/A/AppleFSCompression
0x000000019a884000 	/usr/lib/libcoretls.dylib
0x000000019ca8c000 	/usr/lib/libcoretls_cfhelpers.dylib
0x000000019b6d8000 	/usr/lib/libpam.2.dylib
0x000000019cb00000 	/usr/lib/libxar.1.dylib
0x000000019ca8e000 	/System/Library/PrivateFrameworks/APFS.framework/Versions/A/APFS
0x00000002653a6000 	/System/Library/PrivateFrameworks/SwiftASN1Internal.framework/Versions/A/SwiftASN1Internal
0x000000019cb0f000 	/usr/lib/libutil.dylib
0x000000019b44c000 	/usr/lib/system/libkxld.dylib
0x0000000199873000 	/System/Library/PrivateFrameworks/AppleSystemInfo.framework/Versions/A/AppleSystemInfo
0x00000001b60ae000 	/System/Library/PrivateFrameworks/LoggingSupport.framework/Versions/A/LoggingSupport
0x00000001a3e8e000 	/System/Library/PrivateFrameworks/PowerLog.framework/Versions/A/PowerLog
0x00000001f3c3b000 	/System/Library/Frameworks/SwiftData.framework/Versions/A/SwiftData
0x0000000192862000 	/System/Library/Frameworks/UniformTypeIdentifiers.framework/Versions/A/UniformTypeIdentifiers
0x0000000192d19000 	/usr/lib/libboringssl.dylib
0x0000000194d99000 	/usr/lib/libdns_services.dylib
0x00000001b525d000 	/usr/lib/libquic.dylib
0x000000019e9ad000 	/usr/lib/libusrtcp.dylib
0x00000001d9baa000 	/System/Library/PrivateFrameworks/InternalSwiftProtobuf.framework/Versions/A/InternalSwiftProtobuf
0x000000027589c000 	/usr/lib/swift/libswiftDistributed.dylib
0x00000002758c8000 	/usr/lib/swift/libswiftObservation.dylib
0x0000000275935000 	/usr/lib/swift/libswiftSynchronization.dylib
0x0000000192dea000 	/usr/lib/libnetwork.dylib
0x00000001c6d64000 	/System/Library/PrivateFrameworks/OSAnalytics.framework/Versions/A/OSAnalytics
0x000000019b670000 	/System/Library/PrivateFrameworks/AppleSauce.framework/Versions/A/AppleSauce
0x00000001a5163000 	/System/Library/PrivateFrameworks/CoreSymbolication.framework/Versions/A/CoreSymbolication
0x00000001d5873000 	/System/Library/PrivateFrameworks/Symbolication.framework/Versions/A/Symbolication
0x00000001a513f000 	/System/Library/PrivateFrameworks/DebugSymbols.framework/Versions/A/DebugSymbols
0x00000002745db000 	/usr/lib/libAppleArchive.dylib
0x000000019af7e000 	/usr/lib/libbz2.1.0.dylib
0x000000019ca6d000 	/usr/lib/liblzma.5.dylib
0x00000001b6137000 	/System/Library/PrivateFrameworks/MallocStackLogging.framework/Versions/A/MallocStackLogging
0x000000019cc5b000 	/System/Library/PrivateFrameworks/CrashReporterSupport.framework/Versions/A/CrashReporterSupport
0x000000018e309000 	/System/Library/PrivateFrameworks/Lexicon.framework/Versions/A/Lexicon
0x000000024a425000 	/System/Library/PrivateFrameworks/IO80211.framework/Versions/A/IO80211
0x00000001a4c65000 	/System/Library/PrivateFrameworks/FrontBoardServices.framework/Versions/A/FrontBoardServices
0x000000019a7ac000 	/System/Library/Frameworks/SecurityFoundation.framework/Versions/A/SecurityFoundation
0x000000019a90e000 	/usr/lib/libgermantok.dylib
0x0000000199997000 	/System/Library/PrivateFrameworks/LinguisticData.framework/Versions/A/LinguisticData
0x00000001a4d32000 	/System/Library/PrivateFrameworks/BoardServices.framework/Versions/A/BoardServices
0x000000019a79d000 	/System/Library/PrivateFrameworks/AssertionServices.framework/Versions/A/AssertionServices
0x00000001a6983000 	/System/Library/PrivateFrameworks/BackBoardServices.framework/Versions/A/BackBoardServices
0x000000019d40f000 	/System/Library/PrivateFrameworks/AppleJPEG.framework/Versions/A/AppleJPEG
0x000000019ceb0000 	/usr/lib/libexpat.1.dylib
0x000000019da69000 	/System/Library/Frameworks/ImageIO.framework/Versions/A/Resources/libPng.dylib
0x000000019da93000 	/System/Library/Frameworks/ImageIO.framework/Versions/A/Resources/libTIFF.dylib
0x000000019db7d000 	/System/Library/Frameworks/ImageIO.framework/Versions/A/Resources/libGIF.dylib
0x000000019d455000 	/System/Library/Frameworks/ImageIO.framework/Versions/A/Resources/libJP2.dylib
0x000000019cbc1000 	/usr/lib/libate.dylib
0x000000019db24000 	/System/Library/Frameworks/ImageIO.framework/Versions/A/Resources/libJPEG.dylib
0x000000019db1b000 	/System/Library/Frameworks/ImageIO.framework/Versions/A/Resources/libRadiance.dylib
0x0000000195f86000 	/System/Library/Frameworks/Accelerate.framework/Versions/A/Frameworks/vImage.framework/Versions/A/vImage
0x00000001a2eaf000 	/System/Library/Frameworks/Accelerate.framework/Versions/A/Frameworks/vecLib.framework/Versions/A/vecLib
0x000000019cb47000 	/System/Library/Frameworks/Accelerate.framework/Versions/A/Frameworks/vecLib.framework/Versions/A/libvMisc.dylib
0x000000018dc75000 	/System/Library/Frameworks/Accelerate.framework/Versions/A/Frameworks/vecLib.framework/Versions/A/libBLAS.dylib
0x00000001ed737000 	/System/Library/Frameworks/OpenGL.framework/Versions/A/OpenGL
0x00000002461b9000 	/System/Library/PrivateFrameworks/GPUCompiler.framework/Versions/32023/Libraries/libllvm-flatbuffers.dylib
0x00000002415b5000 	/System/Library/PrivateFrameworks/FramePacing.framework/Versions/A/FramePacing
0x00000001ed729000 	/System/Library/Frameworks/OpenGL.framework/Versions/A/Libraries/libCoreFSCache.dylib
0x000000024212a000 	/System/Library/PrivateFrameworks/GPUCompiler.framework/Versions/32023/Libraries/libGPUCompilerUtils.dylib
0x00000001ed787000 	/System/Library/Frameworks/OpenGL.framework/Versions/A/Libraries/libGLU.dylib
0x00000001ed74b000 	/System/Library/Frameworks/OpenGL.framework/Versions/A/Libraries/libGFXShared.dylib
0x00000001ed913000 	/System/Library/Frameworks/OpenGL.framework/Versions/A/Libraries/libGL.dylib
0x00000001ed754000 	/System/Library/Frameworks/OpenGL.framework/Versions/A/Libraries/libGLImage.dylib
0x00000001ed748000 	/System/Library/Frameworks/OpenGL.framework/Versions/A/Libraries/libCVMSPluginSupport.dylib
0x00000001ed731000 	/System/Library/Frameworks/OpenGL.framework/Versions/A/Libraries/libCoreVMClient.dylib
0x00000001993fa000 	/System/Library/Frameworks/CoreImage.framework/Versions/A/CoreImage
0x00000001a8793000 	/System/Library/PrivateFrameworks/ASEProcessing.framework/Versions/A/ASEProcessing
0x00000002595ec000 	/System/Library/PrivateFrameworks/PhotosensitivityProcessing.framework/Versions/A/PhotosensitivityProcessing
0x000000019d088000 	/System/Library/PrivateFrameworks/GraphVisualizer.framework/Versions/A/GraphVisualizer
0x000000019a53d000 	/System/Library/PrivateFrameworks/CoreEmoji.framework/Versions/A/CoreEmoji
0x00000002414ea000 	/System/Library/PrivateFrameworks/FontServices.framework/Versions/A/FontServices
0x000000019d094000 	/System/Library/PrivateFrameworks/OTSVG.framework/Versions/A/OTSVG
0x000000019676a000 	/System/Library/Frameworks/ApplicationServices.framework/Versions/A/Frameworks/ATS.framework/Versions/A/Resources/libFontRegistry.dylib
0x000000019a780000 	/System/Library/PrivateFrameworks/MobileKeyBag.framework/Versions/A/MobileKeyBag
0x0000000199871000 	/System/Library/PrivateFrameworks/AggregateDictionary.framework/Versions/A/AggregateDictionary
0x0000000274c9d000 	/usr/lib/libhvf.dylib
0x0000000256383000 	/System/Library/PrivateFrameworks/ParsingInternal.framework/Versions/A/ParsingInternal
0x00000002758e5000 	/usr/lib/swift/libswiftRegexBuilder.dylib
0x0000000275a6d000 	/usr/lib/swift/libswift_RegexParser.dylib
0x00000002414eb000 	/System/Library/PrivateFrameworks/FontServices.framework/libXTFontStaticRegistryData.dylib
0x00000001997b5000 	/System/Library/Frameworks/MetalPerformanceShaders.framework/Versions/A/Frameworks/MPSCore.framework/Versions/A/MPSCore
0x000000019aedd000 	/System/Library/Frameworks/MetalPerformanceShaders.framework/Versions/A/Frameworks/MPSImage.framework/Versions/A/MPSImage
0x000000019a926000 	/System/Library/Frameworks/MetalPerformanceShaders.framework/Versions/A/Frameworks/MPSNeuralNetwork.framework/Versions/A/MPSNeuralNetwork
0x000000019ad5d000 	/System/Library/Frameworks/MetalPerformanceShaders.framework/Versions/A/Frameworks/MPSMatrix.framework/Versions/A/MPSMatrix
0x000000019ab72000 	/System/Library/Frameworks/MetalPerformanceShaders.framework/Versions/A/Frameworks/MPSRayIntersector.framework/Versions/A/MPSRayIntersector
0x000000019ad8f000 	/System/Library/Frameworks/MetalPerformanceShaders.framework/Versions/A/Frameworks/MPSNDArray.framework/Versions/A/MPSNDArray
0x00000001f1029000 	/System/Library/Frameworks/MetalPerformanceShaders.framework/Versions/A/Frameworks/MPSFunctions.framework/Versions/A/MPSFunctions
0x00000001f100b000 	/System/Library/Frameworks/MetalPerformanceShaders.framework/Versions/A/Frameworks/MPSBenchmarkLoop.framework/Versions/A/MPSBenchmarkLoop
0x000000018daf0000 	/System/Library/PrivateFrameworks/MetalTools.framework/Versions/A/MetalTools
0x00000001bae20000 	/System/Library/PrivateFrameworks/IOAccelMemoryInfo.framework/Versions/A/IOAccelMemoryInfo
0x00000001c8525000 	/System/Library/PrivateFrameworks/kperf.framework/Versions/A/kperf
0x00000001b619e000 	/System/Library/PrivateFrameworks/GPURawCounter.framework/Versions/A/GPURawCounter
0x000000019a44b000 	/System/Library/Frameworks/Accelerate.framework/Versions/A/Frameworks/vecLib.framework/Versions/A/libvDSP.dylib
0x000000019b7b4000 	/System/Library/Frameworks/Accelerate.framework/Versions/A/Frameworks/vecLib.framework/Versions/A/libLAPACK.dylib
0x000000019a911000 	/System/Library/Frameworks/Accelerate.framework/Versions/A/Frameworks/vecLib.framework/Versions/A/libLinearAlgebra.dylib
0x000000019b6af000 	/System/Library/Frameworks/Accelerate.framework/Versions/A/Frameworks/vecLib.framework/Versions/A/libSparseBLAS.dylib
0x000000019b7af000 	/System/Library/Frameworks/Accelerate.framework/Versions/A/Frameworks/vecLib.framework/Versions/A/libQuadrature.dylib
0x000000019999e000 	/System/Library/Frameworks/Accelerate.framework/Versions/A/Frameworks/vecLib.framework/Versions/A/libBNNS.dylib
0x000000018e416000 	/System/Library/Frameworks/Accelerate.framework/Versions/A/Frameworks/vecLib.framework/Versions/A/libSparse.dylib
0x000000024f4d5000 	/System/Library/PrivateFrameworks/MIL.framework/Versions/A/MIL
0x00000001a4ddf000 	/System/Library/PrivateFrameworks/GraphicsServices.framework/Versions/A/GraphicsServices
0x000000019b4ec000 	/usr/lib/libiconv.2.dylib
0x000000019b447000 	/usr/lib/libcharset.1.dylib
0x000000019a601000 	/System/Library/PrivateFrameworks/CoreUtils.framework/Versions/A/CoreUtils
0x00000001ef358000 	/System/Library/Frameworks/ExtensionFoundation.framework/Versions/A/ExtensionFoundation
0x00000001b61a2000 	/usr/lib/swift/libswiftCoreAudio.dylib
0x000000023ed00000 	/System/Library/PrivateFrameworks/CoreUtilsExtras.framework/Versions/A/CoreUtilsExtras
0x000000019cdaf000 	/System/Library/PrivateFrameworks/PlugInKit.framework/Versions/A/PlugInKit
0x0000000196a51000 	/System/Library/Frameworks/OpenDirectory.framework/Versions/A/OpenDirectory
0x0000000196a5f000 	/System/Library/Frameworks/OpenDirectory.framework/Versions/A/Frameworks/CFOpenDirectory.framework/Versions/A/CFOpenDirectory
0x000000018ff4c000 	/System/Library/Frameworks/CoreAudio.framework/Versions/A/CoreAudio
0x000000019d0d5000 	/System/Library/PrivateFrameworks/AppServerSupport.framework/Versions/A/AppServerSupport
0x000000019f69f000 	/System/Library/PrivateFrameworks/perfdata.framework/Versions/A/perfdata
0x000000018f975000 	/System/Library/PrivateFrameworks/AudioToolboxCore.framework/Versions/A/AudioToolboxCore
0x00000001988c2000 	/System/Library/PrivateFrameworks/caulk.framework/Versions/A/caulk
0x000000019f292000 	/usr/lib/libAudioStatistics.dylib
0x00000001b5356000 	/System/Library/PrivateFrameworks/SystemPolicy.framework/Versions/A/SystemPolicy
0x000000019f540000 	/usr/lib/libSMC.dylib
0x00000001a989d000 	/System/Library/Frameworks/CoreMIDI.framework/Versions/A/CoreMIDI
0x000000019da33000 	/usr/lib/libAudioToolboxUtility.dylib
0x000000019f6ad000 	/usr/lib/libperfcheck.dylib
0x0000000237c77000 	/System/Library/PrivateFrameworks/AudioAnalytics.framework/Versions/A/AudioAnalytics
0x00000001e0ee3000 	/System/Library/PrivateFrameworks/FeatureFlags.framework/Versions/A/FeatureFlags
0x00000001d9971000 	/System/Library/Frameworks/OSLog.framework/Versions/A/OSLog
0x00000001b6169000 	/usr/lib/libmis.dylib
0x000000019450f000 	/System/Library/Frameworks/CoreData.framework/Versions/A/CoreData
0x000000019cecb000 	/usr/lib/libheimdal-asn1.dylib
0x000000027491b000 	/usr/lib/libTLE.dylib
0x00000001a6b49000 	/System/Library/PrivateFrameworks/DiskImages.framework/Versions/A/DiskImages
0x00000001b3055000 	/System/Library/Frameworks/NetFS.framework/Versions/A/NetFS
0x000000019cf22000 	/System/Library/PrivateFrameworks/IconServices.framework/Versions/A/IconServices
0x00000001eec83000 	/System/Library/Frameworks/CoreTransferable.framework/Versions/A/CoreTransferable
0x000000019ced5000 	/System/Library/PrivateFrameworks/IconFoundation.framework/Versions/A/IconFoundation
0x00000001967bc000 	/System/Library/PrivateFrameworks/CoreUI.framework/Versions/A/CoreUI
0x000000019dc09000 	/System/Library/PrivateFrameworks/TextureIO.framework/Versions/A/TextureIO
0x000000019903b000 	/System/Library/PrivateFrameworks/CoreSVG.framework/Versions/A/CoreSVG
0x00000001cc79b000 	/usr/lib/swift/libswiftAccelerate.dylib
0x000000019f089000 	/System/Library/Frameworks/AudioToolbox.framework/Versions/A/AudioToolbox
0x000000019f234000 	/System/Library/PrivateFrameworks/AudioSession.framework/Versions/A/AudioSession
0x000000019cfb5000 	/System/Library/PrivateFrameworks/MediaExperience.framework/Versions/A/MediaExperience
0x000000019f042000 	/System/Library/PrivateFrameworks/AudioSession.framework/libSessionUtility.dylib
0x000000019db83000 	/System/Library/PrivateFrameworks/CMCaptureCore.framework/Versions/A/CMCaptureCore
0x000000019d0df000 	/usr/lib/libspindump.dylib
0x00000001a5270000 	/System/Library/PrivateFrameworks/CoreTime.framework/Versions/A/CoreTime
0x00000001afb46000 	/usr/lib/libAccessibility.dylib
0x00000001a31d0000 	/System/Library/Frameworks/MediaAccessibility.framework/Versions/A/MediaAccessibility
0x000000026b6ac000 	/System/Library/PrivateFrameworks/VideoToolboxParavirtualizationSupport.framework/Versions/A/VideoToolboxParavirtualizationSupport
0x000000019ce67000 	/System/Library/PrivateFrameworks/AppleVA.framework/Versions/A/AppleVA
0x00000001a3d97000 	/System/Library/Frameworks/CoreBluetooth.framework/Versions/A/CoreBluetooth
0x000000019f891000 	/System/Library/PrivateFrameworks/CorePhoneNumbers.framework/Versions/A/CorePhoneNumbers
0x00000001edcaf000 	/System/Library/Frameworks/AVFAudio.framework/Versions/A/AVFAudio
0x000000019cc52000 	/usr/lib/libIOReport.dylib
0x0000000237887000 	/System/Library/PrivateFrameworks/AppleMobileFileIntegrity.framework/Versions/A/AppleMobileFileIntegrity
0x00000001ea785000 	/System/Library/PrivateFrameworks/ConfigProfileHelper.framework/Versions/A/ConfigProfileHelper
0x000000019a8ae000 	/usr/lib/libmecab.dylib
0x000000024dd5e000 	/System/Library/PrivateFrameworks/IsolatedCoreAudioClient.framework/Versions/A/IsolatedCoreAudioClient
0x00000001a0b37000 	/System/Library/Frameworks/IOBluetooth.framework/Versions/A/IOBluetooth
0x0000000267e6a000 	/System/Library/PrivateFrameworks/Tightbeam.framework/Versions/A/Tightbeam
0x000000023bd4d000 	/System/Library/PrivateFrameworks/CoreAudioOrchestration.framework/Versions/A/CoreAudioOrchestration
0x00000001cce5e000 	/System/Library/PrivateFrameworks/AFKUser.framework/Versions/A/AFKUser
0x00000001a75a8000 	/System/Library/Frameworks/AudioUnit.framework/Versions/A/AudioUnit
0x000000019db16000 	/System/Library/PrivateFrameworks/GPUWrangler.framework/Versions/A/GPUWrangler
0x000000019daf6000 	/System/Library/PrivateFrameworks/IOPresentment.framework/Versions/A/IOPresentment
0x000000019db1e000 	/System/Library/PrivateFrameworks/DSExternalDisplay.framework/Versions/A/DSExternalDisplay
0x000000018e5a6000 	/usr/lib/libCRFSuite.dylib
0x000000019987a000 	/System/Library/PrivateFrameworks/CoreNLP.framework/Versions/A/CoreNLP
0x000000019b667000 	/usr/lib/libThaiTokenizer.dylib
0x00000001b621d000 	/usr/lib/swift/libswiftCoreImage.dylib
0x00000001a3f7f000 	/System/Library/PrivateFrameworks/MediaKit.framework/Versions/A/MediaKit
0x00000001a3eca000 	/System/Library/Frameworks/DiscRecording.framework/Versions/A/DiscRecording
0x000000019dfb1000 	/System/Library/PrivateFrameworks/DataDetectorsCore.framework/Versions/A/DataDetectorsCore
0x00000001b9b20000 	/System/Library/PrivateFrameworks/TextInput.framework/Versions/A/TextInput
0x00000001926b0000 	/System/Library/PrivateFrameworks/UIFoundation.framework/Versions/A/UIFoundation
0x000000019f680000 	/System/Library/PrivateFrameworks/NetAuth.framework/Versions/A/NetAuth
0x0000000196c4f000 	/System/Library/PrivateFrameworks/login.framework/Versions/A/Frameworks/loginsupport.framework/Versions/A/loginsupport
0x00000001a6d07000 	/usr/lib/libcurl.4.dylib
0x0000000274b4f000 	/usr/lib/libcrypto.46.dylib
0x0000000275679000 	/usr/lib/libssl.48.dylib
0x00000001a69df000 	/System/Library/Frameworks/LDAP.framework/Versions/A/LDAP
0x000000019f6bb000 	/System/Library/Frameworks/Kerberos.framework/Versions/A/Kerberos
0x00000001a6a1b000 	/System/Library/PrivateFrameworks/TrustEvaluationAgent.framework/Versions/A/TrustEvaluationAgent
0x000000019f33e000 	/usr/lib/libsasl2.2.dylib
0x000000019f321000 	/usr/lib/libresolv.9.dylib
0x000000019d0e6000 	/System/Library/PrivateFrameworks/Heimdal.framework/Versions/A/Heimdal
0x00000001a75a7000 	/System/Library/Frameworks/Kerberos.framework/Versions/A/Libraries/libHeimdalProxy.dylib
0x000000019f71e000 	/System/Library/PrivateFrameworks/CommonAuth.framework/Versions/A/CommonAuth
0x000000019a878000 	/usr/lib/libCheckFix.dylib
0x0000000195e90000 	/System/Library/PrivateFrameworks/MetadataUtilities.framework/Versions/A/MetadataUtilities
0x000000024ad09000 	/System/Library/PrivateFrameworks/InstalledContentLibrary.framework/Versions/A/InstalledContentLibrary
0x000000019108e000 	/System/Library/PrivateFrameworks/CoreServicesStore.framework/Versions/A/CoreServicesStore
0x0000000196ab6000 	/usr/lib/libapp_launch_measurement.dylib
0x00000001c862f000 	/System/Library/PrivateFrameworks/MobileSystemServices.framework/Versions/A/MobileSystemServices
0x000000019cb13000 	/usr/lib/libxslt.1.dylib
0x00000001d9d78000 	/System/Library/PrivateFrameworks/HIDDisplay.framework/Versions/A/HIDDisplay
0x00000001aed64000 	/System/Library/PrivateFrameworks/HID.framework/Versions/A/HID
0x000000019db4f000 	/System/Library/Frameworks/ApplicationServices.framework/Versions/A/Frameworks/ATSUI.framework/Versions/A/ATSUI
0x000000019f621000 	/usr/lib/libcups.2.dylib
0x00000001afa8a000 	/System/Library/PrivateFrameworks/AXCoreUtilities.framework/Versions/A/AXCoreUtilities
0x00000001be7c0000 	/System/Library/PrivateFrameworks/AttributeGraph.framework/Versions/A/AttributeGraph
0x0000000274559000 	/usr/lib/libAXSafeCategoryBundle.dylib
0x00000001a9a70000 	/System/Library/Frameworks/Cocoa.framework/Versions/A/Cocoa
0x000000019121f000 	/System/Library/Frameworks/AppKit.framework/Versions/C/AppKit
0x000000023b26e000 	/System/Library/PrivateFrameworks/CollectionViewCore.framework/Versions/A/CollectionViewCore
0x0000000199035000 	/System/Library/PrivateFrameworks/XCTTargetBootstrap.framework/Versions/A/XCTTargetBootstrap
0x000000019e000000 	/System/Library/PrivateFrameworks/UserActivity.framework/Versions/A/UserActivity
0x0000000269bf7000 	/System/Library/PrivateFrameworks/UIIntelligenceSupport.framework/Versions/A/UIIntelligenceSupport
0x00000001f3d76000 	/System/Library/Frameworks/SwiftUICore.framework/Versions/A/SwiftUICore
0x000000026ec7d000 	/System/Library/PrivateFrameworks/WritingTools.framework/Versions/A/WritingTools
0x000000026dcc1000 	/System/Library/PrivateFrameworks/WindowManagement.framework/Versions/A/WindowManagement
0x0000000199020000 	/System/Library/PrivateFrameworks/DFRFoundation.framework/Versions/A/DFRFoundation
0x0000000198d19000 	/System/Library/Frameworks/Carbon.framework/Versions/A/Frameworks/HIToolbox.framework/Versions/A/HIToolbox
0x00000001a2add000 	/System/Library/Frameworks/Carbon.framework/Versions/A/Frameworks/SpeechRecognition.framework/Versions/A/SpeechRecognition
0x00000001ae0c4000 	/System/Library/PrivateFrameworks/RenderBox.framework/Versions/A/RenderBox
0x0000000196a47000 	/System/Library/PrivateFrameworks/PerformanceAnalysis.framework/Versions/A/PerformanceAnalysis
0x00000001a2e55000 	/System/Library/Frameworks/Accessibility.framework/Versions/A/Accessibility
0x00000001ef208000 	/System/Library/Frameworks/DataDetection.framework/Versions/A/DataDetection
0x00000001ef20b000 	/System/Library/Frameworks/DeveloperToolsSupport.framework/Versions/A/DeveloperToolsSupport
0x00000001f4939000 	/System/Library/Frameworks/Symbols.framework/Versions/A/Symbols
0x000000027589b000 	/usr/lib/swift/libswiftDataDetection.dylib
0x00000001b352b000 	/usr/lib/swift/libswiftCoreGraphics.dylib
0x00000001a37ff000 	/usr/lib/swift/libswiftFoundation.dylib
0x00000001ea20f000 	/usr/lib/swift/libswiftSwiftOnoneSupport.dylib
0x00000001d6024000 	/System/Library/PrivateFrameworks/CoreMaterial.framework/Versions/A/CoreMaterial
0x000000025bf0f000 	/System/Library/PrivateFrameworks/SFSymbols.framework/Versions/A/SFSymbols
0x00000001a2aca000 	/System/Library/PrivateFrameworks/SpeechRecognitionCore.framework/Versions/A/SpeechRecognitionCore
0x000000010b284000 	/Library/Java/JavaVirtualMachines/temurin-25.jdk/Contents/Home/lib/server/libjvm.dylib
0x0000000104cf4000 	/Library/Java/JavaVirtualMachines/temurin-25.jdk/Contents/Home/lib/libjimage.dylib
0x0000000104d78000 	/Library/Java/JavaVirtualMachines/temurin-25.jdk/Contents/Home/lib/libjava.dylib
0x0000000104ec0000 	/Library/Java/JavaVirtualMachines/temurin-25.jdk/Contents/Home/lib/libnio.dylib
0x0000000104ea0000 	/Library/Java/JavaVirtualMachines/temurin-25.jdk/Contents/Home/lib/libnet.dylib
0x0000000104f08000 	/Library/Java/JavaVirtualMachines/temurin-25.jdk/Contents/Home/lib/libzip.dylib
0x000000010afb0000 	/Library/Java/JavaVirtualMachines/temurin-25.jdk/Contents/Home/lib/libawt.dylib
0x00000001f0292000 	/System/Library/Frameworks/JavaRuntimeSupport.framework/Versions/A/JavaRuntimeSupport
0x00000001b4d79000 	/System/Library/Frameworks/Carbon.framework/Versions/A/Carbon
0x00000001abdaf000 	/System/Library/Frameworks/Carbon.framework/Versions/A/Frameworks/CommonPanels.framework/Versions/A/CommonPanels
0x00000001a6cf2000 	/System/Library/Frameworks/Carbon.framework/Versions/A/Frameworks/Help.framework/Versions/A/Help
0x00000001abdb3000 	/System/Library/Frameworks/Carbon.framework/Versions/A/Frameworks/ImageCapture.framework/Versions/A/ImageCapture
0x00000001abd8f000 	/System/Library/Frameworks/Carbon.framework/Versions/A/Frameworks/OpenScripting.framework/Versions/A/OpenScripting
0x00000001abdae000 	/System/Library/Frameworks/Carbon.framework/Versions/A/Frameworks/Ink.framework/Versions/A/Ink
0x00000001abdab000 	/System/Library/Frameworks/Carbon.framework/Versions/A/Frameworks/SecurityHI.framework/Versions/A/SecurityHI
0x000000012cb4c000 	/Library/Java/JavaVirtualMachines/temurin-25.jdk/Contents/Home/lib/libawt_lwawt.dylib
0x0000000104f60000 	/Library/Java/JavaVirtualMachines/temurin-25.jdk/Contents/Home/lib/libosxapp.dylib
0x00000001b3590000 	/System/Library/Frameworks/ExceptionHandling.framework/Versions/A/ExceptionHandling
0x000000012cc80000 	/Library/Java/JavaVirtualMachines/temurin-25.jdk/Contents/Home/lib/libfontmanager.dylib
0x000000010b0f8000 	/Library/Java/JavaVirtualMachines/temurin-25.jdk/Contents/Home/lib/libfreetype.dylib
0x0000000196916000 	/System/Library/PrivateFrameworks/ViewBridge.framework/Versions/A/ViewBridge
0x000000010b268000 	/usr/lib/libobjc-trampolines.dylib
0x00000001bf54f000 	/System/Library/CoreServices/RawCamera.bundle/Contents/MacOS/RawCamera
0x00000001a75cb000 	/System/Library/PrivateFrameworks/StreamingZip.framework/Versions/A/StreamingZip
0x00000001a66bb000 	/System/Library/PrivateFrameworks/CoreWiFi.framework/Versions/A/CoreWiFi
0x000000019f72f000 	/System/Library/PrivateFrameworks/MobileAsset.framework/Versions/A/MobileAsset
0x000000027515d000 	/usr/lib/libmrc.dylib
0x000000024a482000 	/System/Library/PrivateFrameworks/IPConfiguration.framework/Versions/A/IPConfiguration
0x00000001d5fe8000 	/System/Library/PrivateFrameworks/Netrb.framework/Versions/A/Netrb
0x00000001e0f6b000 	/System/Library/PrivateFrameworks/WiFiPeerToPeer.framework/Versions/A/WiFiPeerToPeer
0x00000001bcc0c000 	/System/Library/PrivateFrameworks/SoftwareUpdateCoreSupport.framework/Versions/A/SoftwareUpdateCoreSupport
0x00000001c45ad000 	/System/Library/PrivateFrameworks/SoftwareUpdateCoreConnect.framework/Versions/A/SoftwareUpdateCoreConnect
0x00000001a6c47000 	/System/Library/PrivateFrameworks/RemoteServiceDiscovery.framework/Versions/A/RemoteServiceDiscovery
0x00000001bc892000 	/System/Library/PrivateFrameworks/MSUDataAccessor.framework/Versions/A/MSUDataAccessor
0x00000001b8087000 	/usr/lib/libbootpolicy.dylib
0x00000001a6c5d000 	/System/Library/PrivateFrameworks/RemoteXPC.framework/Versions/A/RemoteXPC
0x00000001c39fb000 	/usr/lib/libFDR.dylib
0x00000001c9aa5000 	/usr/lib/libamsupport.dylib
0x00000002748b0000 	/usr/lib/libReverseProxyDevice.dylib
0x0000000236ae3000 	/System/Library/PrivateFrameworks/AppleDeviceQuerySupport.framework/Versions/A/AppleDeviceQuerySupport
0x00000001cc993000 	/usr/lib/libpartition2_dynamic.dylib
0x000000019b269000 	/System/Library/Frameworks/UserNotifications.framework/Versions/A/UserNotifications
0x000000019f89b000 	/usr/lib/libTelephonyUtilDynamic.dylib
0x000000019e06e000 	/System/Library/Frameworks/MediaToolbox.framework/Versions/A/MediaToolbox
0x00000001a40a6000 	/System/Library/PrivateFrameworks/CoreAVCHD.framework/Versions/A/CoreAVCHD
0x00000001a40a2000 	/System/Library/PrivateFrameworks/Mangrove.framework/Versions/A/Mangrove
0x00000002395d9000 	/System/Library/PrivateFrameworks/CMPhoto.framework/Versions/A/CMPhoto
0x00000001a4801000 	/System/Library/Frameworks/CoreTelephony.framework/Versions/A/CoreTelephony
0x00000001a4095000 	/System/Library/PrivateFrameworks/CoreAUC.framework/Versions/A/CoreAUC
0x0000000236f25000 	/System/Library/PrivateFrameworks/AppleJPEGXL.framework/Versions/A/AppleJPEGXL
0x00000001bc238000 	/System/Library/Frameworks/Accelerate.framework/Versions/A/Frameworks/vImage.framework/Versions/A/Libraries/libCGInterfaces.dylib
0x000000027455d000 	/usr/lib/libAccessibilityBaseImplementations.dylib
0x000000026ec82000 	/System/Library/PrivateFrameworks/WritingToolsUI.framework/Versions/A/WritingToolsUI
0x0000000247314000 	/System/Library/PrivateFrameworks/GenerativeAssistantSettings.framework/Versions/A/GenerativeAssistantSettings
0x00000002660ac000 	/System/Library/PrivateFrameworks/TextComposer.framework/Versions/A/TextComposer
0x00000001b61ca000 	/usr/lib/swift/libswiftIntents.dylib
0x00000002758f7000 	/usr/lib/swift/libswiftSpatial.dylib
0x00000001ede08000 	/System/Library/Frameworks/AppIntents.framework/Versions/A/AppIntents
0x00000001bd098000 	/System/Library/Frameworks/SwiftUI.framework/Versions/A/SwiftUI
0x00000001b3607000 	/System/Library/Frameworks/WebKit.framework/Versions/A/WebKit
0x0000000232d9e000 	/System/Library/Frameworks/_AuthenticationServices_SwiftUI.framework/Versions/A/_AuthenticationServices_SwiftUI
0x000000023597e000 	/System/Library/PrivateFrameworks/Anvil.framework/Versions/A/Anvil
0x00000001bc70d000 	/System/Library/PrivateFrameworks/AppStoreDaemon.framework/Versions/A/AppStoreDaemon
0x00000001a9ab8000 	/System/Library/PrivateFrameworks/AppleMediaServices.framework/Versions/A/AppleMediaServices
0x00000001b918c000 	/System/Library/PrivateFrameworks/AppleMediaServicesUI.framework/Versions/A/AppleMediaServicesUI
0x00000002472ee000 	/System/Library/PrivateFrameworks/GenerativeAssistantCommon.framework/Versions/A/GenerativeAssistantCommon
0x00000001e9826000 	/System/Library/PrivateFrameworks/JetEngine.framework/Versions/A/JetEngine
0x000000024ee36000 	/System/Library/PrivateFrameworks/LinkMetadata.framework/Versions/A/LinkMetadata
0x00000001b6a4c000 	/System/Library/PrivateFrameworks/OnBoardingKit.framework/Versions/A/OnBoardingKit
0x000000025cd8a000 	/System/Library/PrivateFrameworks/Settings.framework/Versions/A/Settings
0x000000019b2b7000 	/System/Library/Frameworks/CoreSpotlight.framework/Versions/A/CoreSpotlight
0x000000024f077000 	/System/Library/PrivateFrameworks/LinkServices.framework/Versions/A/LinkServices
0x000000023f991000 	/System/Library/PrivateFrameworks/DoNotDisturb.framework/Versions/A/DoNotDisturb
0x00000001baf30000 	/System/Library/PrivateFrameworks/IntentsCore.framework/Versions/A/IntentsCore
0x0000000238064000 	/System/Library/PrivateFrameworks/AvailabilityKit.framework/Versions/A/AvailabilityKit
0x0000000235bce000 	/System/Library/PrivateFrameworks/AppIntentSchemas.framework/Versions/A/AppIntentSchemas
0x0000000264bc2000 	/System/Library/PrivateFrameworks/StatusKit.framework/Versions/A/StatusKit
0x000000025b0bc000 	/System/Library/PrivateFrameworks/RecapPerformanceTesting.framework/Versions/A/RecapPerformanceTesting
0x00000001b6a3c000 	/System/Library/PrivateFrameworks/SignpostCollection.framework/Versions/A/SignpostCollection
0x000000027491a000 	/usr/lib/libSpatial.dylib
0x00000001a94ae000 	/System/Library/Frameworks/WebKit.framework/Versions/A/Frameworks/WebKitLegacy.framework/Versions/A/WebKitLegacy
0x00000001a73f4000 	/System/Library/PrivateFrameworks/CorePrediction.framework/Versions/A/CorePrediction
0x0000000197909000 	/System/Library/Frameworks/WebKit.framework/Versions/A/Frameworks/WebCore.framework/Versions/A/Frameworks/libwebrtc.dylib
0x00000001b3593000 	/System/Library/PrivateFrameworks/SafariSafeBrowsing.framework/Versions/A/SafariSafeBrowsing
0x000000019f3c7000 	/System/Library/Frameworks/SecurityInterface.framework/Versions/A/SecurityInterface
0x00000001b6a4b000 	/System/Library/PrivateFrameworks/WebInspectorUI.framework/Versions/A/WebInspectorUI
0x00000001abdb6000 	/System/Library/Frameworks/JavaScriptCore.framework/Versions/A/JavaScriptCore
0x00000001afb77000 	/System/Library/Frameworks/WebKit.framework/Versions/A/Frameworks/WebCore.framework/Versions/A/WebCore
0x00000001ee7e6000 	/System/Library/Frameworks/BrowserEngineCore.framework/Versions/A/BrowserEngineCore
0x00000002328fc000 	/System/Library/Frameworks/WebKit.framework/Versions/A/Frameworks/WebCore.framework/Versions/A/Frameworks/libANGLE-shared.dylib
0x000000026d879000 	/System/Library/PrivateFrameworks/WebGPU.framework/Versions/A/WebGPU
0x00000001b881e000 	/System/Library/Frameworks/SceneKit.framework/Versions/A/SceneKit
0x00000001c8e56000 	/System/Library/Frameworks/ModelIO.framework/Versions/A/ModelIO
0x00000001a0d02000 	/System/Library/Frameworks/MetalKit.framework/Versions/A/MetalKit
0x00000001a2de1000 	/System/Library/Frameworks/GLKit.framework/Versions/A/GLKit
0x0000000275e30000 	/usr/lib/usd/libusd_ms.dylib
0x0000000269ec1000 	/System/Library/PrivateFrameworks/USDLib_FormatLoaderProxy.framework/Versions/A/USDLib_FormatLoaderProxy
0x00000001b5c52000 	/System/Library/PrivateFrameworks/CoreOptimization.framework/Versions/A/CoreOptimization
0x0000000237f37000 	/System/Library/PrivateFrameworks/AuthenticationServicesCore.framework/Versions/A/AuthenticationServicesCore
0x00000001bf9b5000 	/System/Library/Frameworks/AuthenticationServices.framework/Versions/A/AuthenticationServices
0x000000019cd8b000 	/System/Library/PrivateFrameworks/SharedWebCredentials.framework/Versions/A/SharedWebCredentials
0x00000001b7888000 	/System/Library/PrivateFrameworks/SafariCore.framework/Versions/A/SafariCore
0x00000001bf507000 	/System/Library/PrivateFrameworks/SafariFoundation.framework/Versions/A/SafariFoundation
0x0000000238fc1000 	/System/Library/PrivateFrameworks/CBORLibrary.framework/Versions/A/CBORLibrary
0x0000000239d69000 	/System/Library/PrivateFrameworks/Chirp.framework/Versions/A/Chirp
0x00000001eaaba000 	/System/Library/PrivateFrameworks/RemoteManagement.framework/Versions/A/RemoteManagement
0x000000025b412000 	/System/Library/PrivateFrameworks/RemoteManagementModel.framework/Versions/A/RemoteManagementModel
0x000000025b49f000 	/System/Library/PrivateFrameworks/RemoteManagementStore.framework/Versions/A/RemoteManagementStore
0x00000001a0d20000 	/usr/lib/libxcselect.dylib
0x00000001bf476000 	/System/Library/PrivateFrameworks/DifferentialPrivacy.framework/Versions/A/DifferentialPrivacy
0x00000001a3ab0000 	/System/Library/Frameworks/Contacts.framework/Versions/A/Contacts
0x000000026a6e5000 	/System/Library/PrivateFrameworks/VDAF.framework/Versions/A/VDAF
0x00000001a38cd000 	/System/Library/PrivateFrameworks/ContactsPersistence.framework/Versions/A/ContactsPersistence
0x00000001a2ae4000 	/System/Library/PrivateFrameworks/AppleLDAP.framework/Versions/A/AppleLDAP
0x00000001a709b000 	/System/Library/Frameworks/ClassKit.framework/Versions/A/ClassKit
0x00000001a91da000 	/System/Library/PrivateFrameworks/CoreSuggestions.framework/Versions/A/CoreSuggestions
0x00000001a3800000 	/System/Library/PrivateFrameworks/ContactsFoundation.framework/Versions/A/ContactsFoundation
0x00000001a4da1000 	/System/Library/PrivateFrameworks/vCard.framework/Versions/A/vCard
0x000000023b58c000 	/System/Library/PrivateFrameworks/ContactsMetrics.framework/Versions/A/ContactsMetrics
0x000000019d1a7000 	/System/Library/PrivateFrameworks/login.framework/Versions/A/login
0x00000002511bf000 	/System/Library/PrivateFrameworks/ManagedOrganizationContacts.framework/Versions/A/ManagedOrganizationContacts
0x0000000197075000 	/System/Library/PrivateFrameworks/CloudDocs.framework/Versions/A/CloudDocs
0x00000001a87c9000 	/System/Library/PrivateFrameworks/ConfigurationProfiles.framework/Versions/A/ConfigurationProfiles
0x000000023ef10000 	/System/Library/PrivateFrameworks/DMCUtilities.framework/Versions/A/DMCUtilities
0x000000024f452000 	/System/Library/PrivateFrameworks/MDMClientLibrary.framework/Versions/A/MDMClientLibrary
0x000000025b493000 	/System/Library/PrivateFrameworks/RemoteManagementProtocol.framework/Versions/A/RemoteManagementProtocol
0x0000000274726000 	/usr/lib/libEndpointSecuritySystem.dylib
0x00000001a320a000 	/System/Library/PrivateFrameworks/SystemAdministration.framework/Versions/A/SystemAdministration
0x00000001ad6bc000 	/System/Library/PrivateFrameworks/PowerlogControl.framework/Versions/A/PowerlogControl
0x000000019a86a000 	/System/Library/Frameworks/ServiceManagement.framework/Versions/A/ServiceManagement
0x00000001ad6be000 	/usr/lib/libUniversalAccess.dylib
0x00000001aa389000 	/System/Library/PrivateFrameworks/FamilyControls.framework/Versions/A/FamilyControls
0x00000001a2a95000 	/System/Library/Frameworks/DirectoryService.framework/Versions/A/DirectoryService
0x00000001a6d89000 	/System/Library/PrivateFrameworks/LoginUIKit.framework/Versions/A/Frameworks/LoginUICore.framework/Versions/A/LoginUICore
0x000000019d397000 	/usr/lib/libodfde.dylib
0x00000001aa383000 	/System/Library/PrivateFrameworks/UniversalAccess.framework/Versions/A/Libraries/libUAPreferences.dylib
0x00000001aa3ad000 	/System/Library/PrivateFrameworks/CommerceKit.framework/Versions/A/Frameworks/CommerceCore.framework/Versions/A/CommerceCore
0x000000023eebe000 	/System/Library/PrivateFrameworks/DEPClientLibrary.framework/Versions/A/DEPClientLibrary
0x000000023eede000 	/System/Library/PrivateFrameworks/DMCEnrollmentLibrary.framework/Versions/A/DMCEnrollmentLibrary
0x00000001ad7a2000 	/System/Library/PrivateFrameworks/SetupAssistantFramework.framework/Versions/A/SetupAssistantFramework
0x00000001a744e000 	/System/Library/PrivateFrameworks/AuthKitUI.framework/Versions/A/AuthKitUI
0x00000001a6dd3000 	/System/Library/PrivateFrameworks/AppSSO.framework/Versions/A/AppSSO
0x00000001bc473000 	/System/Library/PrivateFrameworks/LocalAuthenticationUI.framework/Versions/A/LocalAuthenticationUI
0x0000000259651000 	/System/Library/PrivateFrameworks/PlatformSSO.framework/Versions/A/PlatformSSO
0x00000001bce60000 	/System/Library/PrivateFrameworks/AOSUI.framework/Versions/A/AOSUI
0x00000001af233000 	/System/Library/Frameworks/ContactsUI.framework/Versions/A/ContactsUI
0x00000001a3ce7000 	/System/Library/PrivateFrameworks/FamilyCircle.framework/Versions/A/FamilyCircle
0x00000001ca506000 	/System/Library/Frameworks/LinkPresentation.framework/Versions/A/LinkPresentation
0x000000025971d000 	/System/Library/PrivateFrameworks/PlatformSSOCore.framework/Versions/A/PlatformSSOCore
0x00000001aef45000 	/System/Library/PrivateFrameworks/IASUtilities.framework/Versions/A/IASUtilities
0x000000024a355000 	/System/Library/PrivateFrameworks/IASUtilitiesCore.framework/Versions/A/IASUtilitiesCore
0x000000024f33a000 	/System/Library/PrivateFrameworks/LocalAuthenticationCoreUI.framework/Versions/A/LocalAuthenticationCoreUI
0x00000001b5ee7000 	/System/Library/Frameworks/LocalAuthentication.framework/Support/DaemonUtils.framework/Versions/A/DaemonUtils
0x00000001b9153000 	/System/Library/PrivateFrameworks/BridgeXPC.framework/Versions/A/BridgeXPC
0x000000019d1cb000 	/System/Library/PrivateFrameworks/CoreBrightness.framework/Versions/A/CoreBrightness
0x00000001b6b25000 	/System/Library/PrivateFrameworks/CoreKDL.framework/Versions/A/CoreKDL
0x00000001b534f000 	/System/Library/PrivateFrameworks/EmbeddedOSSupportHost.framework/Versions/A/EmbeddedOSSupportHost
0x00000002658d5000 	/System/Library/PrivateFrameworks/SystemStatus.framework/Versions/A/SystemStatus
0x00000001c45dc000 	/System/Library/PrivateFrameworks/StorageKit.framework/Versions/A/StorageKit
0x00000001ec134000 	/System/Library/Frameworks/DeviceCheck.framework/Versions/A/DeviceCheck
0x00000001ef45f000 	/System/Library/Frameworks/FSKit.framework/Versions/A/FSKit
0x000000023f6ae000 	/System/Library/PrivateFrameworks/DiskImages2.framework/Versions/A/DiskImages2
0x000000024f1c7000 	/System/Library/PrivateFrameworks/LiveFS.framework/Versions/A/LiveFS
0x0000000271fc5000 	/System/Library/PrivateFrameworks/icloudMCCKit.framework/Versions/A/icloudMCCKit
0x00000002368cc000 	/System/Library/PrivateFrameworks/AppleAccountUI.framework/Versions/A/AppleAccountUI
0x000000023a88f000 	/System/Library/PrivateFrameworks/CloudSubscriptionFeatures.framework/Versions/A/CloudSubscriptionFeatures
0x00000001d5ff0000 	/System/Library/PrivateFrameworks/PreferencePanesSupport.framework/Versions/A/PreferencePanesSupport
0x00000001bd010000 	/System/Library/PrivateFrameworks/FindMyDeviceUI.framework/Versions/A/FindMyDeviceUI
0x000000026fbfd000 	/System/Library/PrivateFrameworks/iCloudQuotaUI.framework/Versions/A/iCloudQuotaUI
0x00000001d61a3000 	/System/Library/PrivateFrameworks/CoreCDPUI.framework/Versions/A/CoreCDPUI
0x00000001b75ef000 	/System/Library/PrivateFrameworks/CoreFollowUpUI.framework/Versions/A/CoreFollowUpUI
0x000000019f400000 	/System/Library/PrivateFrameworks/CoreFollowUp.framework/Versions/A/CoreFollowUp
0x00000001c3357000 	/System/Library/PrivateFrameworks/IMCore.framework/Versions/A/IMCore
0x00000001ad724000 	/System/Library/PrivateFrameworks/CoreCDP.framework/Versions/A/CoreCDP
0x00000001a9aaa000 	/System/Library/PrivateFrameworks/AskPermission.framework/Versions/A/AskPermission
0x00000001baeab000 	/System/Library/Frameworks/Quartz.framework/Versions/A/Quartz
0x00000001c6e81000 	/System/Library/PrivateFrameworks/CloudPhotoServicesConfiguration.framework/Versions/A/CloudPhotoServicesConfiguration
0x00000001b98c1000 	/System/Library/PrivateFrameworks/CommerceKit.framework/Versions/A/CommerceKit
0x00000001c87c1000 	/System/Library/PrivateFrameworks/FindMyMac.framework/Versions/A/FindMyMac
0x00000001c8698000 	/System/Library/Frameworks/PreferencePanes.framework/Versions/A/PreferencePanes
0x00000001bc56b000 	/System/Library/Frameworks/AddressBook.framework/Versions/A/AddressBook
0x00000001a8a92000 	/System/Library/PrivateFrameworks/AOSAccounts.framework/Versions/A/AOSAccounts
0x00000001a3204000 	/System/Library/PrivateFrameworks/AppleSRP.framework/Versions/A/AppleSRP
0x00000001b5e01000 	/System/Library/Frameworks/SafariServices.framework/Versions/A/SafariServices
0x00000001a75b0000 	/System/Library/PrivateFrameworks/NetFSServer.framework/Versions/A/NetFSServer
0x00000001b86f7000 	/System/Library/Frameworks/PDFKit.framework/Versions/A/PDFKit
0x00000001c96b9000 	/System/Library/PrivateFrameworks/EmailFoundation.framework/Versions/A/EmailFoundation
0x00000001c86f5000 	/System/Library/PrivateFrameworks/EmailCore.framework/Versions/A/EmailCore
0x00000001cc4e6000 	/System/Library/PrivateFrameworks/EmailAddressing.framework/Versions/A/EmailAddressing
0x00000001cc4f2000 	/System/Library/PrivateFrameworks/Email.framework/Versions/A/Email
0x00000001f4950000 	/System/Library/Frameworks/TabularData.framework/Versions/A/TabularData
0x00000002758d7000 	/usr/lib/swift/libswiftPassKit.dylib
0x00000002381a6000 	/System/Library/PrivateFrameworks/BackgroundSystemTasks.framework/Versions/A/BackgroundSystemTasks
0x000000024f3c9000 	/System/Library/PrivateFrameworks/LockdownMode.framework/Versions/A/LockdownMode
0x00000001a3ce1000 	/System/Library/PrivateFrameworks/CommunicationsFilter.framework/Versions/A/CommunicationsFilter
0x00000001d9cb4000 	/System/Library/Frameworks/PassKit.framework/Versions/A/PassKit
0x00000001aaead000 	/System/Library/PrivateFrameworks/PassKitCore.framework/Versions/A/PassKitCore
0x0000000256c08000 	/System/Library/PrivateFrameworks/PassKitMacHelperTemp.framework/Versions/A/PassKitMacHelperTemp
0x0000000235c0b000 	/System/Library/PrivateFrameworks/AppIntentsServices.framework/Versions/A/AppIntentsServices
0x00000001a86a8000 	/System/Library/PrivateFrameworks/CoreRecents.framework/Versions/A/CoreRecents
0x00000001b5f34000 	/System/Library/PrivateFrameworks/BiometricKit.framework/Versions/A/BiometricKit
0x000000025be50000 	/System/Library/PrivateFrameworks/SEService.framework/Versions/A/SEService
0x00000001a92a6000 	/System/Library/Frameworks/EventKit.framework/Versions/A/EventKit
0x00000001baf50000 	/System/Library/PrivateFrameworks/NearField.framework/Versions/A/NearField
0x00000001bcc88000 	/System/Library/PrivateFrameworks/FTClientServices.framework/Versions/A/FTClientServices
0x00000001d5a11000 	/System/Library/PrivateFrameworks/DiagnosticRequest.framework/Versions/A/DiagnosticRequest
0x00000002748d4000 	/usr/lib/libSESShared.dylib
0x000000025bff1000 	/System/Library/PrivateFrameworks/STSXPCHelperClient.framework/Versions/A/STSXPCHelperClient
0x00000002656a8000 	/System/Library/PrivateFrameworks/Symptoms.framework/Versions/A/Frameworks/SymptomPresentationFeed.framework/Versions/A/SymptomPresentationFeed
0x000000023717f000 	/System/Library/PrivateFrameworks/AppleMediaServicesKitInternal.framework/Versions/A/AppleMediaServicesKitInternal
0x0000000265423000 	/System/Library/PrivateFrameworks/SymptomShared.framework/Versions/A/SymptomShared
0x00000002398f9000 	/System/Library/PrivateFrameworks/CalendarDatabase.framework/Versions/A/CalendarDatabase
0x000000023984d000 	/System/Library/PrivateFrameworks/CalendarDaemon.framework/Versions/A/CalendarDaemon
0x00000001a86fd000 	/System/Library/PrivateFrameworks/CalendarFoundation.framework/Versions/A/CalendarFoundation
0x00000001a86b9000 	/System/Library/PrivateFrameworks/iCalendar.framework/Versions/A/iCalendar
0x000000023f145000 	/System/Library/PrivateFrameworks/DataAccessExpress.framework/Versions/A/DataAccessExpress
0x00000001aedd7000 	/System/Library/PrivateFrameworks/CoreDAV.framework/Versions/A/CoreDAV
0x00000001a917b000 	/System/Library/PrivateFrameworks/CalDAV.framework/Versions/A/CalDAV
0x00000001b32f0000 	/System/Library/PrivateFrameworks/TelephonyUtilities.framework/Versions/A/TelephonyUtilities
0x00000001b76ba000 	/System/Library/Frameworks/CallKit.framework/Versions/A/CallKit
0x00000001df302000 	/System/Library/PrivateFrameworks/IMTransferServices.framework/Versions/A/IMTransferServices
0x00000001b5c6c000 	/System/Library/PrivateFrameworks/IncomingCallFilter.framework/Versions/A/IncomingCallFilter
0x0000000254513000 	/System/Library/PrivateFrameworks/NeighborhoodActivityConduit.framework/Versions/A/NeighborhoodActivityConduit
0x00000002746fc000 	/usr/lib/libBASupport.dylib
0x00000001c3101000 	/System/Library/PrivateFrameworks/SpotlightReceiver.framework/Versions/A/SpotlightReceiver
0x00000001bc929000 	/usr/lib/libnfshared.dylib
0x00000001dc4e2000 	/System/Library/PrivateFrameworks/PassKitUIFoundation.framework/Versions/A/PassKitUIFoundation
0x00000001a2af6000 	/System/Library/Frameworks/MapKit.framework/Versions/A/MapKit
0x00000001ef423000 	/System/Library/Frameworks/ExtensionKit.framework/Versions/A/ExtensionKit
0x0000000247777000 	/System/Library/PrivateFrameworks/GeoAnalytics.framework/Versions/A/GeoAnalytics
0x00000001b6c7a000 	/System/Library/PrivateFrameworks/SearchFoundation.framework/Versions/A/SearchFoundation
0x00000001bc95f000 	/System/Library/PrivateFrameworks/Navigation.framework/Versions/A/Navigation
0x00000001c59a1000 	/System/Library/PrivateFrameworks/VectorKit.framework/Versions/A/VectorKit
0x00000001af00d000 	/System/Library/PrivateFrameworks/VirtualGarage.framework/Versions/A/VirtualGarage
0x00000001bcad8000 	/System/Library/Frameworks/ExternalAccessory.framework/ExternalAccessory
0x00000001bcaf2000 	/System/Library/PrivateFrameworks/IAP.framework/Versions/A/IAP
0x00000001a2da9000 	/System/Library/PrivateFrameworks/IOPlatformPluginFamily.framework/Versions/A/IOPlatformPluginFamily
0x0000000238067000 	/System/Library/PrivateFrameworks/AvatarKit.framework/Versions/A/AvatarKit
0x000000023811f000 	/System/Library/PrivateFrameworks/AvatarPersistence.framework/Versions/A/AvatarPersistence
0x000000025b508000 	/System/Library/PrivateFrameworks/RemoteUI.framework/Versions/A/RemoteUI
0x00000001a2ead000 	/usr/lib/libCTGreenTeaLogger.dylib
0x00000001f4b7a000 	/System/Library/Frameworks/TipKit.framework/Versions/A/TipKit
0x00000001d7c6b000 	/System/Library/PrivateFrameworks/AppleCVA.framework/Versions/A/AppleCVA
0x000000023811e000 	/System/Library/PrivateFrameworks/AvatarKitContent.framework/Versions/A/AvatarKitContent
0x00000001a2ed5000 	/System/Library/PrivateFrameworks/CoreAppleCVA.framework/Versions/A/CoreAppleCVA
0x000000024e205000 	/System/Library/PrivateFrameworks/LiftUI.framework/Versions/A/LiftUI
0x000000023a7fe000 	/System/Library/PrivateFrameworks/CloudSettings.framework/Versions/A/CloudSettings
0x00000001b5896000 	/System/Library/PrivateFrameworks/CoreRoutine.framework/Versions/A/CoreRoutine
0x00000001c4131000 	/System/Library/PrivateFrameworks/Categories.framework/Versions/A/Categories
0x000000023acfe000 	/System/Library/PrivateFrameworks/Coherence.framework/Versions/A/Coherence
0x00000001b31eb000 	/System/Library/PrivateFrameworks/CoreParsec.framework/Versions/A/CoreParsec
0x0000000257297000 	/System/Library/PrivateFrameworks/PegasusAPI.framework/Versions/A/PegasusAPI
0x0000000257f65000 	/System/Library/PrivateFrameworks/PegasusConfiguration.framework/Versions/A/PegasusConfiguration
0x000000024f3a0000 	/System/Library/PrivateFrameworks/LocalStatusKit.framework/Versions/A/LocalStatusKit
0x00000001b786e000 	/System/Library/PrivateFrameworks/ContextKit.framework/Versions/A/ContextKit
0x000000023b6b7000 	/System/Library/PrivateFrameworks/ContextKitCore.framework/Versions/A/ContextKitCore
0x00000001bcc8c000 	/System/Library/PrivateFrameworks/CharacterPicker.framework/Versions/A/CharacterPicker
0x00000001b5d73000 	/System/Library/PrivateFrameworks/ContactsDonation.framework/Versions/A/ContactsDonation
0x00000001af12f000 	/System/Library/PrivateFrameworks/ContactsUICore.framework/Versions/A/ContactsUICore
0x00000001b5679000 	/System/Library/PrivateFrameworks/DataDetectors.framework/Versions/A/DataDetectors
0x00000001a9167000 	/System/Library/Frameworks/MediaLibrary.framework/Versions/A/MediaLibrary
0x00000001a3cd0000 	/System/Library/PrivateFrameworks/PersonaKit.framework/Versions/A/PersonaKit
0x00000001af11d000 	/System/Library/PrivateFrameworks/PersonaUI.framework/Versions/A/PersonaUI
0x000000024ac16000 	/System/Library/PrivateFrameworks/InputToolKitUI.framework/Versions/A/InputToolKitUI
0x000000024ac01000 	/System/Library/PrivateFrameworks/InputToolKit.framework/Versions/A/InputToolKit
0x0000000264cfb000 	/System/Library/PrivateFrameworks/Stickers.framework/Versions/A/Stickers
0x000000024ab6f000 	/System/Library/PrivateFrameworks/InputAnalytics.framework/Versions/A/InputAnalytics
0x00000001be803000 	/System/Library/PrivateFrameworks/EmojiFoundation.framework/Versions/A/EmojiFoundation
0x0000000240ae9000 	/System/Library/PrivateFrameworks/FeedbackService.framework/Versions/A/FeedbackService
0x00000001a394c000 	/System/Library/PrivateFrameworks/AddressBookCore.framework/Versions/A/AddressBookCore
0x00000001b756f000 	/System/Library/PrivateFrameworks/IntlPreferences.framework/Versions/A/IntlPreferences
0x00000001bc6ee000 	/System/Library/PrivateFrameworks/ToneKit.framework/Versions/A/ToneKit
0x00000001b75b5000 	/System/Library/PrivateFrameworks/ToneLibrary.framework/Versions/A/ToneLibrary
0x000000023b552000 	/System/Library/PrivateFrameworks/ContactsAccounts.framework/Versions/A/ContactsAccounts
0x00000001c80b6000 	/System/Library/PrivateFrameworks/Transparency.framework/Versions/A/Transparency
0x00000001badc8000 	/System/Library/PrivateFrameworks/Lookup.framework/Versions/A/Lookup
0x00000001f2d4e000 	/System/Library/Frameworks/QuickLookUI.framework/Versions/A/QuickLookUI
0x00000001f372e000 	/System/Library/Frameworks/ScreenCaptureKit.framework/Versions/A/ScreenCaptureKit
0x00000001b820b000 	/System/Library/Frameworks/Quartz.framework/Versions/A/Frameworks/QuartzComposer.framework/Versions/A/QuartzComposer
0x00000001b7546000 	/System/Library/Frameworks/Quartz.framework/Versions/A/Frameworks/QuartzFilters.framework/Versions/A/QuartzFilters
0x00000001b662c000 	/System/Library/Frameworks/Quartz.framework/Versions/A/Frameworks/ImageKit.framework/Versions/A/ImageKit
0x00000001edaa3000 	/System/Library/Frameworks/OpenCL.framework/Versions/A/OpenCL
0x00000001b4d78000 	/System/Library/PrivateFrameworks/CorePDF.framework/Versions/A/CorePDF
0x00000001a0c99000 	/System/Library/Frameworks/QuickLook.framework/Versions/A/QuickLook
0x00000001aadb2000 	/System/Library/PrivateFrameworks/DisplayServices.framework/Versions/A/DisplayServices
0x00000001b74b6000 	/System/Library/Frameworks/ImageCaptureCore.framework/Versions/A/ImageCaptureCore
0x000000026c19a000 	/System/Library/PrivateFrameworks/VisionKitCore.framework/Versions/A/VisionKitCore
0x00000001b31bb000 	/System/Library/PrivateFrameworks/QuickLookSupport.framework/Versions/A/QuickLookSupport
0x0000000251a29000 	/System/Library/PrivateFrameworks/MediaAnalysisServices.framework/Versions/A/MediaAnalysisServices
0x00000001b9db7000 	/System/Library/PrivateFrameworks/PhotoLibraryServices.framework/Versions/A/PhotoLibraryServices
0x00000001b70ff000 	/System/Library/Frameworks/Photos.framework/Versions/A/Photos
0x00000001ca8e7000 	/System/Library/PrivateFrameworks/PhotosFormats.framework/Versions/A/PhotosFormats
0x00000001c6eb3000 	/System/Library/PrivateFrameworks/CloudPhotoLibrary.framework/Versions/A/CloudPhotoLibrary
0x00000001cfed8000 	/System/Library/PrivateFrameworks/CloudPhotoServices.framework/Versions/A/CloudPhotoServices
0x00000001cc66f000 	/System/Library/PrivateFrameworks/CoreMediaStream.framework/Versions/A/CoreMediaStream
0x00000001a42fc000 	/System/Library/PrivateFrameworks/CPAnalytics.framework/Versions/A/CPAnalytics
0x00000001c8d5b000 	/System/Library/PrivateFrameworks/MediaConversionService.framework/Versions/A/MediaConversionService
0x00000001aaa1f000 	/System/Library/PrivateFrameworks/PhotoFoundation.framework/Versions/A/PhotoFoundation
0x00000002584fd000 	/System/Library/PrivateFrameworks/PhotoLibraryServicesCore.framework/Versions/A/PhotoLibraryServicesCore
0x00000001c2ab2000 	/System/Library/PrivateFrameworks/MMCS.framework/Versions/A/MMCS
0x00000001a8fd0000 	/System/Library/PrivateFrameworks/ChunkingLibrary.framework/Versions/A/ChunkingLibrary
0x00000001a31af000 	/System/Library/PrivateFrameworks/AssetCacheServices.framework/Versions/A/AssetCacheServices
0x00000001a4ed7000 	/System/Library/PrivateFrameworks/AVFoundationCF.framework/Versions/A/AVFoundationCF
0x00000001df1ff000 	/usr/lib/swift/libswiftDemangle.dylib
0x00000001b58f6000 	/System/Library/PrivateFrameworks/MediaStream.framework/Versions/A/MediaStream
0x00000001c9275000 	/System/Library/PrivateFrameworks/NeutrinoCore.framework/Versions/A/NeutrinoCore
0x0000000194415000 	/System/Library/PrivateFrameworks/NLP.framework/Versions/A/NLP
0x00000001cec84000 	/System/Library/PrivateFrameworks/PhotoImaging.framework/Versions/A/PhotoImaging
0x00000001cfe99000 	/System/Library/PrivateFrameworks/PhotosImagingFoundation.framework/Versions/A/PhotosImagingFoundation
0x0000000258fd8000 	/System/Library/PrivateFrameworks/PhotosIntelligenceCore.framework/Versions/A/PhotosIntelligenceCore
0x00000001a536e000 	/System/Library/PrivateFrameworks/EmbeddedAcousticRecognition.framework/Versions/A/EmbeddedAcousticRecognition
0x00000001c711a000 	/System/Library/PrivateFrameworks/SDAPI.framework/Versions/A/SDAPI
0x00000001cfee6000 	/System/Library/PrivateFrameworks/AutoLoop.framework/Versions/A/AutoLoop
0x0000000259a41000 	/System/Library/PrivateFrameworks/Portrait.framework/Versions/A/Portrait
0x0000000236975000 	/System/Library/PrivateFrameworks/AppleDepth.framework/Versions/A/AppleDepth
0x000000024167f000 	/System/Library/PrivateFrameworks/FusionTracker.framework/Versions/A/FusionTracker
0x0000000236a63000 	/System/Library/PrivateFrameworks/AppleDepthCore.framework/Versions/A/AppleDepthCore
0x00000001b7ccb000 	/System/Library/PrivateFrameworks/iTunesCloud.framework/Versions/A/iTunesCloud
0x00000001c0577000 	/System/Library/PrivateFrameworks/DAAPKit.framework/Versions/A/DAAPKit
0x000000027595b000 	/usr/lib/swift/libswiftVideoToolbox.dylib
0x00000001b34cc000 	/System/Library/PrivateFrameworks/DeviceManagement.framework/Versions/A/DeviceManagement
0x00000001d5970000 	/System/Library/PrivateFrameworks/ScreenTimeUI.framework/Versions/A/ScreenTimeUI
0x00000001b5673000 	/System/Library/PrivateFrameworks/QuickLookNonBaseSystem.framework/Versions/A/QuickLookNonBaseSystem
0x00000001b5e42000 	/System/Library/PrivateFrameworks/Catalyst.framework/Versions/A/Catalyst
0x00000002511c5000 	/System/Library/PrivateFrameworks/ManagedSettingsObjC.framework/Versions/A/ManagedSettingsObjC
0x00000001b775c000 	/System/Library/PrivateFrameworks/ScreenTimeCore.framework/Versions/A/ScreenTimeCore
0x00000001c9e49000 	/System/Library/PrivateFrameworks/ScreenTimeServiceUI.framework/Versions/A/ScreenTimeServiceUI
0x00000001c2c3d000 	/System/Library/PrivateFrameworks/ConfigurationEngineModel.framework/Versions/A/ConfigurationEngineModel
0x00000001c595d000 	/System/Library/PrivateFrameworks/UsageTracking.framework/Versions/A/UsageTracking
0x00000001ef224000 	/System/Library/Frameworks/DeviceActivity.framework/Versions/A/DeviceActivity
0x00000001c592d000 	/System/Library/PrivateFrameworks/KnowledgeMonitor.framework/Versions/A/KnowledgeMonitor
0x00000001dc487000 	/System/Library/PrivateFrameworks/BluetoothManager.framework/Versions/A/BluetoothManager
0x00000001f037f000 	/System/Library/Frameworks/ManagedSettings.framework/Versions/A/ManagedSettings
0x00000002511fe000 	/System/Library/PrivateFrameworks/ManagedSettingsSupport.framework/Versions/A/ManagedSettingsSupport
0x00000001d9d84000 	/System/Library/Frameworks/ReplayKit.framework/Versions/A/ReplayKit
0x00000001abd4b000 	/System/Library/PrivateFrameworks/MarkupUI.framework/Versions/A/MarkupUI
0x00000001b564b000 	/System/Library/PrivateFrameworks/SidecarCore.framework/Versions/A/SidecarCore
0x00000001b80cc000 	/System/Library/PrivateFrameworks/AnnotationKit.framework/Versions/A/AnnotationKit
0x00000001f4cda000 	/System/Library/Frameworks/Translation.framework/Versions/A/Translation
0x00000001d18ae000 	/System/Library/PrivateFrameworks/RevealCore.framework/Versions/A/RevealCore
0x00000001d18a2000 	/System/Library/PrivateFrameworks/Reveal.framework/Versions/A/Reveal
0x0000000268fa2000 	/System/Library/PrivateFrameworks/TranslationUIServices.framework/Versions/A/TranslationUIServices
0x00000001b6872000 	/System/Library/Frameworks/PencilKit.framework/Versions/A/PencilKit
0x00000001b6a27000 	/System/Library/PrivateFrameworks/SidecarUI.framework/Versions/A/SidecarUI
0x00000001b621f000 	/System/Library/PrivateFrameworks/CoreHandwriting.framework/Versions/A/CoreHandwriting
0x000000018e5db000 	/usr/lib/libmecabra.dylib
0x00000001af5a6000 	/System/Library/PrivateFrameworks/Calculate.framework/Versions/A/Calculate
0x000000019cb3f000 	/usr/lib/libChineseTokenizer.dylib
0x00000001ea9e3000 	/System/Library/PrivateFrameworks/ScreenReaderCore.framework/Versions/A/ScreenReaderCore
0x00000002650d2000 	/System/Library/PrivateFrameworks/StocksKit.framework/Versions/A/StocksKit
0x00000001ae71f000 	/System/Library/PrivateFrameworks/OAuth.framework/Versions/A/OAuth
0x0000000264d7f000 	/System/Library/PrivateFrameworks/StocksCore.framework/Versions/A/StocksCore
0x0000000265de3000 	/System/Library/PrivateFrameworks/TeaFoundation.framework/Versions/A/TeaFoundation
0x0000000265fcc000 	/System/Library/PrivateFrameworks/TeaSettings.framework/Versions/A/TeaSettings
0x00000001e05c9000 	/System/Library/PrivateFrameworks/NewsCore.framework/Versions/A/NewsCore
0x0000000265d80000 	/System/Library/PrivateFrameworks/TeaDB.framework/Versions/A/TeaDB
0x00000001dd270000 	/System/Library/PrivateFrameworks/RemoteConfiguration.framework/Versions/A/RemoteConfiguration
0x00000001e0203000 	/System/Library/PrivateFrameworks/NewsTransport.framework/Versions/A/NewsTransport
0x00000001e05b9000 	/System/Library/PrivateFrameworks/NewsFoundation.framework/Versions/A/NewsFoundation
0x0000000254a5b000 	/System/Library/PrivateFrameworks/NewsURLBucket.framework/Versions/A/NewsURLBucket
0x00000001b9aeb000 	/System/Library/PrivateFrameworks/MobileInstallation.framework/Versions/A/MobileInstallation
0x0000000267fe9000 	/System/Library/PrivateFrameworks/TipKitCore.framework/Versions/A/TipKitCore
0x00000001be886000 	/System/Library/PrivateFrameworks/CoreCDPInternal.framework/Versions/A/CoreCDPInternal
0x00000001ae671000 	/System/Library/PrivateFrameworks/AccountsDaemon.framework/Versions/A/AccountsDaemon
0x000000025b14a000 	/System/Library/PrivateFrameworks/RegulatoryDomain.framework/Versions/A/RegulatoryDomain
0x00000001d61a0000 	/System/Library/PrivateFrameworks/MachineSettings.framework/Versions/A/MachineSettings
0x00000001c861b000 	/System/Library/PrivateFrameworks/BezelServices.framework/Versions/A/BezelServices
0x00000001c0600000 	/System/Library/PrivateFrameworks/SPOwner.framework/Versions/A/SPOwner
0x00000001b9926000 	/System/Library/PrivateFrameworks/FMCore.framework/Versions/A/FMCore
0x000000026fb5a000 	/System/Library/PrivateFrameworks/iCloudQuota.framework/Versions/A/iCloudQuota
0x00000001af0a2000 	/System/Library/PrivateFrameworks/CoreRecognition.framework/Versions/A/CoreRecognition
0x00000001c86d0000 	/System/Library/PrivateFrameworks/InAppMessages.framework/Versions/A/InAppMessages
0x00000001e972d000 	/System/Library/PrivateFrameworks/JetUI.framework/Versions/A/JetUI
0x000000024df61000 	/System/Library/PrivateFrameworks/JetPack.framework/Versions/A/JetPack
0x00000001c86c7000 	/System/Library/PrivateFrameworks/InAppMessagesCore.framework/Versions/A/InAppMessagesCore
0x000000026f252000 	/System/Library/PrivateFrameworks/_JetEngine_SwiftUI.framework/Versions/A/_JetEngine_SwiftUI
0x00000002656d0000 	/System/Library/PrivateFrameworks/Synapse.framework/Versions/A/Synapse
0x00000002396e9000 	/System/Library/PrivateFrameworks/CSExattrCrypto.framework/Versions/A/CSExattrCrypto
0x00000001aaa30000 	/System/Library/PrivateFrameworks/IMSharedUtilities.framework/Versions/A/IMSharedUtilities
0x00000001c39eb000 	/System/Library/Frameworks/InstantMessage.framework/Versions/A/InstantMessage
0x00000001bc46c000 	/System/Library/PrivateFrameworks/IDSKVStore.framework/Versions/A/IDSKVStore
0x00000001bc2ac000 	/System/Library/PrivateFrameworks/IMDPersistence.framework/Versions/A/IMDPersistence
0x0000000275877000 	/usr/lib/swift/libswiftAppleArchive.dylib
0x000000026a6d7000 	/System/Library/PrivateFrameworks/UserSafety.framework/Versions/A/UserSafety
0x00000001db6d9000 	/System/Library/PrivateFrameworks/BlastDoor.framework/Versions/A/BlastDoor
0x00000001f37b2000 	/System/Library/Frameworks/SensitiveContentAnalysis.framework/Versions/A/SensitiveContentAnalysis
0x000000024f047000 	/System/Library/PrivateFrameworks/LinkPresentationStyleSheetParsing.framework/Versions/A/LinkPresentationStyleSheetParsing
0x00000001b5ccb000 	/System/Library/PrivateFrameworks/CoreSDB.framework/Versions/A/CoreSDB
0x0000000237abd000 	/System/Library/PrivateFrameworks/AskToCore.framework/Versions/A/AskToCore
0x00000001baab5000 	/System/Library/PrivateFrameworks/StoreFoundation.framework/Versions/A/StoreFoundation
0x00000001b9920000 	/System/Library/PrivateFrameworks/ServerInformation.framework/Versions/A/ServerInformation
0x00000001b9391000 	/System/Library/PrivateFrameworks/Install.framework/Frameworks/DistributionKit.framework/Versions/A/DistributionKit
0x00000001b2f88000 	/System/Library/PrivateFrameworks/PackageKit.framework/Versions/A/PackageKit
0x00000001b93b4000 	/System/Library/PrivateFrameworks/OSPersonalization.framework/Versions/A/OSPersonalization
0x00000001bb021000 	/System/Library/PrivateFrameworks/BridgeOSSoftwareUpdate.framework/Versions/A/BridgeOSSoftwareUpdate
0x00000001b6147000 	/System/Library/PrivateFrameworks/StorageManagement.framework/Versions/A/StorageManagement
0x00000001c99d2000 	/usr/lib/libauthinstall.dylib
0x00000001bb02a000 	/System/Library/PrivateFrameworks/InstallerDiagnostics.framework/Versions/A/InstallerDiagnostics
0x00000001ca005000 	/usr/lib/libcrypto.42.dylib
0x00000001bb00f000 	/System/Library/PrivateFrameworks/GPUInfo.framework/Versions/A/GPUInfo
0x00000001c87c7000 	/System/Library/PrivateFrameworks/MobileActivationMacOS.framework/Versions/A/MobileActivationMacOS
0x0000000194b3a000 	/System/Library/Frameworks/Accounts.framework/Versions/A/Accounts
0x00000001bb06e000 	/System/Library/PrivateFrameworks/AOSKit.framework/Versions/A/AOSKit
0x000000019cc6f000 	/System/Library/PrivateFrameworks/AppSSOCore.framework/Versions/A/AppSSOCore
0x00000001a6d8f000 	/System/Library/PrivateFrameworks/AppSupport.framework/Versions/A/AppSupport
0x00000001b5151000 	/System/Library/Frameworks/AVFoundation.framework/Versions/A/AVFoundation
0x00000001a7605000 	/System/Library/PrivateFrameworks/DuetActivityScheduler.framework/Versions/A/DuetActivityScheduler
0x00000001b5c72000 	/System/Library/PrivateFrameworks/FTServices.framework/Versions/A/FTServices
0x00000001c6dec000 	/System/Library/PrivateFrameworks/NetworkServiceProxy.framework/Versions/A/NetworkServiceProxy
0x00000001a527b000 	/System/Library/PrivateFrameworks/Rapport.framework/Versions/A/Rapport
0x0000000265433000 	/System/Library/PrivateFrameworks/Symptoms.framework/Versions/A/Frameworks/SymptomAnalytics.framework/Versions/A/SymptomAnalytics
0x00000001a2e1b000 	/usr/lib/libnetworkextension.dylib
0x00000001dc29d000 	/System/Library/Frameworks/CryptoKit.framework/Versions/A/CryptoKit
0x00000001a75a3000 	/System/Library/PrivateFrameworks/CryptoKitCBridging.framework/Versions/A/CryptoKitCBridging
0x00000001a4df1000 	/System/Library/Frameworks/CryptoTokenKit.framework/Versions/A/CryptoTokenKit
0x00000001d04f0000 	/usr/lib/swift/libswiftCryptoTokenKit.dylib
0x00000001a4e55000 	/System/Library/Frameworks/LocalAuthentication.framework/Versions/A/LocalAuthentication
0x000000024f21c000 	/System/Library/PrivateFrameworks/LocalAuthenticationCore.framework/Versions/A/LocalAuthenticationCore
0x00000001a4eaa000 	/System/Library/Frameworks/LocalAuthentication.framework/Support/SharedUtils.framework/Versions/A/SharedUtils
0x00000001a3e7e000 	/System/Library/PrivateFrameworks/SymptomDiagnosticReporter.framework/Versions/A/SymptomDiagnosticReporter
0x000000023edfc000 	/System/Library/PrivateFrameworks/CryptoKitPrivate.framework/Versions/A/CryptoKitPrivate
0x00000001a42a3000 	/System/Library/PrivateFrameworks/GenerationalStorage.framework/Versions/A/GenerationalStorage
0x000000019f803000 	/System/Library/PrivateFrameworks/CacheDelete.framework/Versions/A/CacheDelete
0x00000001a76e2000 	/System/Library/Frameworks/QuickLookThumbnailing.framework/Versions/A/QuickLookThumbnailing
0x00000001a40d5000 	/System/Library/Frameworks/FileProvider.framework/Versions/A/FileProvider
0x0000000192878000 	/System/Library/PrivateFrameworks/DesktopServicesPriv.framework/Versions/A/DesktopServicesPriv
0x00000001aa782000 	/System/Library/PrivateFrameworks/AssistantServices.framework/Versions/A/AssistantServices
0x00000001a507e000 	/System/Library/PrivateFrameworks/SAObjects.framework/Versions/A/SAObjects
0x00000001aa3ba000 	/System/Library/PrivateFrameworks/MediaRemote.framework/Versions/A/MediaRemote
0x00000001984ac000 	/System/Library/Frameworks/CoreLocation.framework/Versions/A/CoreLocation
0x00000001bb4c5000 	/System/Library/PrivateFrameworks/SiriInstrumentation.framework/Versions/A/SiriInstrumentation
0x000000025d245000 	/System/Library/PrivateFrameworks/SiriAnalytics.framework/Versions/A/SiriAnalytics
0x0000000262dfd000 	/System/Library/PrivateFrameworks/SiriTTSService.framework/Versions/A/SiriTTSService
0x000000025dc01000 	/System/Library/PrivateFrameworks/SiriCrossDeviceArbitration.framework/Versions/A/SiriCrossDeviceArbitration
0x00000001b915e000 	/System/Library/PrivateFrameworks/FeedbackLogger.framework/Versions/A/FeedbackLogger
0x00000001a8618000 	/System/Library/PrivateFrameworks/ProactiveSupport.framework/Versions/A/ProactiveSupport
0x000000023826a000 	/System/Library/PrivateFrameworks/BiomeLibrary.framework/Versions/A/BiomeLibrary
0x00000001c3b22000 	/System/Library/PrivateFrameworks/BiomeStreams.framework/Versions/A/BiomeStreams
0x000000025dc55000 	/System/Library/PrivateFrameworks/SiriCrossDeviceArbitrationFeedback.framework/Versions/A/SiriCrossDeviceArbitrationFeedback
0x0000000247640000 	/System/Library/PrivateFrameworks/GenerativeModels.framework/Versions/A/GenerativeModels
0x00000001aeec3000 	/System/Library/PrivateFrameworks/MediaServices.framework/Versions/A/MediaServices
0x00000001a02ed000 	/System/Library/PrivateFrameworks/IDS.framework/Versions/A/IDS
0x000000019d05c000 	/System/Library/PrivateFrameworks/PersistentConnection.framework/Versions/A/PersistentConnection
0x000000019ef8d000 	/System/Library/PrivateFrameworks/IMFoundation.framework/Versions/A/IMFoundation
0x00000001af057000 	/System/Library/PrivateFrameworks/Marco.framework/Versions/A/Marco
0x00000001a04ba000 	/System/Library/PrivateFrameworks/IDSFoundation.framework/Versions/A/IDSFoundation
0x0000000194bbf000 	/System/Library/PrivateFrameworks/CommonUtilities.framework/Versions/A/CommonUtilities
0x00000001abd77000 	/System/Library/PrivateFrameworks/Engram.framework/Versions/A/Engram
0x00000001abd17000 	/usr/lib/libtidy.A.dylib
0x000000019d399000 	/System/Library/PrivateFrameworks/Bom.framework/Versions/A/Bom
0x000000019f35f000 	/usr/lib/libParallelCompression.dylib
0x00000001c360b000 	/System/Library/PrivateFrameworks/FTAWD.framework/Versions/A/FTAWD
0x00000001a0ee7000 	/System/Library/PrivateFrameworks/GeoServices.framework/Versions/A/GeoServices
0x000000019f007000 	/System/Library/PrivateFrameworks/LocationSupport.framework/Versions/A/LocationSupport
0x0000000247868000 	/System/Library/PrivateFrameworks/GeoServicesCore.framework/Versions/A/GeoServicesCore
0x00000001afa7e000 	/System/Library/PrivateFrameworks/PhoneNumbers.framework/Versions/A/PhoneNumbers
0x000000023f304000 	/System/Library/PrivateFrameworks/Dendrite.framework/Versions/A/Dendrite
0x0000000237be3000 	/System/Library/PrivateFrameworks/AtomicsInternal.framework/Versions/A/AtomicsInternal
0x00000001c9ead000 	/System/Library/PrivateFrameworks/BiomeStorage.framework/Versions/A/BiomeStorage
0x000000024d840000 	/System/Library/PrivateFrameworks/IntelligencePlatformLibrary.framework/Versions/A/IntelligencePlatformLibrary
0x00000002599a8000 	/System/Library/PrivateFrameworks/PoirotSchematizer.framework/Versions/A/PoirotSchematizer
0x0000000238904000 	/System/Library/PrivateFrameworks/BiomeSync.framework/Versions/A/BiomeSync
0x000000023824b000 	/System/Library/PrivateFrameworks/BiomeFlexibleStorage.framework/Versions/A/BiomeFlexibleStorage
0x00000001c0520000 	/System/Library/PrivateFrameworks/BiomeFoundation.framework/Versions/A/BiomeFoundation
0x000000023822f000 	/System/Library/PrivateFrameworks/BiomeDSL.framework/Versions/A/BiomeDSL
0x00000001c9e50000 	/System/Library/PrivateFrameworks/BiomePubSub.framework/Versions/A/BiomePubSub
0x0000000259a15000 	/System/Library/PrivateFrameworks/PoirotUDFs.framework/Versions/A/PoirotUDFs
0x0000000259977000 	/System/Library/PrivateFrameworks/PoirotSQLite.framework/Versions/A/PoirotSQLite
0x00000001a7097000 	/System/Library/PrivateFrameworks/InternationalTextSearch.framework/Versions/A/InternationalTextSearch
0x0000000239cf0000 	/System/Library/PrivateFrameworks/CascadeSets.framework/Versions/A/CascadeSets
0x00000001bd063000 	/usr/lib/libtailspin.dylib
0x00000001cffee000 	/System/Library/PrivateFrameworks/Osprey.framework/Versions/A/Osprey
0x000000026247c000 	/System/Library/PrivateFrameworks/SiriTTS.framework/Versions/A/SiriTTS
0x00000001b5d8f000 	/System/Library/Frameworks/NaturalLanguage.framework/Versions/A/NaturalLanguage
0x00000002611b6000 	/System/Library/PrivateFrameworks/SiriPowerInstrumentation.framework/Versions/A/SiriPowerInstrumentation
0x00000001b6bb4000 	/System/Library/PrivateFrameworks/Trial.framework/Versions/A/Trial
0x00000001b6b36000 	/System/Library/PrivateFrameworks/TrialProto.framework/Versions/A/TrialProto
0x0000000269f4d000 	/System/Library/PrivateFrameworks/UnifiedAssetFramework.framework/Versions/A/UnifiedAssetFramework
0x00000001d1fc4000 	/usr/lib/swift/libswiftAVFoundation.dylib
0x00000001bc269000 	/usr/lib/swift/libswiftCoreMIDI.dylib
0x00000001d04f2000 	/usr/lib/swift/libswiftCoreMedia.dylib
0x00000001e0eef000 	/usr/lib/swift/libswiftNaturalLanguage.dylib
0x0000000265d7e000 	/System/Library/PrivateFrameworks/TailspinSymbolication.framework/Versions/A/TailspinSymbolication
0x000000023f013000 	/System/Library/PrivateFrameworks/Darwinup.framework/Versions/A/Darwinup
0x00000001c8dc8000 	/System/Library/PrivateFrameworks/SignpostSupport.framework/Versions/A/SignpostSupport
0x00000001b5c58000 	/System/Library/PrivateFrameworks/FeatureFlagsSupport.framework/Versions/A/FeatureFlagsSupport
0x00000001c852b000 	/System/Library/PrivateFrameworks/ktrace.framework/Versions/A/ktrace
0x00000001c9048000 	/System/Library/PrivateFrameworks/SampleAnalysis.framework/Versions/A/SampleAnalysis
0x00000001d188a000 	/System/Library/PrivateFrameworks/kperfdata.framework/Versions/A/kperfdata
0x00000001a0dc8000 	/usr/lib/libdscsym.dylib
0x00000001d1d22000 	/System/Library/PrivateFrameworks/BulkSymbolication.framework/Versions/A/BulkSymbolication
0x00000001a772e000 	/System/Library/PrivateFrameworks/Espresso.framework/Versions/A/Espresso
0x0000000197155000 	/System/Library/Frameworks/CoreML.framework/Versions/A/CoreML
0x00000001df1c9000 	/usr/lib/libedit.3.dylib
0x00000001ead9f000 	/System/Library/PrivateFrameworks/ANECompiler.framework/Versions/A/ANECompiler
0x00000001a9714000 	/System/Library/PrivateFrameworks/AppleNeuralEngine.framework/Versions/A/AppleNeuralEngine
0x00000001f103e000 	/System/Library/Frameworks/MetalPerformanceShadersGraph.framework/Versions/A/MetalPerformanceShadersGraph
0x000000024fd14000 	/System/Library/PrivateFrameworks/MLCompilerServices.framework/Versions/A/MLCompilerServices
0x00000001a85ea000 	/System/Library/PrivateFrameworks/ANEServices.framework/Versions/A/ANEServices
0x00000001bade3000 	/usr/lib/libncurses.5.4.dylib
0x00000001911c4000 	/usr/lib/libsandbox.1.dylib
0x000000019cdf1000 	/usr/lib/libMatch.1.dylib
0x000000024fcb8000 	/System/Library/PrivateFrameworks/MLCompilerRuntime.framework/Versions/A/MLCompilerRuntime
0x000000019abc7000 	/System/Library/Frameworks/MLCompute.framework/Versions/A/MLCompute
0x000000024fb67000 	/System/Library/PrivateFrameworks/MLAssetIO.framework/Versions/A/MLAssetIO
0x00000002758b9000 	/usr/lib/swift/libswiftMLCompute.dylib
0x00000001a49e4000 	/System/Library/PrivateFrameworks/AVFCore.framework/Versions/A/AVFCore
0x00000001ad7b2000 	/System/Library/PrivateFrameworks/AVFCapture.framework/Versions/A/AVFCapture
0x0000000239405000 	/System/Library/PrivateFrameworks/CMImaging.framework/Versions/A/CMImaging
0x00000001ad9ca000 	/System/Library/PrivateFrameworks/Quagga.framework/Versions/A/Quagga
0x00000001adafd000 	/System/Library/PrivateFrameworks/CMCapture.framework/Versions/A/CMCapture
0x000000019f433000 	/System/Library/Frameworks/CoreMediaIO.framework/Versions/A/CoreMediaIO
0x000000023933b000 	/System/Library/PrivateFrameworks/CMCaptureDevice.framework/Versions/A/CMCaptureDevice
0x000000023a12b000 	/System/Library/PrivateFrameworks/CinematicFraming.framework/Versions/A/CinematicFraming
0x00000001b4d7a000 	/System/Library/Frameworks/CoreMotion.framework/Versions/A/CoreMotion
0x00000001c3aa4000 	/System/Library/PrivateFrameworks/TimeSync.framework/Versions/A/TimeSync
0x000000023f89c000 	/System/Library/PrivateFrameworks/DistributedSensing.framework/Versions/A/DistributedSensing
0x00000001bf973000 	/System/Library/PrivateFrameworks/MobileBluetooth.framework/Versions/A/MobileBluetooth
0x00000001c5566000 	/System/Library/PrivateFrameworks/IOKitten.framework/Versions/A/IOKitten
0x000000018f699000 	/System/Library/PrivateFrameworks/LanguageModeling.framework/Versions/A/LanguageModeling
0x0000000194201000 	/System/Library/PrivateFrameworks/Montreal.framework/Versions/A/Montreal
0x000000019b4f4000 	/usr/lib/libcmph.dylib
0x0000000247702000 	/System/Library/PrivateFrameworks/GenerativeModelsFoundation.framework/Versions/A/GenerativeModelsFoundation
0x0000000268314000 	/System/Library/PrivateFrameworks/TokenGeneration.framework/Versions/A/TokenGeneration
0x00000002474d9000 	/System/Library/PrivateFrameworks/GenerativeFunctions.framework/Versions/A/GenerativeFunctions
0x000000024752a000 	/System/Library/PrivateFrameworks/GenerativeFunctionsFoundation.framework/Versions/A/GenerativeFunctionsFoundation
0x0000000252abb000 	/System/Library/PrivateFrameworks/ModelCatalog.framework/Versions/A/ModelCatalog
0x000000025cb42000 	/System/Library/PrivateFrameworks/SensitiveContentAnalysisML.framework/Versions/A/SensitiveContentAnalysisML
0x00000002475d9000 	/System/Library/PrivateFrameworks/GenerativeFunctionsInstrumentation.framework/Versions/A/GenerativeFunctionsInstrumentation
0x000000025aa3a000 	/System/Library/PrivateFrameworks/PromptKit.framework/Versions/A/PromptKit
0x000000025a564000 	/System/Library/PrivateFrameworks/ProactiveDaemonSupport.framework/Versions/A/ProactiveDaemonSupport
0x00000002684cc000 	/System/Library/PrivateFrameworks/TokenGenerationCore.framework/Versions/A/TokenGenerationCore
0x000000026b5c4000 	/System/Library/PrivateFrameworks/VectorSearch.framework/Versions/A/VectorSearch
0x0000000252d80000 	/System/Library/PrivateFrameworks/ModelManagerServices.framework/Versions/A/ModelManagerServices
0x0000000236b45000 	/System/Library/PrivateFrameworks/AppleFlatBuffers.framework/Versions/A/AppleFlatBuffers
0x00000001a7162000 	/System/Library/PrivateFrameworks/AppleAccount.framework/Versions/A/AppleAccount
0x00000001af46d000 	/System/Library/PrivateFrameworks/ProactiveEventTracker.framework/Versions/A/ProactiveEventTracker
0x000000023373f000 	/System/Library/PrivateFrameworks/AAAFoundation.framework/Versions/A/AAAFoundation
0x0000000196c52000 	/System/Library/PrivateFrameworks/ApplePushService.framework/Versions/A/ApplePushService
0x000000019afc5000 	/System/Library/PrivateFrameworks/AuthKit.framework/Versions/A/AuthKit
0x000000023375b000 	/System/Library/PrivateFrameworks/AAAFoundationSwift.framework/Versions/A/AAAFoundationSwift
0x00000001a73b7000 	/System/Library/PrivateFrameworks/AppleIDSSOAuthentication.framework/Versions/A/AppleIDSSOAuthentication
0x00000001c2d96000 	/usr/lib/swift/libswiftCompression.dylib
0x00000001cb41d000 	/System/Library/PrivateFrameworks/DeviceIdentity.framework/Versions/A/DeviceIdentity
0x000000019f351000 	/System/Library/PrivateFrameworks/MultiverseSupport.framework/Versions/A/MultiverseSupport
0x00000001a3fb1000 	/System/Library/PrivateFrameworks/DiskManagement.framework/Versions/A/DiskManagement
0x00000001a3ebd000 	/System/Library/PrivateFrameworks/AppleIDAuthSupport.framework/Versions/A/AppleIDAuthSupport
0x000000019f84f000 	/System/Library/PrivateFrameworks/KeychainCircle.framework/Versions/A/KeychainCircle
0x00000001afa80000 	/System/Library/PrivateFrameworks/URLFormatting.framework/Versions/A/URLFormatting
0x00000001a6cfb000 	/usr/lib/libcsfde.dylib
0x000000019cdf9000 	/usr/lib/libCoreStorage.dylib
0x00000001a0c0e000 	/System/Library/PrivateFrameworks/ProtectedCloudStorage.framework/Versions/A/ProtectedCloudStorage
0x00000001a6cf6000 	/System/Library/PrivateFrameworks/EFILogin.framework/Versions/A/EFILogin
0x00000001aed28000 	/System/Library/PrivateFrameworks/CloudServices.framework/Versions/A/CloudServices
0x00000001a42ca000 	/System/Library/PrivateFrameworks/OctagonTrust.framework/Versions/A/OctagonTrust
0x000000025cccd000 	/System/Library/PrivateFrameworks/SentencePieceInternal.framework/Versions/A/SentencePieceInternal
0x00000001a3249000 	/System/Library/Frameworks/Vision.framework/Versions/A/Vision
0x000000023ea67000 	/System/Library/PrivateFrameworks/CoreSceneUnderstanding.framework/Versions/A/CoreSceneUnderstanding
0x000000026c14f000 	/System/Library/PrivateFrameworks/VisionCore.framework/Versions/A/VisionCore
0x00000001be964000 	/System/Library/Frameworks/Vision.framework/libfaceCore.dylib
0x00000001bf45e000 	/System/Library/PrivateFrameworks/Futhark.framework/Versions/A/Futhark
0x00000001c2b5e000 	/System/Library/PrivateFrameworks/InertiaCam.framework/Versions/A/InertiaCam
0x00000001bf211000 	/System/Library/PrivateFrameworks/TextRecognition.framework/Versions/A/TextRecognition
0x000000019cc8f000 	/System/Library/PrivateFrameworks/CVNLP.framework/Versions/A/CVNLP
0x000000024625b000 	/System/Library/PrivateFrameworks/GRDBInternal.framework/Versions/A/GRDBInternal
0x00000001bc253000 	/usr/lib/swift/libswiftCoreLocation.dylib
0x00000001a074e000 	/System/Library/PrivateFrameworks/Sharing.framework/Versions/A/Sharing
0x00000001a66ba000 	/System/Library/PrivateFrameworks/Apple80211.framework/Versions/A/Apple80211
0x000000019a581000 	/System/Library/Frameworks/CoreWLAN.framework/Versions/A/CoreWLAN
0x00000001b537c000 	/System/Library/PrivateFrameworks/FindMyDevice.framework/Versions/A/FindMyDevice
0x00000001aae8d000 	/System/Library/PrivateFrameworks/FMCoreLite.framework/Versions/A/FMCoreLite
0x0000000192ae3000 	/System/Library/PrivateFrameworks/CoreDuet.framework/Versions/A/CoreDuet
0x00000001a6013000 	/System/Library/PrivateFrameworks/CoreDuetContext.framework/Versions/A/CoreDuetContext
0x0000000196cba000 	/System/Library/Frameworks/CloudKit.framework/Versions/A/CloudKit
0x00000001a6069000 	/System/Library/Frameworks/Intents.framework/Versions/A/Intents
0x00000001a8792000 	/System/Library/PrivateFrameworks/CoreDuetDaemonProtocol.framework/Versions/A/CoreDuetDaemonProtocol
0x00000001f3872000 	/System/Library/Frameworks/SharedWithYouCore.framework/Versions/A/SharedWithYouCore
0x00000001a7688000 	/System/Library/PrivateFrameworks/C2.framework/Versions/A/C2
0x000000023a4d9000 	/System/Library/PrivateFrameworks/CloudAssets.framework/Versions/A/CloudAssets
0x00000001a767f000 	/System/Library/Frameworks/PushKit.framework/Versions/A/PushKit
0x00000001a9482000 	/System/Library/PrivateFrameworks/RTCReporting.framework/Versions/A/RTCReporting
0x00000001a766e000 	/System/Library/PrivateFrameworks/IntentsFoundation.framework/Versions/A/IntentsFoundation
0x00000001a0076000 	/System/Library/Frameworks/NetworkExtension.framework/Versions/A/NetworkExtension
0x00000001ba964000 	/System/Library/PrivateFrameworks/CaptiveNetwork.framework/Versions/A/CaptiveNetwork
0x00000001a6c07000 	/System/Library/PrivateFrameworks/EAP8021X.framework/Versions/A/EAP8021X
0x00000001c9014000 	/System/Library/PrivateFrameworks/UIKitServices.framework/Versions/A/UIKitServices
0x0000000166388000 	/System/Library/Extensions/AGXMetalG16G_B0.bundle/Contents/MacOS/AGXMetalG16G_B0
0x00000001aed75000 	/System/Library/PrivateFrameworks/IOGPU.framework/Versions/A/IOGPU
0x00000001384a4000 	/Library/Java/JavaVirtualMachines/temurin-25.jdk/Contents/Home/lib/libosxui.dylib
0x0000000266339000 	/System/Library/PrivateFrameworks/TextInputUI.framework/Versions/A/TextInputUI
0x000000026635d000 	/System/Library/PrivateFrameworks/TextInputUIMacHelper.framework/Versions/A/TextInputUIMacHelper
0x000000025c161000 	/System/Library/PrivateFrameworks/Sage.framework/Versions/A/Sage
0x00000001ea4d8000 	/System/Library/PrivateFrameworks/VoiceShortcutClient.framework/Versions/A/VoiceShortcutClient
0x00000001bcd2f000 	/System/Library/PrivateFrameworks/ChronoServices.framework/Versions/A/ChronoServices
0x000000025b7d6000 	/System/Library/PrivateFrameworks/ReplicatorEngine.framework/Versions/A/ReplicatorEngine
0x000000025b989000 	/System/Library/PrivateFrameworks/ReplicatorServices.framework/Versions/A/ReplicatorServices
0x000000026594c000 	/System/Library/PrivateFrameworks/SystemWake.framework/Versions/A/SystemWake
0x00000001d584d000 	/System/Library/PrivateFrameworks/Shortcut.framework/Versions/A/Shortcut
0x00000001d581b000 	/System/Library/PrivateFrameworks/HelpData.framework/Versions/A/HelpData

JVMTI agents: none


VM Arguments:
jvm_args: --enable-preview -XX:+ShowCodeDetailsInExceptionMessages 
java_command: pws.editor.PWSEditor
java_class_path (initial): /Users/lucapazzi/VSCode Projects/PWSEditor-3.0/out:/Users/lucapazzi/VSCode Projects/PWSEditor-3.0/lib/pdfbox-2.0.29.jar:/Users/lucapazzi/VSCode Projects/PWSEditor-3.0/lib/fontbox-2.0.29.jar:/Users/lucapazzi/VSCode Projects/PWSEditor-3.0/lib/pdfbox-graphics2d-0.6.0.jar:/Users/lucapazzi/VSCode Projects/PWSEditor-3.0/lib/graphics2d-3.0.3.jar:/Users/lucapazzi/VSCode Projects/PWSEditor-3.0/lib/commons-logging-1.2.jar
Launcher Type: SUN_STANDARD

[Global flags]
     intx CICompilerCount                          = 4                                         {product} {ergonomic}
     uint ConcGCThreads                            = 2                                         {product} {ergonomic}
     uint G1ConcRefinementThreads                  = 9                                         {product} {ergonomic}
   size_t G1HeapRegionSize                         = 4194304                                   {product} {ergonomic}
   size_t InitialHeapSize                          = 402653184                                 {product} {ergonomic}
   size_t MarkStackSize                            = 4194304                                   {product} {ergonomic}
   size_t MarkStackSizeMax                         = 536870912                                 {product} {ergonomic}
   size_t MaxHeapSize                              = 6442450944                                {product} {ergonomic}
   size_t MaxNewSize                               = 3862953984                                {product} {ergonomic}
   size_t MinHeapDeltaBytes                        = 4194304                                   {product} {ergonomic}
   size_t MinHeapSize                              = 8388608                                   {product} {ergonomic}
    uintx NonNMethodCodeHeapSize                   = 5832704                                {pd product} {ergonomic}
    uintx NonProfiledCodeHeapSize                  = 122929152                              {pd product} {ergonomic}
    uintx ProfiledCodeHeapSize                     = 122896384                              {pd product} {ergonomic}
    uintx ReservedCodeCacheSize                    = 251658240                              {pd product} {ergonomic}
     bool SegmentedCodeCache                       = true                                      {product} {ergonomic}
     bool ShowCodeDetailsInExceptionMessages       = true                                   {manageable} {command line}
   size_t SoftMaxHeapSize                          = 6442450944                             {manageable} {ergonomic}
     bool UseCompressedOops                        = true                           {product lp64_product} {ergonomic}
     bool UseG1GC                                  = true                                      {product} {ergonomic}
     bool UseNUMA                                  = false                                     {product} {ergonomic}
     bool UseNUMAInterleaving                      = false                                     {product} {ergonomic}

Logging:
Log output configuration:
 #0: stdout all=warning uptime,level,tags foldmultilines=false
 #1: stderr all=off uptime,level,tags foldmultilines=false

Release file:
IMPLEMENTOR="Eclipse Adoptium"
IMPLEMENTOR_VERSION="Temurin-25.0.1+8"
JAVA_RUNTIME_VERSION="25.0.1+8-LTS"
JAVA_VERSION="25.0.1"
JAVA_VERSION_DATE="2025-10-21"
LIBC="default"
MODULES="java.base java.compiler java.datatransfer java.xml java.prefs java.desktop java.instrument java.logging java.management java.security.sasl java.naming java.rmi java.management.rmi java.net.http java.scripting java.security.jgss java.transaction.xa java.sql java.sql.rowset java.xml.crypto java.se java.smartcardio jdk.accessibility jdk.internal.jvmstat jdk.attach jdk.charsets jdk.internal.opt jdk.zipfs jdk.compiler jdk.crypto.cryptoki jdk.crypto.ec jdk.dynalink jdk.internal.ed jdk.editpad jdk.internal.vm.ci jdk.graal.compiler jdk.graal.compiler.management jdk.hotspot.agent jdk.httpserver jdk.incubator.vector jdk.internal.le jdk.internal.md jdk.jartool jdk.javadoc jdk.jcmd jdk.management jdk.management.agent jdk.jconsole jdk.jdeps jdk.jdwp.agent jdk.jdi jdk.jfr jdk.jlink jdk.jpackage jdk.jshell jdk.jsobject jdk.jstatd jdk.localedata jdk.management.jfr jdk.naming.dns jdk.naming.rmi jdk.net jdk.nio.mapmode jdk.sctp jdk.security.auth jdk.security.jgss jdk.unsupported jdk.unsupported.desktop jdk.xml.dom"
OS_ARCH="aarch64"
OS_NAME="Darwin"
SOURCE=".:git:61d6a2c1b35e"
BUILD_SOURCE="git:839fa0b45d809157cffd3dc8515aad262a4a1776"
BUILD_SOURCE_REPO="https://github.com/adoptium/temurin-build.git"
SOURCE_REPO="https://github.com/adoptium/jdk25u.git"
FULL_VERSION="25.0.1+8-LTS"
SEMANTIC_VERSION="25.0.1+8"
BUILD_INFO="OS: macOS Version: 14.7.7 23H723"
JVM_VARIANT="Hotspot"
JVM_VERSION="25.0.1+8-LTS"
IMAGE_TYPE="JDK"

Environment Variables:
PATH=/Users/lucapazzi/Library/Application Support/Code/User/globalStorage/github.copilot-chat/debugCommand:/Users/lucapazzi/Library/Application Support/Code/User/globalStorage/github.copilot-chat/copilotCli:/opt/local/bin:/opt/local/sbin:/opt/homebrew/bin:/opt/homebrew/sbin:/usr/local/bin:/System/Cryptexes/App/usr/bin:/usr/bin:/bin:/usr/sbin:/sbin:/var/run/com.apple.security.cryptexd/codex.system/bootstrap/usr/local/bin:/var/run/com.apple.security.cryptexd/codex.system/bootstrap/usr/bin:/var/run/com.apple.security.cryptexd/codex.system/bootstrap/usr/appleinternal/bin:/opt/X11/bin:/Library/Apple/usr/bin:/Library/TeX/texbin:/Applications/VMware Fusion.app/Contents/Public:/usr/local/share/dotnet:~/.dotnet/tools:/Library/Frameworks/Mono.framework/Versions/Current/Commands:/Users/lucapazzi/Library/Application Support/Code/User/globalStorage/github.copilot-chat/debugCommand:/Users/lucapazzi/Library/Application Support/Code/User/globalStorage/github.copilot-chat/copilotCli:/opt/local/bin:/opt/local/sbin:/Users/lucapazzi/.vscode/extensions/vscjava.vscode-java-debug-0.59.0/bundled/scripts/noConfigScripts
SHELL=/bin/zsh
DISPLAY=/private/tmp/com.apple.launchd.CVMZ3UhBCX/org.xquartz:0
LANG=en_US.UTF-8
TERM=xterm-256color
TMPDIR=/var/folders/cg/lgwyfrw50kd09wjwwr5h440h0000gn/T/

Active Locale:
LC_ALL=en_US.UTF-8
LC_COLLATE=en_US.UTF-8
LC_CTYPE=en_US.UTF-8
LC_MESSAGES=en_US.UTF-8
LC_MONETARY=en_US.UTF-8
LC_NUMERIC=en_US.UTF-8
LC_TIME=en_US.UTF-8

Signal Handlers:
   SIGSEGV: crash_handler in libjvm.dylib, mask=11100110000111110111111111111111, flags=SA_ONSTACK|SA_RESTART|SA_SIGINFO, unblocked
    SIGBUS: crash_handler in libjvm.dylib, mask=11100110000111110111111111111111, flags=SA_RESTART|SA_SIGINFO, unblocked
    SIGFPE: crash_handler in libjvm.dylib, mask=11100110000111110111111111111111, flags=SA_RESTART|SA_SIGINFO, unblocked
   SIGPIPE: javaSignalHandler in libjvm.dylib, mask=11100110000111110111111111111111, flags=SA_RESTART|SA_SIGINFO, blocked
   SIGXFSZ: javaSignalHandler in libjvm.dylib, mask=11100110000111110111111111111111, flags=SA_RESTART|SA_SIGINFO, blocked
    SIGILL: crash_handler in libjvm.dylib, mask=11100110000111110111111111111111, flags=SA_RESTART|SA_SIGINFO, unblocked
   SIGUSR2: SR_handler in libjvm.dylib, mask=00000000000000000000000000000000, flags=SA_RESTART|SA_SIGINFO, blocked
    SIGHUP: UserHandler in libjvm.dylib, mask=11100110000111110111111111111111, flags=SA_RESTART|SA_SIGINFO, blocked
    SIGINT: UserHandler in libjvm.dylib, mask=11100110000111110111111111111111, flags=SA_RESTART|SA_SIGINFO, blocked
   SIGTERM: UserHandler in libjvm.dylib, mask=11100110000111110111111111111111, flags=SA_RESTART|SA_SIGINFO, blocked
   SIGQUIT: UserHandler in libjvm.dylib, mask=11100110000111110111111111111111, flags=SA_RESTART|SA_SIGINFO, blocked
   SIGTRAP: crash_handler in libjvm.dylib, mask=11100110000111110111111111111111, flags=SA_RESTART|SA_SIGINFO, unblocked


Compilation memory statistics disabled.

Periodic native trim disabled

---------------  S Y S T E M  ---------------

OS:
uname: Darwin 24.6.0 Darwin Kernel Version 24.6.0: Fri Feb 27 19:34:58 PST 2026; root:xnu-11417.140.69.709.8~1/RELEASE_ARM64_T8132 arm64
OS uptime: 1 days 10:16 hours
rlimit (soft/hard): STACK 8176k/65520k , CORE 0k/infinity , NPROC 4000/6000 , NOFILE 1048576/infinity , AS infinity/infinity , CPU infinity/infinity , DATA infinity/infinity , FSIZE infinity/infinity , MEMLOCK infinity/infinity , RSS infinity/infinity
load average: 3.19 2.78 2.80

CPU: total 10 (initial active 10) 0x61:0x0:0x6f5129ac:0, fp, asimd, aes, pmull, sha1, sha256, crc32, lse, sha3, sha512
machdep.cpu.brand_string:Apple M4
hw.cachelinesize:128
hw.l1icachesize:131072
hw.l1dcachesize:65536
hw.l2cachesize:4194304

Memory: 16k page, physical 25165824k(823456k free), swap 0k(0k free)

vm_info: OpenJDK 64-Bit Server VM (25.0.1+8-LTS) for bsd-aarch64 JRE (25.0.1+8-LTS), built on 2025-10-21T00:00:00Z with clang Apple LLVM 15.0.0 (clang-1500.1.0.2.5)

END.
